row,source_label,narrative
3000,Money transfer or service,"On XX/XX/XXXX I confirmed to make a new business PayPal account rather than using my personal account because i was confusing my transactions and not able to keep track of them. After a few days I begun receiving funds for my sales and sending invoices to some of my buyers, one is currently on a payment plan while the other paid in full. The transaction that was paid in full was around XXXX for a signed item. I added a tracking number for the product and the person who paid for it received it in the mail accordingly. The money was still on hold after a long time so I decided to enter more of my information into PayPal website to get my account a faster money transfer because its a high amount to have on hold. After adding my information into PayPal they said it would be under review after more than a week I hadnt heard back and emailed them. They said they would take a bit longer to confirm, later finally my account gets confirmed but then says theyve decided to permanently ban me for suspicious activity when I only have 3 transactions on my new business account with all the information needed and provided. They are holding more than XXXX of my money and I need to access this and be able to continue my business. Its a new account so I dont understand how theres been suspicious activity or breach of contract. I spoke to a PayPal representative and they said sometimes PayPal makes an error when banning accounts and I should call legal department but they did not answer or acknowledge my concerns. They can not provide proof of anything suspicious or illegal ive done because there IS nothing Ive done."
3001,Credit card,"Hello, I've been having a hardship with work and through the time of covid 19. I received my stimulus check and went to pay off my credit card yesterday XX/XX/2020. Payment went through and Capitol One charged me fees of {$11.00} internet fee? So I pay my debt off and they punish me again through this terrible time of struggle. 

Please help me with this situation. 

Capitol one. Credit Card Hit with {$11.00} interest fee after paying off whole card."
3002,Credit card,"I am filing this complaint regarding a Bank of America credit card account that was reported as more than XXXX days past due. I understand that I missed the payment, and I am not asking to dispute the late fee. My main concern is the severe credit reporting impact and the lack of meaningful notice before the account reached the XXXX reporting threshold. I only became aware of the issue on XX/XX/year>, after receiving an alert from XXXX XXXX XXXX stating that XXXX of my account balances was past due by more than 30 days. The alert identified Bank of America as the account. As soon as I discovered the issue, I immediately paid the Bank of America account and set up autopay to make sure this does not happen again. Before this incident, I had approximately XXXX years of strong on-time payment history across my credit accounts. This was an isolated mistake and is not reflective of my normal payment behavior. I am frustrated because I do not recall receiving a clear direct call or email warning from Bank of America that the account was approaching 30 days past due or that it was at risk of being reported to the credit bureaus. A clearer warning could have helped prevent serious credit reporting damage. I contacted Bank of America customer service after discovering the issue. The representative confirmed that the account was paid and that autopay was set up, but I was told they could not assist with removing the credit reporting and that I would need to escalate separately. I am asking Bank of America to review this as a one-time goodwill matter because the payment has been made, autopay has been set up, and I have a long history of responsible payments."
3003,Money transfer or service,"I wish to file a complaint against Block , Inc. also known as Cash App due to inadequate customer service and unfair practices, which violate the Consumer Financial Protection Act ( CFPA ). Cash App failed to take timely and effective measures to prevent and address fraud on their platform, leaving my account vulnerable and unprotected.

Furthermore, their dispute resolution process was unfair and deceptive, as they did not comply with error resolution requirements under the Electronic Fund Transfer Act ( EFTA ) and Regulation E. These actions have caused significant inconvenience and financial loss, and I seek appropriate redress for these violations."
3004,Credit reporting,"XX/XX/XXXX I noticed 4 bankruptcies was reinserted back on my credit report with XXXX. I disputed it last year in XX/XX/XXXX and it was verified that XXXX XXXX which is their furnisher did not have any bankruptcies on my consumer report with them. XXXX deleted all four off of my consumer report. They are in violation of the FCRA 15 U.S. Code 1681i Procedure in case of disputed accuracy, Duties of furnishers of information to Consumer Reporting Agencies. also 15 US 1681XXXX Accuracy of Information.. Also XXXX has so many inaccuracies in reporting accounts number, date of opening accounts, dates of last activities and amounts and also inaccurate personal information ect. I am also uploading the copy of showing absent credit reports from XX/XX/XXXX thru XX/XX/XXXX. I am requesting {$1000.00} per inaccuracies from XXXX. XXXX and Transunion is also reporting inaccurate information such as the dates reported, the amount, the date opened the status ect. All three Credit Bureaus are reporting inaccurate information on my consumer report. FCRA XXXX states that as a consumer we are to have an accurate consumer report with all three credit bureaus, with all of them stating the exact same thing reporting."
3005,Consumer loan,"About a week ago, I was eligible to refinance my loan, I had additional questions for the manager of the lending company underwriting staff contacted me and told me that she would have the manager to call me when he gets in. The manager never contacted me to date. 

When a representative contacts me from BMG Money, it is never the manager. It is always someone from the underwriting department. 
Also, the company failed to communicate clearly new policy changes as it relates to the net pay amount in order to be eligible for refinance. 
Each time that I am eligible for a refinance, it appears to be a change in policy. This has happened twice, always during refinance, or coupled with their multiple attempts to deter me from speaking to the manager of the company. When I do receive a phone call, it is at closing and never the manager. 

The last four months it has been very difficult making contact with the company and manager regarding serious concerns or matters pertaining to my loan. 

My most serious concern is that I never know that there is a change in policy until it is time for me to refinance. That is a red flag."
3006,Bank account or service,"My account was flagged for Fraud however, no one from Citi ever reached out to me to let me know that my account is now frozen. 

Approx Week of XX/XX/23- Opened the account online. 

Week of XX/XX/23 - Account was flagged on my phone & online that it had an issue and to call XXXX. I called several times over the week to find out what was going on and could not get an answer. 

XX/XX/23 - Called customer service and finally get some information. They told me that a letter was sent on XX/XX/23 that I would need to open and action once received. 

XX/XX/23 - Received letter from Citi, called XXXX XXXX and gave them the noted reference number from the letter. Customer Service said my account is being closed and will receive the balance on my account in XXXX days via mail. Then I was hung up on and given no additional information."
3007,Credit reporting,"Experian has failed to send dispute results and is reporting the following items inaccurately ( see below ). This violates the FCRA. 

Additionally, rather than actually investigating items Experian has systematically and maliciously changed items on my credit report to cause my score to worsen. 

ACCOUNTS DEPT OF ED/XXXX  XXXX not mine DEPT OF ED/XXXX  XXXX not mine DEPT OF ED/XXXX  XXXX not mine DEPT OF ED/XXXX  XXXX not mine DEPT OF ED/XXXX  XXXX not mine DEPT OF ED/XXXX  XXXX not mine XXXX XXXX XXXX not mine XXXX XXXX XXXX not mine XXXX XXXX not mine XXXX  XXXX not mine XXXX XXXX XXXX XXXX {$400.00} not mine"
3008,Debt collection,CONVERGENT OUTSOURCING is attempting to collect a debt from XXXX XXXX in the amount of {$4500.00}. This account was handled with XXXX back in 2018 when I first noticed the Debt. all appropriate fraud paperwork and investigations were handled at that time. A police report was submitted as well.. This account is no longer associated with me legally!!
3009,Bank account or service,On XX/XX/2022 there were 5 unauthorized transactions made on my debit card totaling almost {$3000.00}. The bank denied my fraud claim because they said that I logged onto My app after the transaction posted and did not file the claim until 2 days later. I couldnt file the claim until 2 days later because the transaction did not post and they will not dispute non-posted transactions. I did call the bank the day the fraud occurred on XX/XX/XXXX and they confirmed I need to wait until the transactions post for me to file a claim. The denial for this claim is completely unfounded and now Im out almost {$3000.00} because my bank denied the claim. These are clearly fraudulent claims as 3 of them are from XXXX and 2 are from XXXX with what seems like made up companies. Im located in the US and they can verify my location by looking at where I was when I open my app every day
3010,Credit reporting,"In accordance with the Fair Credit Reporting act. The List of accounts below has violated my federally protected consumer rights to privacy and confidentiality under 15 USC 1681. 


XXXX XXXX XXXX XXXXXXXX XXXX XXXX XXXX XXXX XXXX XXXX XXXX XXXX XXXX XXXX XXXX XXXX XXXX XXXX XXXX XXXX XXXX XXXX XXXX XXXX XXXX XXXX XXXX XXXX XXXX XXXX XXXX XXXX XXXX XXXX XXXX XXXX XXXX XXXX XXXXXXXX has violated my rights. Or list of inquiries 15 U.S.C 1681 section 602 A. States I have the right to privacy.

15 U.S.C 1681 Section 604 A Section 2 : It also states a consumer reporting agency can not furnish a account without my written instructions 15 U.S.C 1681c. ( a ) ( 5 ) Section States : no consumer reporting agency may make any consumer report containing any of the following items of information Any other adverse item of information, other than records of convictions of crimes which antedates the report by more than seven years.

15 U.S.C. 1681s-2 ( A ) ( 1 ) A person shall not furnish any information relating to a consumer to any consumer reporting agency if the person knows or has reasonable cause to believe that the information is inaccurate."
3011,Credit reporting,"This is my 2nd complaint against SageStream LLC for the same problem. CFPB closed my first complaint on XX/XX/2020 with the reason being SageStream LLc has done there part and contacted me. This is not the case. After receiving an email from the CFPB I have since called SageStream LLC ( as per their direction in their response to my 1st complaint ) no less than 5 times per day on XX/XX/2020, XX/XX/2020, XX/XX/2020, XX/XX/2020, XX/XX/2020, XX/XX/2020 and each time I have left a message with the details requested by SageStream LLC on their recording because they do not answer their phones EVER. Their recording states that all calls will be returned within one business day. I have not received a single return phone call to this date."
3012,Bank account or service,"KeyBank advertised online that they would apply a {$200.00} promotion after a qualifying direct deposit within 60 days of account opening. I specifically followed that advertisement to open an account and satisfied the terms immediately. The bank never applied the promotion. I researched and the terms said it could take up to 90 days to apply to the promotion so I waited patiently. After nearly 90 days, I contacted customer service and they say they have no record of me signing up with the promotion despite me stating I ONLY signed up because I saw the promotion and followed the advertisement and subsequent steps. Now Im told because the promotion is expired ( after I've waited the indicated period of the promotion ) that there is nothing customer service can do."
3013,Consumer loan,I called about get information on how there car loan program works sounded good applied only for that I was denied the loan told that I qualified for XXXX secure loan. I was assured no money would be on HOLD. BUT 24 hour hold on funds TO MOVE TO A SAVING ACCOUNT AND WOULD BECOME AVAILABLE ONCE THE FUNDS IS IN MY ACCOUNT LONG STORY SHORT THE REPRESENTATIVE MISLEAD ME AND SEVERAL OTHERS UNTIL IT WAS TO LATE
3014,Money transfer or service,"I have been trying to get my funds out of this exchange since XX/X/17. I have been locked out of my account due to a non-functioning "" ID verification '' process that the company touts. I have provided all of the necessary information for them to assist me with the simple request of restoring access to my money. 

I have over 50,000 USD in my account and feel that waiting over a week after filing a support ticket is too long. I have not received a single email that has been anything more than an automatically generated response. I have been a loyal customer of this company, and I am shocked that there is no support to be found. I have tried direct messaging the company via twitter, filing a support request through their website, and emailing their support center directly. I have also tried calling them on their support lines, and have endured endless hold times and busy signals, never once getting through to a person. 

Over a week, and zero response from a company that holds a good chunk of my life savings."
3015,Credit reporting,"In accordance with the Fair Credit Reporting ace. The List of accounts below has violated my federally protected consumer privacy and confidentiality under 15 USC 1681. 

Here are the following inquiries XXXX XXXX XXXX XXXXXX/XX/XXXX has violated my rights. 
XXXX XXXX XXXXXX/XX/XXXX has violated my rights. 

XXXX XXXX XX/XX/XXXX has violated my rights. 

XXXX XXXX XX/XX/XXXX has violated my rights. 

XXXX XX/XX/XXXX has violated my rights XXXX XXXX XX/XX/XXXX has violated my rights XXXX XXXX XX/XX/XXXX has violated my rights Below here are the accounts XXXXXXXX XXXX XXXX XXXX has violated myrights. 

XXXX XXXX XXXX, has violated myrights. 


15 U.S.C 1681 604 A. Section 2 : It also states a consumer reporting agency can not furnish a account without my written instructions. 

15 U.S.C 1681c. ( a ) ( 5 ) Section States : No consumer reporting agency make make any consumer report containing any of the following items of information. Any other adverse item of information, other than records of convictions of crimes which antedates the report more than seven years. 

15 U.S.C 1681s-2 ( A ) ( 1 ) A person shall not furnish any information relating to a consumer to any consumer reporting agency if the person knows or has reasonable cause to believe that the information is inaccurate."
3016,Mortgage,"Prior to the servicing transfer from XXXX to Midland Mortgage, I had entered into an FHA Standalone Partial Claim Trial Period Plan with XXXX due to a medical hardship. The trial payment plan began with the XXXX payment due on XX/XX/year> and was scheduled to continue through the final payment due on XX/XX/year>. While this FHA loss mitigation process was still active, servicing of the loan was transferred to Midland Mortgage effective XX/XX/year>. I had made the XXXX and XXXX payments on time and when I went to the chase payment portal to make my last payment it was no longer available. I was unaware the loan was transferred, I was directed by XXXX to make all of the payments with them, I didn't receive any information on who and where to send the last payment or the fact my mortgage was sold. It took time to find the information on who to make the payment to. During this transition period the XXXX trial payment was allegedly late. Then midland mortgage subsequently advised that the fha trail arrangement was no longer being honored and demanded repayment of all prior delinquent amounts plus late fees stating they were collecting on behave of chase. I am disputing this treatment of the account because, the servicing transfer occurred during an active fha loss mitigation process, the missed payment occurred immediately following transfer confusion, i was attempting to comply with the trial plan, XXXX has failed to properly continue or review the transferred fha midigation file.midland stated the XXXX day grace period was not valid for loss midigation. I am requesting, a complete review of the fha lost midigation transfer records, confirmation of whether the trial period plan was transferred and boarded correctly, a review of payment application and servicing notes, reinstatement or reevaluation of available fha lost midigation options, correction of any inaccurate delinquency status, suspension of foreclosure or collection activity while this dispute is investigated."
3017,Credit card,"On X/XX/2017 I made a camping reservation @ XXXX XXXX XXXX XXXX, XXXX XXXX, Connecticut. I was charged twice for the one reservation in the amount of {$240.00}. I have filled out the paperwork and sent it in in XX/XX/XXXX 2017. When I call or send email to Comenity Capital Bank, they never give me an answer to the status of my dispute."
3018,Bank account or service,In XX/XX/year> Chase closed my account without notice due to a deposit of XXXX $ from the IRS tax refund that is in my wife XXXX XXXX and my name XXXX XXXX. Chase froze my funds and only wants to verify with my wife that the funds were intended to go into my account so I provided her phone number XXXX. Chase wont call her because they say her phone is not in her name which is a lie. We are able to provide documents that show the number is in her name. That being said we went to buy another cell phone line from XXXX XXXXXXXX and I provided that number as well and Chase says its not in her name which is also another lie. We have documents and proof those are both her phone numbers. Chase is making it so difficult to get my funds back that they took.
3019,Mortgage,"I have been trying to contact Pennymac about assuming my mortgage to remove my ex-wife 's name from the mortgage. They will not make contact with me despite spending hours on the phone, only to be constantly rerouted or hung up on."
3020,Mortgage,"My account was transferred effective XX/XX/XXXX. As of XX/XX/XXXX I had not received a welcome package and when I called Shellpoint I was told they had no account with my name. 

I received a welcome package on XX/XX/XXXX. I again called to make a payment and was told they did not have full access to my account information and that once they did they could go over my account. 

I received a mortgage statement on XX/XX/XXXX and again called to attempt to make a payment. I was told they were not able to because they were missing disclose forms. I asked to speak to a supervisor and was told one was not available. 

The account was transferred without my input to a company that has demonstrated a lack of professionalism in processing new accounts in a timely manner or providing me with information on my account. I am attempting to purchase a new home and unable to bring my account current."
3021,Credit reporting,"In XXXX, I was taking XXXX 's level classes using my GI benefits through the Department of Veterans Affairs. Due to multiple XXXX  while on XXXX XXXX, I was forced to withdraw from the courses. I was told by XXXX University that I would not be charged any fees due to my extenuating circumstances. Several months passed and I received a packet of undelivered letters from the VA, despite receiving other mail from them in the meantime. This packet said that I had a payment due that was now in collections. After many conversations between the VA and XXXX, a miscommunication was found between those two parties, and everything was supposed to be cleared as of XX/XX/XXXX. I checked my credit report in XX/XX/XXXX and found that there was nearly 18 months of collections on my account, ending in XX/XX/XXXX, for this miscommunication between the VA and XXXX. I wanted to have that removed from my credit report so I submitted a dispute through Experian in XX/XX/XXXX explaining my situation and asking that those months of collections be removed. At the end of XXXX, I received a response that all the months of collections had been removed as I had asked, but now it was showing the account was in collections for only the month of XX/XX/XXXX. This makes absolutely no sense as they previously had the collections ending in XX/XX/XXXX when the issue was resolved. I reached out via phone to address this new issue, and they were not able to assist and suggested I submit a new dispute. I did this in early XX/XX/XXXX. I recently received the results of this second dispute, and it appears that Experian removed the collections flag from XX/XX/XXXX, but now has it in collections for only XX/XX/XXXX. I am unsure what to do at this point as I have reached out via phone and electronic dispute and can not resolve this issue. It has dropped my credit score nearly 30 points in the past two months because of their errors."
3022,Debt collection,"account # XXXX its reporting after 7 years and already paid to Jefferson Capital, after calling XXXX XXXX and XXXX, I was told that Jefferson Capital is the one reporting, this needs to be removed from my credit immediately."
3023,Consumer loan,"To Whom It May Concern, I am writing to formally dispute inaccurate information on my credit report. The account in question is listed as : Creditor : Credit Acceptance Corporation Account Number : XXXX This account is currently being reported as OPEN, with a balance of {$15000.00}. However, based on the payment history and status ( including multiple 180-day delinquencies ), this account appears to be inaccurately reported. An account that is severely delinquent to this extent should not be reported as open and active. This is misleading and does not accurately reflect the true status of the account. Under the Fair Credit Reporting Act ( FCRA ), I request that you : Conduct a full investigation of this account Verify the accuracy of the reporting status Correct the account status to reflect accurate information Or delete the account entirely if it can not be properly verified Please provide me with written confirmation of the results of your investigation. If you are unable to verify this information as accurate, I request that it be removed from my credit report immediately. Thank you for your prompt attention to this matter. Sincerely, XXXX XXXX XXXX XXXX XXXX XXXX XXXX XXXXXXXX XXXX XXXX XXXXXXXX XXXXXXXX, Maryland XXXX Last four digits SS XXXX"
3024,Consumer loan,"On XXXX XXXX XXXX I attempted to purchase a vehicle from XXXX of XXXX XXXX, and XXXX, XXXX dealership . I remained at the dealership for approximately eight ( 8 ) hours, completed negotiations, and signe3d purchase and finance documents for a XXXX XXXXXXXX XXXX. I was expressly told that Westlake Financial was the lender associated with my transaction. XXXX provided written financing worksheets quoting specific APR 's and payment amounts. XXXX also provided a document titled "" Credit Score and the Price You Pay for Credit, '' stating that my XXXX credit score was "" not available. '' Despite this, XXXX requested and transmitted my Social Security number, submitted my application to lenders, and represented that financing was proceeding. I was never issued a denial, conditional denial, or adverse action notice. After I had signed documents and waited several hours, XXXX abruptly required me to leave, claiming that the vehicle had been sold to another buyer paying cash. This explanation occurred after lender involvement and document execution. Following this, XXXX refused to provide copies of documents I signed and refused to disclose how my personal and financial information was used or transmitted. This conduct violates federal consumer-credit laws : 1. Failure to provide an adverse action notice - after terminating or refusing to consummate a credit transaction ( ECOA, 15 U.S.C. 1691 ( d ) ). 2. Use of consumer credit information without transparent disclosure and failure to provide post-use disclosure3s ( FCRA, 15 U.S.C. 1681 B, 1681M ) 3. Deceptive and abusive practices, including pretextual explanations to avoid required notices and withholding consumer records ( CFPA, 12 U.S.C. 5531, 5536 ). XXXX and its partners used my credit information, identified a lender, quoted loan terms, and then concealed the credit outcome while retaining my personal data."
3025,Debt collection,"I received a notification from Transunion, XXXX, XXXX that collection from XXXX XXXX XXXX XXXX XXXX XXXX for the amount of {$140.00}. 
I have sent out a 609 letter which is a debt verification letter to the company and I have received no response in 60 days. Furthermore, the collection is showing as an open account on my credit, this is a direct violation of Fair Credit Reporting Act. 
I am therefore exercising my right under FCPA to XXXX, Transunion and XXXX to delete collection immediately or I will be suing within 30 days."
3026,Consumer loan,"Since XXXX XXXX, I have been receiving information from Navient that my interest-only payments will be ending soon. Just today, XXXX XXXX, XXXX, I receive such an e-mail notice. I kept logging into my online account information with Navient, and that information noted that the Interest-Only-Payments will be ending XXXX/XXXX/XXXX ( see attached ). I decided to call to see what the urgency of the e-mail alerts about the payments ending soon. The online rep checked my account and stated that there is no such information about the IOPs ending in XXXX. While the rep was on the phone, I logged into my account, and sure enough the loan details stated that the IOPs would be ending in XXXX. She pretended not to have that information until I became very firm in my voice that the XXXX was, indeed, posted to my account. Then the Navient rep stated that the information needed to be updated and that the deadline was XXXX XXXX, XXXX -- this was the first time I was given a date. I asked my payments because in those alerts and online there is no mention of the updated payment amount. The rep stated that my payments would be {$220.00}, and I informed her that there needs to be a payment adjustment because I was on XXXX and no way could I make this payment on short notice nor in the future. I asked to speak with an account specialist, and she attempted to find an alternate program and discovered that the phone rep had given me the wrong information regarding my payments. The payment adjustment for XXXX XXXX, XXXX will be {$85.00} and not {$220.00}. This is nothing more than a payday loan establishment with the interest rate climbing by the day."
3027,Credit card,"I need to report the US bank credit card for their balance transfer promotion. I took a $ XXXX balance transfer on my small business credit card because the US bank advertised it as a XXXX promotion for zero interest. Since my credit limit is $ XXXX, so I kept using the credit card, thinking they'd honor their promotion until 2025. It turns out that the US bank applies credit card payments to the lowest APR first. Therefore, I don't have any options to pay down my most recent purchases to avoid 26.24 % interest. In order to avoid interest charges, I need to pay down the full balance of $ XXXX ( $ XXXX transfer plus recent purchases ). It is false advertising from the US bank. How is this from a 15-month zero interest to 26.24 % just within one month? When I called, the US Bank credit card department said I signed their terms and conditions and that I should see how they apply for payments. Those pages are in small print and not in clear terms. I read their terms again, and they are just words ... without any clear meaning about how they apply for payments. I have been an accountant for 20 years, and as a number person, I think the US bank falsely advertised and treated their clients unfairly. Other credit card companies, such as XXXX XXXX, also have similar promotions. Unlike the US bank, XXXX XXXX applies payments to the highest APR first to horno their promotions. Any help to stop this false advertisement from the US bank will be greatly appreciated."
3028,Money transfer or service,There was a total amount of {$4300.00} transferred from my bank account to my cashapp without my authorization and taken out of my cashapp on XX/XX/year>. I have filed a claim with cashapp the same day this occurred and another one after my bank had stated to file a claim with the merchant. I have attempted to get the money back and it failed. I have stated this to cashapp both times when I filed a claim and it was declined even though I have stated that I did not authorize this transaction.
3029,Bank account or service,"I am writing to formally submit a complaint against Global Payments Inc. ( Global Payments Direct , Inc is a registered XXXX of XXXX XXXX  XXXX XXXX, XXXX, PA ), who operated my merchant account through Authorize.Net. Global Payments Inc. abruptly closed my merchant account, withheld my final payout, and subsequently added my profile to the MATCH list. I was never contacted in advance, nor was I given any opportunity to provide documentation, supporting records, or clarification before this decision was made. I have made repeated attempts to reach out through Authorize.Net to appeal this decision and requested the opportunity to submit full supporting evidence, including : Invoices for each transaction Shipping labels and tracking numbers Direct customer contact information for verification Despite my outreach and willingness to cooperate, Global Payments never responded to my inquiries, and to this day has not provided an explanation or demonstrated that any proper due diligence was conducted. While I fully respect Global Payments right to cease business with any merchant at their discretion, placing my profile on the MATCH list without contacting me or reviewing any documentation is both damaging and unjust. This has significantly harmed my ability to operate my business, as other payment processors have denied me service due to this listing. I respectfully request that this matter be investigated and that Global Payments be required to initiate the removal of my profile from the MATCH database if no wrongdoing was ever verified. I am fully committed to cooperating and will immediately provide all documentation needed to resolve this matter fairly."
3030,Mortgage,"I was constantly sending in documents to qualify for a workout solution. 
I live with my family and we are all working in resturants I tried to better myself and help my family by investing the money from my job into the business so I could always have a job. I only had a 20 % investment into the business. 

One of the representatives said I did not need to show the taxes from the business another said I did, after sending over 50 pages of the business tax returns they told me I did not earn any more and could not afford my mortgage. 

They made me go to a Wells Fargo Bank to sign my documents. Every thing they could do to discourage me from working to save my home they did. 

I say that I have been denied because of a Computer Glitch and hostile workers in Wells Fargo."
3031,Debt collection,"To Whom It XXXX Concern, I recently reviewed my credit reports and was shocked to find a collection account from XXXX XXXX, for what is purported to be a financial debt. I am formally disputing this collection, as I do not recognize the debt and have no recollection of ever having this account. Furthermore, I have never received any communicationwhether by phone, text, email, or mailregarding this alleged debt. The lack of prior notification has raised significant concerns regarding the validity and accuracy of this account. Due to this erroneous reporting, I have encountered difficulties securing credit, which is now directly impacting my ability to obtain a home loan."
3032,Bank account or service,"I am writing to dispute an unauthorized bank account listed under my name and Social Security number. According to 15 U.S.C. 1681b of the Fair Credit Reporting Act ( FCRA ), consumer reports may only be accessed for specific permissible purposes and with the consumer 's knowledge or consent. 
I did not open any bank account associated with Wells Fargo nor did I authorize XXXX XXXX XXXX XXXX XXXX or any affiliated financial institution to access or use my consumer information in connection with this account. This is a serious matter, as it may indicate identity theft or unauthorized use of my personal information.Because this inquiry was made without a permissible purpose as defined under federal law, I am requesting that you immediately remove any unauthorized accounts and related inquiries associated with my name. This is a private communication. I reserve all rights."
3033,Mortgage,"My husband and I applied for a mortgage refinance with Cardinal Financial in late XXXX, XXXX. Our loan is a cash out refinance with a XXXX of approximate 59 %. There have been significant delays in the process on Cardinal 's side and multiple occasions during underwriting where there were week that we did not hear from them before additional documentation was requested. Additionally, I don't feel they have been honest, including saying that we can not decrease the amount of the loan ( because of the delay the cash out has increased significantly higher than our original request ). Now, after over 4 months, Cardinal has advised that charges and rates have increased due to a disputed credit bureau report showing a XXXX late account for {$50.00}. I have documentation showing that the account was paid, but have been told that it can not be addressed because 'credit bureau disputes take months to resolve '. We are now out {$500.00} for a no long valid appraisal, with fees and rates that are higher than agreed to - all due to Cardinal 's delays and misstatements. We have asked multiple times that the delays and issues are escalated with contact from no one other than the loan officer and transaction coordinator."
3034,Credit reporting,"I recently submitted a request for investigation of several student loans, which you refused. I submitted enough information for you to carry out a reasonable investigation of my dispute, since you obviously did not investigate this account thoroughly enough the last time I submitted one. They have already verified all of these fraudulent accounts and has removed that account. They have stated when I have called them, that they have contacted your agency numerous times to have the other account removed to no avail, often noting unreasonable hold times to get through to the fraud department. 

If you had investigated properly, rather than use your XXXX system, you would have known, that not only have ever been late on this account, but that I am not the owner of this account, though your company claims to have verified this. 

It is at this time that I will point out that in Cushman v XXXX, Stevenson v. TRW ( Experian ), and Richardson v. Fleet, XXXX, et al, the courts ruled each and every time that the CRA couldn't merely "" parrot '' information from the creditors and collection agencies ... that they have to conduct an independent REASONABLE investigation to ensure the validity of the debt and the honesty/integrity of the XXXXreditor/CA in question. Sending out a generic form through the e-Oscar system that does not even contain my reasons for the dispute is not reasonable."
3035,Debt collection,"I entered into a lease-to-own agreement with XXXX XXXX for a mattress with a cash price of about {$1300.00}. My contract listed an Early Purchase Option of {$1300.00}, which expired XX/XX/year>. I have already paid nearly {$1200.00} toward the balance. 

When I recently contacted XXXX XXXX about paying off the lease, I was told that my payoff balance is now over {$1700.00} significantly higher than the original cash price. I was not clearly informed that missing the Early Purchase Option deadline would cause such a large increase in the payoff amount.

I would like to point out that on the agreement of the lease, I never saw those papers, or signed anything with that. I dont ever sign my name how it was typed on there. 

On Saturday, I visited the store to speak with XXXX, the Acima representative, and was told his district manager or himself would get back to me with options by Monday. It is now Wednesday, and I have received no response. This delay, combined with the unclear and inflated payoff amount, feels deceptive and unfair. 

I am requesting : A clear written explanation of how my payoff balance is being calculated.

A fair resolution that allows me to purchase the mattress at or near the original cash price instead of paying hundreds above retail."
3036,Bank account or service,"On XX/XX/year>, I completed a change of ownership on a business checking account with Regions because I purchased the business from someone else. In person at the local Regions Bank branch, we added myself ( the new business owner ) and removed the previous business owner from the account. We completed "" Government Custodian Relationship and Authorized Signer Information '' documents in the branch. It has come to my attention the previous business owner is still receiving email notices to their email address related to the business account they are no longer associated with. Additionally, I am not able to manage existing Bill Pay as it's associated with the previous owner 's email and only they can edit existing bill pay for an account they are no longer a part of!"
3037,Mortgage,I pay mortgage on XX/XX/XXXX for XXXX for the month of XXXX they said i should have pay XXXX in XXXX if you look at my new Escrow payment it said that my new payment started in XX/XX/XXXX XXXX that because they never deduct XXXX dollar that they took out for Escrow started at XX/XX/XXXX and the new Escrow payment of {$810.00} that I pay off on XX/XX/XXXX they never deduct the {$67.00} from my Escrow my new mortgage payment should be XXXX not XXXX they are only making me late on my mortgage because of this
3038,Credit reporting,Trans. Union has been reporting XXXX XXXX XXXX as a delinquent account for longer than seven years. XXXX XXXX reported the auto loan as delinquent 30 days in XX/XX/XXXX. TransUnion continues to report the account as negative which has been longer than seven years. I am requesting TransUnion to update my credit report with correct information. This account has been reported negative and delinquent for longer than seven years. The original removal date for this account was XX/XX/XXXX and that date has since been pushed back to XX/XX/XXXX and Im not sure why. All other credit bureaus have corrected this information with the exception of trans Union.
3039,Debt collection,REFERENCE # XXXX I was a victim of identity theft six-seven years ago the accounting question with XXXX was discovered to be fraudulent never used by me did not belong to me yes the information was similar that's why it's called identity theft XXXX recognize this they closed the account it was never reported to any of the major credit bureaus once it was discovered what it happened police reports were filed multiple letters were sent back and forth and everything was eventually resolved until about a month ago when I received the first letter from this company stating I owed them a debt I immediately sent a letter explaining what I just explained I told them unless they had some proof which I knew they wouldn't to stop all further Communications with me that I had no intentions on paying them any money they sent me another letter helping this was their proof it's just some printing information there's absolutely nothing here that we didn't already know it shows XXXX shows an account number show the balance well yes nobody 's disputing that the account was opened it just wasn't open by me and Everyone except for this company seems to understand that I don't feel they're taking this matter seriously but when you start reporting it to the credit bureaus and you start affecting my credit score it becomes a serious issue
3040,Bank account or service,"I had a 13 month CD with CIT Bank for {$140000.00}. On XX/XX/2024, I received the renewal rate which was .3 %. I called on XX/XX/2024 and requested to close the account as that was not an acceptable rate. They claimed that I was past my 10 day grace period for auto-renewing. 

I protested that I didn't know the new rate until 2 days before my call ( a Saturday ) and therefor could not make the decision whether to renew with them at that rate or not. They claim that that does not matter as I was past my grace period and I was informed about the renewal date, though not the renewal amount. 

They are charging a 6 month interest penalty as it was a 13 month CD that was renewing. All of my protests were met with their stating "" It is in our disclosure statements ''. 

Is this is legal and within the banking rules? 

I look forward to your reply."
3041,Consumer loan,"I called Wells Fargo on XX/XX/year>, on or around XXXX p.m. XXXX. I dialed ( XXXX ) XXXX. I was on hold for over 1 hour and 41 minutes. I would have been on hold longer, however, I had an important inbound call and to change lines at the 1 hour and 41 minute mark. It is unacceptable for any consumer to be on hold that long. Due to Wells Fargos unnecessary long hold times, I was unable to ask questions regarding my personal loan balance, due dates, payment amounts, etc. Notwithstanding online access, all consumers should have the right to call Wells Fargo with additional questions without having to be on hold for almost two hours. Wells Fargo is making it difficult to speak to an agent regarding my loan status. I am very disappointed at Wells Fargos poor business practices. I took a screenshot of the hold time and have the phone call recorded for evidence."
3042,Bank account or service,"On XX/XX/XXXX, I received a text message from Chime asking me to authorize a charge from a XXXX service provider. I denied the charge six separate times. Despite this, the charges continued to come through, and I later discovered a total of XXXX attempted charges from various XXXX servicers. In response, I immediately cancelled all of my Chime cards, removed every linked card and account from all of my XXXX profiles, and used XXXX XXXX exclusively until my new physical cards arrived. After requesting replacement cards, I contacted Chime by phone to open a dispute for all XXXX unauthorized charges. During my initial dispute, I did not yet have supporting evidence. Once the dispute was reopened, I provided screenshots of the text message alerts showing that I repeatedly denied the charges. I also submitted proof that I cancelled my cards, requested replacements, and evidence showing that the transactions were initially declined but still ultimately withdrawn from my account. Throughout this process, I have spoken with multiple Chime agents while seeking assistance. Unfortunately, despite repeated attempts, I have not gained any traction or meaningful support. During my most recent call, after requesting to speak with a supervisor, I was not given any assistance and was ultimately hung up on. The total unauthorized amount withdrawn from my account is {$280.00}. In todays economic climate, losing that amount is significant, it can easily mean missed bills or essential groceries. Given the immediate steps I took to prevent these charges and the lack of resolution after numerous attempts to get help, I am requesting clear answers and a fair resolution to this matter."
3043,Mortgage,"We got a mortgage through Guaranteed Rate and closed on our home on XX/XX/21. Included in our closing documents were the first two payment coupons with due dates of XXXX and XXXX. We made our first two payments. We received notification that our mortgage was sold to XXXX XXXX and would be serviced by XXXX XXXX Bank. The notice from XXXX XXXX was dated XX/XX/21 and said the mortgage was transferred on XX/XX/21. On XX/XX/21 we received our first correspondence from XXXX XXXX Bank. This statement was dated XX/XX/21 and postmarked XX/XX/21. This statement said we had a payment due XX/XX/21. It also appears that only one payment is reflected and was somehow lost between Guaranteed Rate, to whom we made the payment, and our new servicer. I contacted both Guaranteed Rate and XXXX XXXX. Guaranteed Rate has not been responsive. XXXX XXXX told us that we needed to resolve with Guaranteed Rate. I inquired with XXXX XXXX about the grace period provided to borrowers when a mortgage is sold. My understanding is that there is a 60 day grace period. XXXX XXXX said our grace period started on XX/XX/21, the loan origination date. I believe both Guaranteed Rate and XXXX XXXX are not acting in good faith and are breaking rules."
3044,Consumer loan,approx 2 months ago they billed my closed checking acct when i specifically advised them its closed resulting in fees for bothn the upstart loan and upgrade card i have with them the following month they did it again i went off on them and was told theyb wouldnt do it again i removed the acct last month and what they do they did it a 3rd time this month they have the correct acct on file but keep billing the one i said not too i remove acct they add it back this place has giving me so much grief on adding my new acct at first they wouldnt verify it even after isent requested infotheykeptsaying itvwasntthe format theybwanted eventually they accepted it this is after billing myclosed acct3 times when i said not too my god im very upsetting its costed me more than all my payments combined with the bank bc thge acct cant close until it isnt billed i need them to remove it and they wont do it i even gave them the acct to bill ive had alot of cards over the years but never have run into such a poor managed co like this one they purposely ignore your every in struction please help in any way you can its not like im not paying the bill but of coarse its hurting my credit as well and they know it and its not fair also i should note i try to go back to access my info online now and it says my acct is temporialy not available ive had multiple issues trying to access in past its like they lock me out so i cant do anything also nobody works on weekends there very hard to get ahold of i belive its intentially driven motives
3045,Credit card,"I have a Travel Rewards credit card that has been used for 4 years. Today ( XXXX XXXX ) I want to change this card into Customized Cash Rewards Credit Card, but the customer service does not agree, and told me that I must apply for a new one ( maybe they want customers to open more New account ), but I dont want to open a new account"
3046,Consumer loan,"On XX/XX/year>, Climb withdrew {$270.00} from my bank account for an authorized installment loan payment. While the payment was authorized, the withdrawal caused severe financial hardship, as I was not financially prepared to lose these funds at that time. 

I am currently experiencing significant financial distress and am preparing to file for bankruptcy. The {$270.00} withdrawal left me unable to cover basic living expenses, including rent, my car payment, and food. 
On XX/XX/year>, I contacted Climb by email to request a one-time hardship accommodation, specifically asking whether a refund, credit, or other payment relief could be provided due to my financial situation. 

As of today, I have not received any response, and it has been more than XXXX business days since my request. 

I am not disputing authorization of the payment. I am requesting assistance in obtaining a response from the company and review of any hardship accommodation or goodwill relief options that may be available."
3047,Mortgage,"I closed on a construction loan with United Wholesale Mortgage ( UWM ) on XX/XX/2025. UWM hired XXXX XXXX XXXX to manage the construction process. As part of the closing, the budget and construction plan the payments due during construction ( interest only ) were part of the loan and prepaid until XX/XX/2025. I have verified Granite has made a payment to UWM for the projected interest, and UWM stating they do not know where the money is, and the account is past due. Therefore, my mortgage account is 40 days past due, UWM has sent notice you are in default of the terms of your HELOC Agreement, your line of credit has been suspended and any draws taken against your HELOC account will not be honored. My contractor has implied if this is not resolved he will cancel my contract to build. I have tried for the last 40 days to resolve this issue, and I have not been able to."
3048,Money transfer or service,"On XX/XX/year>, I purchased XXXXXXXX XXXX in litecoin using USD funds from my crypto.com account connected to my onchain wallet. i purchased in the onchain wallet app. ( see attached proof of purchase in photos. ) After fees, I was sent {$190.00} USD worth of litecoin to my wallet address ending in XXXX ( attached photos ) from crypto.com onchain wallet address XXXX in XXXX ( see atatched proof ) Upon receiving the litecoin, I went to transfer the full amount to another address. Instead, the app messed up inputting my other external address and somehow put in the XXXX address that belongs to onchain wallet where they send the litecoin from ... and it sent all {$190.00} USD directly back to their address that sent it upon purchase ( like any other litecoin purchase I have made .. comes from their address ending in XXXX ). I contacted onchain support. They give me generic responses. Say they have no control, though in my proof it shows they got the money back. And they refuse to return the funds I paid for that just went back to them after I paid XXXX usd for the litecoin, and they also then took the XXXX usd of litecoin that was sent back to the same wallet address they sent it from. 

Please return my XXXXXXXX XXXX  usd, or simply the {$190.00} in litecoin i paid for to my wallet address ending in jxc."
3049,Money transfer or service,Discover Bank initiated and authorized a {$21000.00} fraudulent wire transfer with no attempt to contact or approve the transfer with myself or my husband who is a joint owner. We did nothing to initiate this transfer and only learned of it after logging in to our bank account. Someone was able to hack in to our account and change our personal information. We received no notification of suspicious activity and no recourse from Discover at all.
3050,Credit reporting,"I recently submitted a request for an investigation regarding certain disputed accounts, as I believed the Credit Bureaus did not properly handle my dispute. Upon reviewing the records from the Credit Bureaus, it is clear that their investigation was inaccurate. Since the investigation was conducted improperly, I demand that the Credit Bureau immediately correct and update the following accounts in my file : XXXX XXXX XXXXXXXX Balance Owed : {$0.00} XXXX XXXX Balance Owed : {$100.00}"
3051,Bank account or service,I opened the account with citibank XXXX tried to fund the account with a check I received from an old landlord for security deposit and a month of rent of XXXX $ on XX/XX/XXXX and also with my tax refund of XXXX that was deposited into my XXXX XXXX account I tried to make a bank transfer XX/XX/XXXX for that amount to Citi bank due to my XXXX XXXX account was closing soon. Well Citi bank did not try to get the funds until XX/XX/XXXX in fact the account was already closed I called Citi bank and let them no the situation to the XXXX and ask about the other XXXX they said XXXX check was funded into my account but have a hold on my account for XXXX I let them no my account already closed because the funds werent transferred In time. They said that they needed to verify my phone number I told them the phone number I signed up either said they could not use that phone number I have had that number and account is under my name for so long they said they would send a referral code I called back with referral code I received in the mail and they said they could not help me and needed to send a new one I went to the Citi bank branch trying to verify it is me and the situation and they said I need to get a new code or a new phone number still know luck trying to get my money been calling everyday doing every step possible Im a single mother and I am falling behind because of the inconvenience of not accessing my funds
3052,Debt collection,"On XX/XX/2016, American Express reported on my credit file a delinquent charge. During this time, I was experiencing a serious illness which led to hospitalization and XXXX. As a result, I fell on hardship, as well as charges being made on my account that the creditor has not been able to verify. Can you please assist me in this matter of helping to restore my credit."
3053,Credit reporting,"I recently pulled my credit report from XXXX, TransUnion, and XXXX and to my amazement, saw that there are fraudulent accounts being reported in my credit report. I am a victim of identity theft. I did not make or approve of these transactions. This happened because of identity theft. There are two accounts which are opened under my name : XXXX PERSONAL LOAN ( ACC NO : XXXX ) and XXXX XXXX XXXX ( ACC NO : XXXX ). I sent a police report to TransUnion but the TransUnion reporting agency did not remove these fraudulent accounts."
3054,Bank account or service,I had XXXX unauthorized transactions come from my XXXX account. XXXX sent me XXXX documentations letting me know that it was fraud and unauthorized. I notified chime in reference to this and filed a dispute and they are denying my funds being returned.
3055,Debt collection,"CEASE AND DESIST UNLAWFUL COLLECTION AND CREDIT REPORTING ACTIVITY To Whom It May Concern : This is a formal notice demanding that LVNV Funding LLC immediately cease and desist all forms of communication with me, XXXX XXXX, regarding any alleged debt. This includes but is not limited to phone calls, emails, letters, voicemails, and any third-party contact attempts. 

In accordance with the Fair Debt Collection Practices Act ( FDCPA ), 15 U.S.C. 1692c ( c ), once a consumer notifies a debt collector in writing to cease communication, the collector must comply. In addition, you must remove any and all references to this alleged debt from my credit reports with XXXX, XXXX, and XXXX.

Be advised of relevant case law : > Campos v. Brooksbank, 120 F. Supp. 2d 1271 ( D.N.M. 2000 ) : Once a debt collector receives a cease and desist letter, it must stop all collection efforts, including credit reporting, or risk violating the FDCPA.

> Simmons v. Roundup Funding, LLC, 622 F.3d 93 ( 2d Cir. 2010 ) : Credit reporting is considered a form of collection activity, and continued reporting after a cease and desist demand constitutes continued collection.

Any failure to comply will be considered a willful violation of federal law. I am prepared to take further legal action and file complaints with the Consumer Financial Protection Bureau ( CFPB ), the Federal Trade Commission ( FTC ), and the Louisiana Attorney Generals Office, as well as pursue statutory damages as provided by law.

I am documenting this communication and will retain proof of delivery. You are hereby instructed to stop all contact and remove this account from all credit reporting bureaus immediately. 

LVNV FUNDING LLC ACCT # XXXX"
3056,Bank account or service,"Received XXXX online Saving account statement from Goldman Sachs Bank USA XXXX PA on XX/XX/XXXX. 

I never opened it and never give permission to anybody about my personal information. 

I called XXXX XX/XX/XXXX XXXX XXXX and talked agent for 15 minutes, possible fraud and got advised call tomorrow morning I called again on XX/XX/XXXX XXXX XXXX  for 49 minutes. 

Bank can not provide me any detail information on my information that someone gave to Bank. 
Refuse to give any fraudulent activity 's that I would like to see. 

Bank refer to their fraud unit and I requested closed account and information, Bank will send close notification, not the detail information. 

Bank should not open this account with fake email address and telephone number. 

Bank should not advertise in website "" secure online Bank etc '' Bank do not have strong internal system to prevent "" victim 's '' like me. 

I am worrying very much that XXXX XXXXXXXX XXXX fake account use by criminal activity. I could not sleep at all to worry about this."
3057,Bank account or service,"XXXX XXXX XXXX chase bank decided that we were bad customers, after a 30+ year relationship. 

they then closed our personal and business accounts, and took 3 weeks to return our funds without a proper accounting included with the payments, leaving us stranded for understanding with NO AUDIT TRAIL to be available. 

This was with : XXXX XXXX and an inexperienced teller that she decided was more valuable than the clients. 

The teller kept demanding more documentation, to the point that the cartridge was passed 4 times to me during this sensitive period of NON CONTACT COVID RULES. 

They do not clean or disinfect the bank property properly. 

chase bank are arrogant monsters that deserve to be broken up"
3058,Bank account or service,"There has been many complaints from Wells Fargo customers who checked the IRS website and got confirmation that funds have been deposited in their account on said date. On that date the funds are not available even on the business days after. There are numerous of people who have received their funds with other banks/financial institutions right on the date that was advised. This bank is corrupt and they are playing with people money which is a shame in these times. Please see the attachments of real life customers of Wells Fargo commenting and relating to each other in being XXXX by this bank. Veterans, workers, people who have banked with them for YEARS. And all Wells Fargo can give is a generic response."
3059,Money transfer or service,"I am writing to express my concerns with zelle handling disputes. Despite using zelle numerous times and reporting discrepancies, my financial institution and Zelle failed to investigate my claims adequately. They informed me that recovering lost funds was impossible and tracking was unfeasible. The CFPBs findings indicate zelle has not only neglected to protect consumers but has also allowed repeat offenders to exploit the system, leaving users vulnerable to scams. This lack of accountability and transparency is unacceptable and raises serious concerns about consumers safety."
3060,Mortgage,"I refinanced my home with CashCall Mortgage in XX/XX/2019. They transferred loan servicing to XXXX effective with the first payment on XX/XX/2019. I set up autodraft for the payment, and the first payment was successful. Two weeks later I received notice that the loan had been sold to XXXX, and the servicing was now being transferred to XXXX XXXX   where I also set up a new autodraft. The notification from XXXX states in bold letters across the top : No action is required on your part. 

On XX/XX/2019, the prior servicer, XXXX, pulled a payment in the amount of {$3300.00} for a loan they no longer held servicing rights to. On XX/XX/2019, XXXX pulled their regularly scheduled payment as they now hold servicing rights to the loan. 

I contacted XXXX, authenticated in the IVR, opted to speak to an agent ( who required full authentication AGAIN with the same information! ), shared the information above and asked how this would be resolved. He said that since this was no longer showing as an active loan in the system, he had no information including the payment drawn on XXXX XXXX. He recommended that I write to XXXX to request a refund. 

I have reached out to XXXX as directed, and am also lodging a complaint here as this should not have been necessary on my part based on the formal letter received from XXXX."
3061,Consumer loan,"Nelnet has improperly calculated my 5 years of continuous teaching multiple times as part of my XXXX Loan Forgiveness Application. I am using the XXXX  Loan Forgiveness Application downloaded from the Studentaid.gov Web site as the authoritative document for instructions and definitions in filling out the XXXX  Loan Forgiveness ( XXXX  ) application. This downloaded application has an expiration date of XX/XX/XXXX. 

The instructions on page 3 of the XXXX application in Section 7 state : If you need to list multiple XXXX or need more than one XXXX XXXX certification, the information required in Section 5 may be provided on a separate piece of paper and submitted with your completed form. 

Attached are the second page of my submitted application and an additional sheet which contains a completed XXXX XXXX XXXX Section only. To be clear my submission has always been three pages. Page 1 and page 2 are sections 1 thru section 5 of the XXXX application. Page 3 was a copy of page 2 with only section 5 completed. 

On page 4 of the XXXX application in Section 8 defines : An academic year is : Two complete and consecutive half years at different schools or for different XXXX  service agencies. 

The dates in the attached certifications are shown as follows : XXXX XXXX XXXX XX/XX/XXXX thru XX/XX/XXXX, and the XXXX XXXX XXXX XX/XX/XXXX thru XX/XX/XXXX. I am claiming the following continuous years of service : XX/XX/XXXX XX/XX/XXXX ( XXXX year of XXXX XXXX XXXX XXXX ), XX/XX/XXXX XX/XX/XXXX ( XXXX year of XXXX XXXX XXXX XXXX ), and XX/XX/XXXX XX/XX/XXXX ( 4 years of XXXX XXXX XXXX XXXX  ). This service meets the requirements of 5 years of continuous service."
3062,Debt collection,I have tried several times to let the three credit bureaus and creditors know that I am permanantly XXXX and collect XXXX benefits to live on. All three credit bureaus and creditors have gotten together to damage me and my credit. The credit bureaus and creditors refuse to remove the collection accounts from my credit reports. Causing me to have bad credit. I even got a call from a debt collectors from XXXX XXXX saying that I could be arrested if I didn't pay off the debt. But they never sent me court papers. I dont want to go to jail for money I dont have. I just want all of this to stop. I dont have the money and I want it removed from my credit reports.
3063,Credit reporting,"On Friday, XX/XX/XXXX, I received notification from Experian of an email address change for my account with them. I did not initiate this change. My account was taken over. In an attempt to reset my credentials online, I discovered all the hacker needed was access to my email address, DOB and SSN. These XXXX pieces of confidential information have obviously been compromised. There is no obvious evidence of anyone unauthorized accessing my email ( although I acknowledge they are very capable of covering their tracks XXXX. On the Experian site, I also observed a partially masked email address of XXXX ( not my email address ) confirming their assertion changes had been made to my profile. Although I replied to the message I received from Experian, and sent an additional notification to the email address provided in their automated message, Experian does not have a phone number to speak to a human about this matter. Instead, I am left to contact each creditor and find apply all protections available to me with no assistance from Experian. They made this problem possible. I'm left to clean it up."
3064,Debt collection,"I am submitting a complaint against XXXX XXXX. This company has placed a collection on my reports claiming to be collecting for XXXX XXXX. 

XXXX XXXX has not onced properly verified or validated the debt according to the FDCRA. Also XXXX XXXX has no legal right to collect the debt and the reporting of the debt is violation of the FCRA. 

This third party debt collector that has no Contract between i and them has no legal right to collect on this debt or place themselves in this matter."
3065,Debt collection,cedar business services trying to collect debt on behalf of XXXX  online home furnishing and they have put it on my credit report with XXXX and XXXX  I have never opened any credit account or bought anything from them on XXXX
3066,Debt collection,"Please see all of the documentation attached. The original creditor is XXXX XXXXXXXX, the collection agency is LVNV Funding C/O Resurgent Capital Services. 

I was a victim of identity theft and I have been dealing with this matter since XXXX of XXXX. I filed a police report as requested by XXXX XXXX since the debt did not belong to me. The police report is attached. 

I went through the entire verification process and XXXX XXXX sent me a letter stating : "" Thank you for contacting XXXX XXXX XXXX On XX/XX/XXXX, we received your police report. Based on the information received, we are holding you not responsible for the current balance on the above-referenced account. We have submitted a request to remove this tradeline from the consumer reporting agencies. Please allow the agencies approximately 60 days to update their records. lf you have additional questions, please call our Fraud lnvestigations Department at XXXX between XXXX XXXX. and XXXXXXXX XXXX, Monday through Friday ( Pacific Time ). '' PLEASE SEE ATTACHMENT NO. 4 According to my credit profile, LVNV was deleted from my credit profile on XXXX XXXX, XXXX. They are the collection company who purchased the debt from XXXX XXXX where I was a victim of identity theft. This account was added back to my credit profile on XX/XX/XXXX, and it decreased my credit store significantly. 

I have made several attempts and asked all three bureaus along with LVNV to remove this from my credit profile and also sending relevant documentst that this does not belong to me and they have refused to remove it from my credit profile. The reinserting a debt that had been previously verified as not belonging to me and deleted violates my rights."
3067,Mortgage,"My loan just got transferred so I called my loan company to see how I can remove PMI as my home value is passed the 20 % rule. when I talked to them they told my my home did not qualify for PMI removal since its been passed 2 years and would require 75 % to remove it even though I had a XXXX that showed that and they told me I would of needed to do a huge improvement to the home which I told them I put in a new {$20000.00} retaining wall and repainted the house interior and exterior, updated kitchen and bathrooms and he told me it didn't matter, that they couldn't do it. I told them no where on the CFPB website does it state the 75 % or the 2 year requirement and they told me it was XXXX XXXX rules they couldn't do anything about it."
3068,Credit reporting,"This CFPB complaint has been filed to request pursuant to FCRA 605B ( 15 U.S.C. 1681c-2 ) that you, the Experian and XXXX credit reporting agency , block information appearing on my consumer credit report that is the result of identity theft and fraud within 4 business days of you receiving this complaint. This fraudulent, inaccurate, and false information consists of : LIST OF ITEMS TO BE REMOVED XXXX XXXX ( Original Creditor : XXXX XXXX XXXX XXXX XXXX XXXX XXXX XXXX XXXX XXXX XXXX XXXX XXXX XXXX XXXX XXXX XXXX XXXX XXXX XXXX XXXX XXXX XXXX  These accounts have resulted in several fraudulent hard inquiries and fraudulent collections appearing on my consumer FICO credit report. I've attached a list of the hard inquiries in question as well as a copy of the consumer FICO credit report maintained by you which shows the aforementioned fraudulent items. I do not recognize the aforementioned accounts, collections, or hard inquiries as reported. The aforementioned accounts, collections, and hard inquiries appearing on my consumer credit report maintained by you were not opened, made, or initiated by me. All of the aforementioned accounts, collections, and hard inquiries are the result of identity theft and fraud. I have attached a copy of FTC Identity Theft Criminal Complaint # ( private case number ) as proof from the US Federal Trade Commission that all of the aforementioned consumer credit accounts, collections, and hard inquiries are the result of identity theft and fraud."
3069,Credit card,"In XXXX or XXXX of 2015 Macy 's changed their credit card from a XXXX to an XXXX card. At the time, we had the XXXX card set up on our Bill Pay system. As our use of this card is occasional and only used at Macy 's, we depended on the Bill Pay process and paid when notified a bill was due. When the account changed to XXXX, apparently the bill pay information did not transfer. This would have been OK, assuming that they notified us via email or with a paper statement that an amount was due. Last night, our card was declined at Macy 's and we were informed that we were overdue and owed {$480.00} dollars, including late fees and finance charges of {$120.00}! When we called, we were offered a relief of {$38.00} dollars, which we declined and disputed the fee. When asked how the billing statement was delivered, the agent said via email. When asked what email was used, the agent could not cite the email. Effectively, we were not billed or notified that we were behind payments in any way. If we had not attempted to use the card, the charges would have continued to accrue. We immediately paid the amount due, but their is no way to dispute the late fees and finance charges. It appears to us that the transfer of data and other information during the transition from XXXX to XXXX was improperly handled."
3070,Credit card,"On XX/XX/2023 I called XXXX XXXX and asked they not charge my credit card on the XXXX {$1000.00} ... .they refused .... I then called called the Wells Fargo business credit card department to stop any further charges from XXXX XXXX... XXXX suggested we cancel the credit card that XXXX XXXX was charging and then issue a new business credit card with a new account number... XXXX XXXX was unable to charge the credit card on the XXXX as it had been cancelled... I use a bookeeper that reconciles my checking and credit card accounts but she failed to bring to my attention a charge on the new credit card # XXXX of {$500.00} from XXXX XXXX on XX/XX/2023 and and a charge of {$610.00} from XXXX XXXX on the same new credit card # XXXX on XX/XX/2023 ... XXXX XX/XX/XXXX I contacted the Wells Fargo Fraud department a gave them a full picture of what had happened and suggested that someone inside Wells Fargo must have given out the new credit card #. I was told they would open a fraud situation and that some one would contact me within 2 days ... ..on Friday the XXXX I received a call from XXXX from XXXXhe "" Executive Office of Fraud '' Wells Fargo and she was unaware of the facts in this situation ... .she assured me she would be the one to call me back ... XXXX, the XXXX of XXXX, I spent an hour and thirty minutes getting bounced around from department to department and finally to a XXXX in the Fraud office who told me there was no case open on my situation but that she would cancel my current card and open the case on this situation.I asked for a case # and she said she did not have one..she gave me a phone number for the fraud office of ... XXXX for me to contact someone ....."
3071,Debt collection,"I have been in contact with Transworld Inc. multiple times prior to my most recent written communication. During these prior interactions, I verbally requested validation of a debt they allege I owe related to an apartment complex listed as XXXX XXXX ( also known as XXXX XXXX XXXX ). Despite these repeated requests, they failed to provide proper documentation. 

On [ insert exact date you sent the letter ], I sent a formal written request for debt validation under the Fair Debt Collection Practices Act ( FDCPA ), 15 U.S.C. 1692g. In that letter, I requested : An itemized breakdown of the amount allegedly owed The name and contact information of the original creditor A copy of any lease, billing statement, or final invoice related to the account Proof that Transworld Inc. is legally authorized to collect on the debt To date, I have not received the requested documentation. Furthermore, Transworld has continued to report this debt to credit bureaus, despite being legally obligated to cease collection activityincluding reportinguntil the debt has been validated. 

This ongoing reporting is impacting my ability to secure safe housing. I believe this violates my consumer rights under the FDCPA. I am requesting that the CFPB intervene to require Transworld Inc. to either provide the proper documentation or cease all collection activity and remove the tradeline from my credit report"
3072,Debt collection,"MIDLAND CREDIT MANAGEM Original creditor : XXXX XXXX XXXX XXXX. I recently received an alert from XXXX stating that I had a new collection account in the amount of {$1200.00} naming MIDLAND CREDIT MANAGEM as the reporting company. I do not owe a balance of {$1200.00} to XXXX XXXX nor have I received any phone calls or letters from MIDLAND CREDIT MANAGEM informing me of the debt or giving me an opportunity to dispute. When I call MIDLAND CREDIT MANAGEM they put me on hold and never confirmed the amount owed on the debt or provided proof of the debt. 
I disputed this with XXXX however I still have not received proof of the debt OR proof that MIDLAND CREDIT MANAGEM provided me the right to dispute as required by law I think it is only fair and equal to remove this collection completely off my credit report and XXXX correct my XXXX  score."
3073,Bank account or service,"On XX/XX/year>, Chase closed my account & my fund are still being held. Originally my funds were being held because Chase needed to verify that the payee of the funds, XXXX XXXX, approved for the funds to be deposited into my account. After they verified XXXX on XX/XX/year>, I was told that it would take XXXX business days for my funds to be released & another XXXX business days for me to receive my check. My XXXX, also received a letter in the mail stating that a check would be mailed out in XX/XX/year>. On XX/XX/year> I learned that my case was closed & had to be reopened because there was an additional investigation being completed aside from the first one that was completed on XX/XX/year>. On XX/XX/year> I was told that the release of my funds was denied & there would be an additional investigation, so a third investigation. I was not told why or how long it would take for this investigation to be completed. XXXX are currently going through a financial XXXX due to Chase still holding out funds after the deposit was verified by XXXX. Chase has held my funds for over a month now & I still have no idea when or if I will receive them. This will be my third complaint & no resolution. I have been XXXX  due to the XXXX this entire ordeal has caused me. I have bills that are past due, that I have been trying to postpone waiting on Chase to receive my funds."
3074,Money transfer or service,"A person who goes by "" XXXX XXXX '' has continued to fraudulently use my phone number, which I have had for almost one year. It is a free phone which I qualify for due to limited income. Venmo is refusing to update my phone number on my account or even attempt to verify it's mine, by inbound or outbound call or text to my number. I recently had issues with my number being used in a fraudulent manner with a food delivery service account where the number was still being used by the other party. Venmo has asked me to "" show my bill, "" which I have attempted to explain there is none, with the free phone service. They have made no efforts to attempt to verify my ownership of this phone in any other way. We have reached an impasse and agent "" XXXX '' refused to allow me to update my phone number, or escalate the issue to someone who may be able to help, in an email attempt on my part from XXXX."
3075,Mortgage,I have communicated with  XXXX  from bayview loan servicing on  XXXX / XXXX /   2017  and told her that bayview loan servicing is doing fraud by charging me for insurance and not paying  XXXX  insurance.     In  XXXX   2017  I got a call from my insurance agents office stating that they havent received a payment for the insurance in the sum amount of  XXXX   XXXX .     Consequently I made a payment of  XXXX  and this is reflected on my credit card statement.     I have asked bayview loan servicing to please pay my money back plus the interest that they have charged me.     But the attitude of bayview loan servicing is like of a  XXXX . They are stubborn and they dont want to resolve their mistakes
3076,Bank account or service,"Wells Fargo as a means of retaliation has started to harass me with an email insisting I owe them for charges they paid on their own free will and against my authorized consent. They refuse to provide proof of my alleged misuse and an explanation as to why my account was charged without over draft. They insist my cards were closed to avoid loss but ignorantly paid out over {$3000.00} to XXXX XXXX. The first error they made in XXXX there was no backlash. Now because I've fought back and spoken up I am being threatened and harassed with a debt they willfully incurred. It's retaliatory and I will not allow Wells Fargo to bully and harass me. They have lied about investigating the matter and failed to render a precise and thorough investigation. Had they done so the recorded call that I placed where I was told my cards were canceled due to my being attacked nothing I did would've been found and reviewed. However they never asked for the exact date and time. Now they are adding insult to injury and increasing my stress level with this frivolous collection notice. They chose to pay charges it's their responsibility to cover it due to my being the customer. But it proves that my financial status doesn't support my being a valued customer. It's discriminatory, XXXX, retaliatory and absurd."
3077,Consumer loan,Greatlakes is representing their lender in managing my private loan and they constantly harassing me and the cosigner. I 've submitted letters asking for a lower payment because I can not afford to pay back over {$700.00} per month. They refused to work with me and issued blanketed statements such as private loans are not eligible for income-based repayment. I did not ask or apply for such a thing and this is utter nonsense as other institutions have options to lower payments for private loans. I presented the situation that I 'm unable to make payments in full and would need it lowered. I do not plan on defaulting the loan that 's why I asked for help. They refused to go back to the lender and work with them to find a solution. They would call and harass me daily without providing a solution. I ask that CFPB step in to find me a solution. They 're damaging my credit by keep reporting late payments without providing a satisfactory resolution. This is modern day discrimination and we need to escalate to the highest level.
3078,Debt collection,"I use to have XXXX, I cancelled them because I sold my house and moved to where they do n't offer service. I returned all my equipment to XXXX store and was told to wait for my final bill to reflect the equipment being returned. I never received any final bill, I even had mail forwarding on. A month later I received a letter from a collections agency named Kenneth, Eisen & Associates, Ltd. I contacted them and told them that I had not received my final bill and the guy said it was sent over to them. I asked him if it would go on my credit and he stated since I paid it immediately in full that it will not go on my credit. Here its years later and its affecting my buying my house."
3079,Debt collection,"I am filing this complaint against XXXX and Caine & Weiner for unfair and deceptive debt collection practices. 
XXXX sent my debt to collections ( Caine & Weiner ) while still attempting to charge my bank account. 
I never received a written debt collection notice at my old or new address. If They may have emailed me, but I lost access to that email over a year ago. 
On XX/XX/year> XXXX attempted to charge my bank account 9+ times in one day, and one charge went through. 
Caine & Weiner has contacted me multiple times regarding the same debt, yet XXXX is still trying to collect from me directly. 
This violates the Fair Debt Collection Practices Act ( FDCPA ) and consumer protection laws. 

I am requesting that CFPB investigate these unfair practices and stop any further collection activity against me"
3080,Consumer loan,"Hi, I have a student loan account with American Education Services/XXXX XXXX  XXXX They are reporting that there was a XXXX  day late payment for XXXX of XXXX  and XX/XX/year> on my student loan payments. Howver, a payment was made on those months for my student loans with AES. I also brought up with AES the favct that the country was going through the height of the XXXX pandemi during that time period and that the payment might have appeared late or have been processed and applied late because of this fact. However, AES still refused to remove the XXXX  day late payment that was reported on my credit report for these months. I am contacting you to see if you might be able to help pursuade AES to remove these late payments from my credit report. As it is the only thing negatively affecting my credit score. Thank you in advance for your help in resolving this dispute. 

Sincerely, XXXX XXXX"
3081,Consumer loan,"My loan is with XXXX XXXX, XXXX XXXX XXXX. Please note I had a loan with this company before and had no issues, but have had nothing but run around and dishonest interactions. 

I have had trouble in the past with them not applying my payment to the account. 
When I first got this loan - they applied my payments to my closed account and told me they would fix it, which they never did, they just sent me checks and stated I did not pay. 

Just happened again, they noted my last payment was received in XX/XX/XXXX, when I have the check from my bank clearly reflecting that I paid in XXXX, they cashed the check. MyXX/XX/XXXX statement does not reflect a payment received by them XX/XX/XXXX and which posted to my account on XX/XX/XXXX.

I called them today twice, XX/XX/XXXX. First time they hung up on me and the second time an employee named XXXX or XXXX, informed me that I must pay XXXX dollars to stay current. They are not honest and not helpful. He says there is no record of my payment dated XXXX. I immediately called XXXX bank and they verified the payment was received and cashed. 

I did send email on XX/XX/XXXX and received no response on XX/XX/XXXX, so I called and only got "" we never received it '' and asked why I missed a payment. Also note my XXXX payment was sent by XXXX on XX/XX/XXXX, and they have not cashed that check yet. 

Again, this has happened before and I do not want them to attempt to cancel my GAP insurance for late payment because I have never made a late payment. Also must assure my credit report is accurate, as I can see them reporting me as paying late when in fact I am a month ahead always in payments. Please help me and assure they correct the loan payment calculation as well."
3082,Debt collection,"Dear, Consumer Financial Protection Bureau I am writing to dispute the following information on a lien judgment. I recently discovered this while trying to refinance my house. The below debt was previously discharged by my bankruptcy. 
The case number was XXXX. Discharge date XX/XX/17. By order of the United States Bankruptcy Court : XXXX District of XXXX, by the honorable Judge : XXXX XXXX XXXX Dispute 1 Account Number or other information to identify account : Citibank Credit Card account number is XXXX. Mailing address was XXXX XXXX XXXX XXXX XXXX XXXX XXXX. Amount of claim was {$25000.00}. 

Debt sold by Citibank, to XXXX XXXX XXXX XXXX XXXX XXXX XXXXXXXX XXXX XXXX XXXX, XXXX XXXX. Phone : XXXX. Acct. number XXXX This creditor XXXX XXXX XXXX is now pursuing me, reporting bad debt and refusing to release Lien judgment.

Debt was included in Bankruptcy that was Granted and Order Discharged by the United States Bankruptcy Court of XXXX XXXX on XX/XX/2017 Please review this and help me reach a favorable resolution. Your help is greatly appreciated. 

I have attached a copy of my bankruptcy papers with the account in question circled. 

Thank you for your assistance. 

Sincerely, XXXX XXXX XXXX XXXX ) XXXX XXXX ( See attached copies 14 pgs. ) Order Of Bankruptcy Chapter XXXX Discharge Lien Judgment Schedule F Creditors List ( Listing XXXX XXXX XXXX ) Trustee Ledger ( Listing XXXX XXXX XXXX ) Notice of Chapter XXXX Trustees Interim Final Report ( Listing XXXX XXXX XXXX ) Creditor Mailing Matrix ( Listing XXXX XXXX XXXX. )"
3083,Bank account or service,"Today - XX/XX/2022, I spoke with an individual by the name of XXXX - that works in the "" unclaimed property department '' for Bank of America. I asked her to place my funds placed back in my bank account. She placed me on hold and came back to the phone conversation and began reading the disclosure from the bank that stated, whenever the bank can not contact the bank customer- they send the funds to the state. 

The problem I have with this is that the letter I received yesterday XX/XX/2022, was the "" first and only time '' I received anything from Bank of America, and the letter that I have attached states "" Escheatment of abandoned account to state '' The assistance I am seeking is to have my funds placed back into my account. Bank of America has chosen to step bounds without properly contacting me ( as stated in their own disclosure ) to find out if I was still alive. Bank of America, I am still alive and don't take it upon yourself to make decisions for me when I am alive to make them for myself. Place the funds back into my bank account."
3084,Money transfer or service,"The incident is about a WIRE TRANSFER. I was involved in a Love Scam. I do admit that i WIRED the money to capital one ( acct : XXXX rtn : XXXX ) the name on this account is under ; XXXX XXXX XXXX XXXX the amount of the transaction was {$40000.00} us dollars. 
The bank Captial one, called me on XX/XX/2018 to advise me that the wire i had submitted was Fraud! I have been calling ( XXXX ) XXXX rep XXXX is the one that called me and the next day it was XXXX from Capital one. I requested them to cancel and stop the wire from being transfer to that business account. 

The bank Capital one has advise me to call my bank to do a re-call and a hold harmless letter. I have been contanting my bank XXXX XXXX XXXX XXXX XXXX ( XXXX ). My credit union has not been able to do the recall, because they dont have the system to do the recall. 
I have contacted a lawyer and I have also submitted a Complaint referral form to the FBI called Internet Crime Complaint Center ( ICCC ). 
The FBI agent XXXX XXXX ( XXXX ). He has called my credit union and asked for XXXX XXXX ( XXXX ) XXXX she is in the fraud department. The FBI agent also called the wire dept for XXXX and asked for XXXX XXXX ( XXXX ) XXXX and he also emailed the wire dept XXXX, and got no where with them. They have not been able to follow the FBI instructions. 
They are not able to do anything for me! 

I need you, CFPB to help me regain my money. I need my money back. No one has been about to help me. I have mailed the FBI compliant letter to Captial one and i have emailed them the form too, to FDIC ( XXXX ) and to Captial one abuse email. They have it in an email and a physical paper of the FBI Complaint. 

Please tell me what to do. Thank you"
3085,Money transfer or service,"On Friday XX/XX/XXXX I had noticed a deposit to Robinhood with my bank bounced and I cleared it with my bank that it was legitimate. They instructed me to try again, at which when I tried to, my Robinhood account was frozen. They said my account is restricted for unusual activity. Said I would receive an update by XX/XX/XXXX. I'm writing this the night of XX/XX/XXXX. I have had almost no communication from Robinhood, I've requested calls back and have gotten nothing. They are holding my account XXXX and I can't even complete my deposit."
3086,Mortgage,"We were contacted by Rocket Mortgage XX/XX/2020 informing us we were eligible to refinance. Representative said our home maximum appraisal was {$290000.00} and that a {$280000.00} figure would be 'comfortable ' to complete the application. We were aware of and charged a {$400.00} appraisal fee, which would be returned upon closing. A substantial monthly savings was greatly anticipated due to recent XXXX XXXX  and treatments incurring thousands in medical expenses. Our home appraisal was {$240000.00} despite being substantially larger and very, very well maintained than similar homes in the vicinity. The low appraisal negated the refinance. We requested a refund of the appraisal fee, due being misled by Rocket Mortgage representative regarding the appraisal value upon our initial conversation. We were also told by another representative that we were ineligible to refinance anyway because we had refinanced with Rocket Mortgage XX/XX/2020, nine months prior, we had to wait 12 months to refinance again. This is/was information mortgage professionals know beforehand in the mortgage industry. We were told we would be contacted regarding the request to return the {$400.00} appraisal fee because of the inaccurate and uninformative information but have yet to be contacted by the Rocket Mortgage representative we have spoken with. Thank you for your assistance."
3087,Credit reporting,"Back in XX/XX/XXXX I requested for Experian to validate and delete 3 negative paid/charged off/inaccurate/discharged/closed account for the U.S Department of ( Account # XXXX. Amount {$0.00}, Account # XXXX. Amount {$25000.00} & XXXX. Amount {$21000.00} all closed ) from my credit report. I have sent my last 4th letter to Experian on the XX/XX/XXXX. I have not received any copies contacts promissory notes or accounting records in regards to my request. I called Experian customer service and their rep said they do not have any certified copies proof contacts, promissory notes or accounting records for the debt they claim I owe and display to business and other people through there service portal. XXXX  has deleted these accounts from my credit report within the 30 day time frame after not being able to validate or forward me the copies I requested for. My XXXX credit score is  XXXX & XXXX credit score is XXXX while my Experian credit score is in the mid XXXX. These items are negatively impacting my Experian credit score. I have also been permanently XXXX since XXXX and I have reported this to the Department of Education, loan lenders and collection companies. Experian is involved with illegal business practices and is committing fraud on various levels."
3088,Consumer loan,"Since Friday of last week, XX/XX/2023 I have been told that I was approved and was to receive my funding on Monday XX/XX/2023. I have XXXX  and XXXX  currently and needed my granddaughter to speak for me. I sent in everything requests and even set up auto pay and picked the date of when my payments will be deducted and they still won't speak to my granddaughter or send me my money. I have SEVERAL calls and emails to prove such. I just want my money. Can you please help me? 
XXXX XXXX"
3089,Credit reporting,"I'm following up on my previous communication regarding accounts on my consumer report linked to identity theft. I never authorized these accounts with a written signature. I formally request the immediate blocking and removal of these fraudulent accounts from my report. 

These inaccurate entries have caused significant emotional and financial distress, misrepresenting my credit history and responsibilities. They've hindered important financial goals, including purchasing a home and providing for my family."
3090,Bank account or service,"I am complaining against Chase bank XXXX XXXX branch in XXXX, CA. It is regarding the recent promotion if you deposited {$250000.00} and leave it for 90 days, the bank will award me with {$2000.00} cash bonus and deposited to my checking account. 
I opened the account and deposited {$250000.00} to my chceking on XXXX XXXX and I fulfill all the stipulation and follow the term and condition as the banker XXXX XXXX instruction . 
and here is the instruction as the banker gave it to me - please see attached after the 90 days lapse, I checked and met with the personal banker XXXX XXXX in XXXX XXXX. And according to XXXX, I was not eligible for the promotion. 
I felt cheated and misguided since I follow all the term and requirement for the promotion. And I asked to speak with the branch Manager : XXXX XXXX, however i was told that she is on maternity leave and noone know when she is coming back. 
The banker was telling me that there is no dispute about why I am not receiving the Cash bonus and Why he had not tell me this prior to XXXX XXXX. I think Chase was taking advantage of myself and Coming from the Veteran family, I felt that Chase is not acting fairly and misleading the client."
3091,Mortgage,"I have a mortgage loan with Santander bank, and have been having difficulties paying my mortgage since I lost my full-time job in XXXX. I was denied Loan Modification 5 times over the past 4 years, the most recent being XXXX XXXX. In XXXX XXXX, I received help from CHFA ( in the form of a Loan - with deferred payments ) and brought my account current. 
Because the mortgage loan was never modified - I am still paying an interest rate of 5.75 % and the payments are almost {$1600.00}, I fell behind again in XXXX. 
I continue to make payments, and on XXXX XXXX, XXXX I had made enough payments totaling one month 's mortgage. 
However, Santander DID NOT apply the payments to my account, but instead sent my information to an attorney to begin the foreclosure process. On Monday XXXX XXXX, I received a letter from XXXX XXXX XXXX regarding said mortgage. I also received - on that same day- a mortgage statement dated XXXX XXXX, showing the unapplied funds. I immediately called Santander and spoke with XXXX XXXX, who could not give a valid reason why they did not apply the {$1500.00} to my account. 
Subsequently the mortgage company refunded me in XXXX installments the XXXX for {$790.00} received on XXXX/XXXX/XXXX and the XXXX for {$800.00} received on XXXX XXXX, XXXX. 
Santander Bank, by their actions FORCED me into foreclosure to suit themselves. Instead of assisting me to keep my house they are trying to forcible take my house from me. 
I am also a Social Security XXXX recipient. 
I have a modification package which I will complete and return to them within the next few days. 
Please investigate. 
Thank You XXXX XXXX XXXX"
3092,Credit reporting,"Contacted Equifax numerous times regarding my issue with no avail. 


Numerous fraudulent accounts remain on my account. For example, there are 5 hard inquiries I never made that haven't been removed from Equifax, yet they were removed from XXXX and XXXX. 

Also. I told Equifax to physically mail me my disputes and they continue to only offer them online. When I type confirmation in THEY PURPOSELY DONT ALLOW ME TO ACCESS INFO BY SAYING THEY COULD NOT VERIFY ME.REALLY? WHY CANT U BE NORMAL COMPANY AND REQUIRE USERNAME AND PASSWORDS. 

I AM REQUIRING EQUIFAX TO MAIL RESULTS COMMUNICATE WITH ME IN WRITTING VIA STANDARD MAIL! 

SOCIAL SECURITY NUMBER IS XXXX All data below is fraudulent inquiries, accounts and collections REMOVE IMMEDIATELY Inquiry details : XXXX XXXX XXXX XXXX XXXX XXXX. 
Inquiry from XX/XX/XXXX Telephone Companies XXXX/XXXX Inquiry from XX/XX/XXXX Mail Order Firms XXXX XXXX XXXX Inquiry from XX/XX/XXXX XXXX   XXXX XXXX XXXX Inquiry from XX/XX/XXXX XXXX/XXXX Inquiry from XX/XX/XXXX XXXX XXXX XXXX XXXX. 

Collections : ( fraud ) XXXX XXXX Sys Opened XX/XX/XXXX {$370.00} Original creditor : XXXX XXXX Accounts open/closed ( fraud ) XXXX   XXXXREMIER {$570.00} Closed XXXX XXXX XXXX Closed : XX/XX/XXXX {$33.00} Closed OTHER LOANS XXXX XXXX {$570.00} Closed"
3093,Money transfer or service,On XX/XX/year> XXXX transaction for {$60.00} was sent to a cash app user $ XXXX. It failed multiple times but the last one went through. Not long after multiple {$40.00} payments failed to go through. I reported it to cash app and requested a refund aswell
3094,Money transfer or service,"My company used XXXX for all our transactions for my XXXX business ( XXXX XXXX, XXXX. ). In the month of XXXX we used XXXX to collect {$74000.00}. XXXX put a hold on transferring this money to my account due to a fraudulent claim. There was not any fraud involved. They have already taken the money from my customer and are holding onto it. every attempt we have made to collect these funds have been met with people giving us the run around. All of our direct contacts have done nothing to help us and have even gone as far as to avoid our calls. It has been almost 60 days that they have been holding onto my money and I need it deposited to make payroll for my employees. At this point I need any help I can get to get my money deposited."
3095,Bank account or service,"Regarding : Unlawful Retention of Deposited Funds & Failure to Resolve Processing Error Disputed Amount : {$390.00} Principal + {$4.00} Lost Interest = {$390.00} Total Demanded Statement of Facts : On XX/XX/year>, Capital One abruptly reversed a valid mobile check deposit of {$390.00} under the pretense that the maker rejected the check. Prior to this reversal, Capital One sent an electronic notice instructing me to securely destroy the physical check, which I did in good faith compliance with their policy. For over XXXX months ( 140 days ), multiple phone calls with customer service representatives and management personnel and an out of state visit to a local branch, Capital One has failed to return my funds. Despite my immediate escalation and providing overwhelming verified proof from the check maker confirming the check was never denied or stopped, Capital One has engaged in bad-faith stalling tactics. Multiple inner bank investigations were opened on this matter with no resolution or escalation. Consequential Damages & Resolution Demand : Due to Capital One 's prolonged processing failure, I was barred from moving my money into a Capital One 360 Performance Savings Account and blocked from accumulating a XXXX variable interest on my principal balance. Based on actual historical tier rates for my intended savings account from XX/XX/year>, through XX/XX/year>, Capital One 's delay has cost me exactly {$4.00} in lost yield. The exact daily breakdown is as follows : 16 days in XXXX at 3.30 % APY ; 31 days in XXXX at 3.24 % APY ; 30 days in XXXX at 3.19 % APY ; 31 days in XXXX at 3.10 % APY ; and 30 days in XXXX at 3.00 % APY. I was able to receive a statement from the bank that the deposit check with cashedon stating that my check was not refused, and the money was taken out of their bank and now XXXX days later I still havent heard anything from them."
3096,Money transfer or service,"I am filing this complaint against XXXX XXXX XXXX XXXX XXXX for their unreasonable and ongoing failure to credit a refund of XXXX XRP that was sent to my XXXX XXXX wallet on XX/XX/XXXX, issued by another Cryptocurrency Exchange ( XXXX ). Key Facts and Timeline : On XX/XX/XXXX, XXXX refunded XXXX XXXX to my XXXX XXXX wallet, but it was not credited to my XXXX XXXX Wallet. XXXX repeatedly instructed me to have XXXX send direct confirmation emails to XXXX with my email address in the CC field in order to complete the refund process. I fully complied. XXXX Support sent two official confirmation emails directly to XXXX as requested : XX/XX/XXXX at XXXX XXXX XXXX XXXX XXXX XXXX XXXX XXXX XXXX XXXX ( resent after XXXX claimed they could not locate the first email ). On the same day ( XX/XX/XXXX at XXXXXXXX XXXX XXXX XXXX again responded that they are unable to locate any emails from XXXX on this matter.XXXX Both emails have the subject : Confirmation of Refund Processing Ticket ID XXXX / XXXX, clearly show XXXX as the main recipient, are CCd to me, and contain full transaction details plus references to XXXX own tickets. I have followed every single instruction XXXX provided for over four months. The funds remain uncredited with no valid explanation. Supporting Documents Attached I have uploaded the following complete records : Email conversations with XXXX ( 26 pages ) Email conversations with XXXX ( 8 pages ) XXXX First Email to XXXX XXXX XXXX XXXX XXXX XXXX XXXX Second Email to XXXX XXXX XXXX XXXX XXXX XXXX These files contain the full email chain, XXXX ticket numbers ( XXXX, XXXX, XXXX ), and the two XXXX confirmation emails showing clear delivery to XXXX."
3097,Credit reporting,"I 'm in the process of trying to get a mortgage from XXXX XXXX XXXX. In doing that XXXX looked at my credit report & saw some outstanding things:1.There was a judgement from XXXX back from XX/XX/XXXX which i do n't know anything about. 

2.There was a tax lien which I paid in full but needed it remoed earlier than XX/XX/XXXX in order for my credit score to go up to get a better mortgage. 

3.I also had a volunteer return for my old XXXX XXXX , but it shows as a "" repo ''. I was behind a couple months, then I contacted XXXX XXXX & drove the car myself to the dealer where I ought it from to return it. Once XXXX sold my XXXX, they gave me a check for the difference in balance, so how can this be a repo if XXXX gave me a check for the difference when the vehicle was sold? 

4. There 's also a collector trying to get {$200.00} from when I was in the emergency room, however I have Full medical coverage from my work & i paid the co-pay to the hospital. The emergency visits are covered. How can the hospital try to collect from me, when I already paid the co-pays? 

I just called Experian & XXXX XXXX this morning to get all of the above issues investigated. However, I had to do with automated teller, then deal w/Phone operator which did n't have a good attitude, so I 'm afraid that they may not process correctly? I hope that you guys can help me in following up with them to make sure that they remove these outstanding issues in order for me to get a better credit score so that I may get this mortgage from XXXX XXXX XXXX & start a new chapter in my life with my wife. 
Thank you in advance for your help in this matter"
3098,Mortgage,"In process trying to refinance with LoanUnited.com -- - Started Refinance on XX/XX/2021 with LoanUnited representative Mr. XXXX XXXX. 

XXXX XXXX XXXX Mortgage Loan Originator XXXX  # XXXX | Email : XXXX Direct : ( XXXX ) XXXX | Fax : ( XXXX ) XXXX Toll Free : ( XXXX ) XXXX ext XXXX Received email and multiple telephone calls that we were going to close on XX/XX/2021 .... and have received no further notifications other than an email stating please be patient ... no calls, nothing .... Seems vastly unprofessional and I would be terminated if my customer service skills were performed at the same level as this company. 

I've asked to speak with the CEO/Owner or whomever is in charge and nothing, no response, no attempts at contacting me by phone or email. As a side note I have sent multiple emails voicing my frustration with no response as well, other than an email from Mr. XXXX stating to please be patient ... this company should be shut down and those at the top should be thrown in prison. 

Additional contacts from emails I've received from LoanUnited.com are below : XXXX XXXX XXXX XXXX XXXX XXXX XXXX XXXX XXXX Loan Processor Email : XXXX XXXX : ( XXXX ) XXXX | Fax : ( XXXX ) XXXX Toll Free : ( XXXX ) XXXX ext XXXX XXXX  XXXX XXXX XXXX  XXXX XXXX XXXX"
3099,Bank account or service,"On XX/XX/XXXX I went to my Capital one branch on XXXX XXXX XXXX, XXXX NY XXXX and used the outside ATM on the left side. I withdraw money from my XXXX XXXX card and transferred most of the money to my Capital one account, however it would not take a XXXX dollar bill. I tried multiple times but It would not take it so I decided to wait till the next day to deposit it in person since the bank was closed. I went XX/XX/XXXX in person and they told me they need to verify if it's real. I said ok and waited. They came back to me and told me that it is "" potentially fake '' and that I somehow gave them fake money. I explained it came out of their own ATM machine and they said they can't prove that, took the money, and told me I can get it back with taxes. They have fake money in those machines, another customer came with the same complaint and they also turned him away and took his money as well."
3100,Debt collection,"XXXX XXXX XXXX XXXX XXXX XXXX XXXX XXXX XXXX XXXX XXXX XXXX Spring Oaks Capital , LLC XXXX. XXXX XXXX XXXX, VA XXXX Cease and Desist Account # XXXX Dear Spring Oaks Capital, I am writing regarding the above-referenced account. Pursuant to my rights under the Fair Debt Collection Practices Act ( FDCPA ), 15 U.S.C. 1692 et seq., I demand that you immediately cease and desist all communication with me regarding this account. 

I do not consent to further contact by phone, text, email, or postal mail from Spring Oaks Capital , LLC or any third parties acting on your behalf, except as permitted by law ( such as providing notice of specific legal action ). 

Be advised that any continued communication after receipt of this letter will be considered harassment and a violation of my rights under federal law. If such actions persist, I will file complaints with the Consumer Financial Protection Bureau ( CFPB ), the Federal Trade Commission ( FTC ), and my State Attorney Generals Office. 

I expect written confirmation within 15 days that Spring Oaks Capital , LLC will comply with this cease and desist demand. 

Sincerely, XXXX XXXX"
3101,Consumer loan,Green lineloans the Lender has been paid back XXXX to date on a XXXX dollar loan. After consulting with my attorney I found out they are not licensed to do business in the state of California and I over paid them XXXX which in the interests of good faith I 'm not asking for a refund. Thy claim I still owe XXXX and change.
3102,Credit card,"Please see attached letter which has all the details of this conflict. Truist has credited me with the smallest amount of the three disputed charges. 

I dont what else to do with them sort of Magistrates Court"
3103,Bank account or service,So I had an account and all of a sudden my account was closed and haven't been able to open an account anymore. I have no clue why exactly because I have not done anything to get my account suspended or canceled. What I do know my ex husband XXXX XXXX XX/XX/year> last XXXX of ssn XXXX I believe. He has remembered all and full information to change everything and has done allot to where he would change mXXXX XXXX XXXX  to where I couldn't get into it including my phone number.
3104,Consumer loan,"I used their service in XX/XX/XXXX or XX/XX/XXXX and ultimately had medical issues that forced me to fil for Bankruptcy in XX/XX/XXXX. 

Today, after more than a year, I received a call from XXXX XXXX at XXXX  ( she claims is a collection company working for XXXX. Her phone number XXXX ext XXXX. She has called my home, my cell and my work today to threaten to send an officer with paperwork tomorrow morning. 

I reminded her that I had filed for bankruptcy and she said they would file another type of charge against me if I didn't agree to pay a settlement amount."
3105,Credit reporting,"I had put a fraud alert on my credit report, customer services told me to send in identity theft affidavit report and in XXXX days all transactions related to identity theft will be processed and removed, this was done last year XXXX, I have not received no response or an update and since then transunion will not allow me to log into my account to view my credit report or to add an additional fraud alert or feeeze or to check the status of my disputes, they will not allow me to correct or delete any information on my report, I am a victim of identity theft, a victim of crime and a victim of XXXX, they have denied all of my rights I have in the fair credit reporting act, Ive called in spoke to several agent in the fraud department and all they told me was wait 72 hours from a call from a transunion representative and then Ill have access to my credit report, they lied no has called me, I did this XXXX times already. I wan na know why am I being treated like this, I have the rights to know what is in my credit report, I have the right to place a fraud alert or freeze if I am a victim of identity theft, I have a right to dispute inaccurate information in my credit report, XXXX  wont give me access to my transunion credit report, I have filed a claim with identity theft protection and I cant access any information or submit any claim form documents."
3106,Consumer loan,"On XX/XX/2019, the principal balance of one of my outstanding student loans was increased by {$2100.00}. The increase is itemized as a "" loan sale '' but I did not request any additional funds, nor did I receive such. Navient also did not notify me of this change, and I did not approve it. Because of this, and because this is not the first time Navient has made changes without my approval and outside what is allowed by my loan contract, I believe that my loan servicer is willfully defrauding me."
3107,Credit reporting,"Time has already passed but up until now, I havent heard any kind of response from the 3Credit Bureaus which made me decide to seek assistance from you. They have shown negligence and an act of refusal of complying with my request. I know for a fact that they are to comply with the Fair Credit Reporting Act law, to provide proof, documents, and give definite and accurate responses, within the given statutory time. However, if they failed to do so, they are obliged to remove the items which are erroneous and unverified.Their unfavorable and unacceptable actions have been hurting my credit scores immensely.Please see below the items I am concerned of : XXXX XXXX XXXX XXXX XXXX XXXX XXXX XXXX XXXX CARD XX/XX/2020"
3108,Money transfer or service,"I made a transfer of {$1200.00} from my PayPal account to my checking account on XX/XX/18. On XX/XX/18 I was notified that the transfer never went through because my bank account ( that I use every day ) was closed. Since there is no reasoning with idiots in XXXX, I reset two bank accounts with PayPal and made the transfer again on XX/XX/XXXX. Again the transfer never went through. Their answer was, wait 24 hours. After 24 hours, when the transfer did not go through again, their answer was, wait 24 more hours. On the third day when the transfer did not go through, I demanded to speak with a supervisor, who in broken English told me to "" wait 24 hours ''. After that, I scoured the internet for telephone numbers of PayPal offices in the USA and found a list. Most numbers were  disconnected but some were still executives of PayPal, who never returned any of my messages. Since then, I have tried & tried & tried to contact someone with Paypal who has a brain, but unfortunatly, there is no one there. On XX/XX/XXXX and XX/XX/XXXX I received a few emails telling me to wait 24 hours and another saying my bank account is closed. At this point I have cancelled further listings with XXXX, for fear that additional monies may go into my PayPal account. I simply don't know where to go from here!"
3109,Credit reporting,"Ive just received my credit report and noticed I unauthorized items that shouldnt be reporting to my credit profile. And in accordance to the FAIR CREDIT REPORTING ACT, XXXX account # XXXX as well as the fraudulent inquiries Ally financial and XXXX XXXX XXXX has violated my rights 15 USC 1681 602 A states I have a right to privacy 15 USC 1681 604 A section 2 states a consumer reporting agency can not furnish an account without my consent"
3110,Credit card,"I have a digital line of credit through XXXX issued by Synchrony Bank. I was sent a physical XXXX XXXX in the mail linked to my digital line of credit. I received numerous emails regarding the features of this new credit card. XXXX  credit offers special no-interest financing on qualifying purchases of {$140.00} or more if the purchases are paid within XXXX  months. The marketing materials provided with the physical credit card were misleading and not clear that purchases made using the physical card would not be eligible for the special financing. Language was used such as the following : "" Everything you love about your XXXX  Credit account is included in the XXXX  Credit Card. '' "" When you check out with XXXX, use your XXXX  Credit Card to unlock special financing on all purchases {$140.00} or more. '' Synchrony Bank chose to use vague language and chose not to explicitly state that this physical credit card was not eligible for special financing for in-person transactions. 

I used my XXXX credit card for XXXX transactions totaling over {$1000.00} thinking that the transactions would be eligible for the special financing. As such, I missed out on rewards I could have earned had I used my other credit card. The interest rate is also higher, so I'm left having to pay off those transactions before they begin accruing interest. ( The interest rate on my credit union credit card is less than 15 %. The rate for XXXX is 30 % +. ) I have essentially lost funds due to the misleading marketing content surrounding the physical credit card. 

This issue could have been avoided with more clear marketing materials surrounding this credit card."
3111,Money transfer or service,"I signed up to Gemini ( Gemini Trust Company LLC, XXXX XXXX XXXXXX/XX/XXXXl XXXX XXXX XXXX, New York XXXX United States ) on XXXX XX/XX/2020. I used the service successfully until XXXX XX/XX/XXXX. 

I discovered that my account was froze n on XX/XX/XXXX. I submitted a support ticket the same day. Gemini contacted me on XX/XX/XXXX to advise that my account was being reviewed by their compliance team. On XX/XX/XXXX, I receive an email appearing to suggest that the iss ue, from their point of view, has been resolved. However, from my point of view, it is not resolved : the account is still frozen. How I have been affected? 

I have XXXX GBP in my Gemini account. I am unable to withdraw it."
3112,Money transfer or service,"I am filling a complaint against Cash App ( block, inc. ) due to inadequate customer service and unfair practices, which violate the consumer financial protection act ( CFPA ). Specifically, cash app failed to take timely and effective measures to prevent an address fraud on their platform, leaving my account, vulnerable and unprotected. Furthermore, their dispute resolution process was unfair and deceptive, as they did not comply with error resolution requirements under the electronic fund transfer act ( EFTA ) and regulation E. These actions have caused significant inconvenience and financial loss, and I seek appropriate redress for these violations."
3113,Mortgage,"Hi, I have asked repeatedly for better mortgage to quit spamming me. I have blocked the initial individual ( XXXX XXXX ) so now they are emailing from a XXXX XXXX. 

Hopefully, this complaint will make them stop"
3114,Money transfer or service,"money was se nt to western union to  be picked up by this person Date of Order :  XXXX / XXXX /   2017  Amount Sent :  USD   XXXX  Receiver Name :  XXXX   XXXX  tracking number mtcnDate of Order (   XXXX   ) is :  XXXX  :  XXXX / XXXX / 2017  Amount Sent :  USD   XXXX  Receiver Name :  XXXX   XXXX  Status : Picked up Status : Picked up they gave me   XXXX    number which is  XXXX  when submitted to  western they say can not be found, dont know who to contact except western union"
3115,Credit card,"I was scammed, and was talked into giving the scammers my new credit card number. The scammers promptly charged up the credit card almost to the credit limit, which was {$25000.00}. I asked the company to investigate why the credit limit was set that high for a new card and new customer, and why I was told for two months that I had no debt before they started charging me {$24000.00}. I also asked them to investigate how it is that the scammers knew to specify that I open that particular card, and whether there might be somebody at the credit card company colluding with the scammers. The company just responded that because I had given out the number, it was implied consent ; they didnt make any response to the above concerns."
3116,Credit card,Hi my name is XXXX I got a discover card in it was used by someone else in I filled a dispute out in called them but they said they couldnt find fraud because the transactions were the same I made one transaction on the card which I told them I never made any other transaction now I have to pay a lot to fix everything I just want the limit to XXXX in Ill pay that but XXXX dollars i dont think that ok
3117,Mortgage,"On XX/XX/2023 we applied for affordable ownership. XXXX lending, denied to access for credit for affordable program, when our household were qualified for instance ; they offered an approval for buy someplace else, but not for those affordable homes in master community with XXXX homes value are. We were race discriminated, they violated the Fair Housing Act and True Lending Act. 

NFM Lending and XXXX XXXX don't following the XXXX  of health and safety code section XXXX Base in our household size an income, which is not over the XXXX XXXX media income for XXXX XXXX XXXX. The sale price they give to us was overpriced for the affordable homes price bracket base in above mentioned. 

The Purchase price for our household was {$580000.00} The public record another was affordable home sold was {$520000.00} The asked price for our household of fourth, area XXXX  income ( XXXX  ), first time home buyers XXXX citizen, good credit, income verification was {$580000.00} This unfair practice by lender told the high sale price ONLY for us, when should following the XXXX  of health and safety code section XXXX, like they did for others households."
3118,Money transfer or service,"I am filing a complaint against Cash App ( block, Inc. ) due to an adequate customer service and unfair practices, which violate the consumer financial protection act ( CFPA ) specifically cash app failed to take timely and effective measures to prevent an address fraud on their platform, leaving my account, vulnerable and unprotected for the more they dispute. Resolution process was unfair and deceptive as they did not comply with error, resolution requirements under the electronic fund transfer act ( EFTA ) regulation E these actions have caused significant inconvenience and financial loss and I seek appropriate redress for these violations"
3119,Credit card,"I requested assistance under their COVID-19 guidelines posted on their bill payment website. I was allowed to defer 2 monthly payments under the CARES Act. Citibank then turned around and reduced by credit limit my more than one half the original limit. By doing this it now reflects on my credit report I'm at 98 % usage on the credit card. Citibank purposefully adversely affected my credit report without telling me they would do this. Their excuse was my payments were lower than expected. However, I made every minimum monthly payment on time the last several years and 100 % of the time made more than the minimum payment required."
3120,Credit reporting,"In accordance with the Fair Credit Reporting act has violated my rights. 



15 U.S.C 1681 section 602 A. States I have the right to privacy.

15 U.S.C 1681 Section 604 A Section 2 : It also states a consumer reporting agency can not furnish a account without my written instructions.

Pursuit of 18 USC 8, i owe no debt. These companies below are violating my consumer right to privacy pursuit to 15 USC 1681b 2. company also has NO permission to report ANYTHING using my info pursuit 15USC 1681 4. 



XXXX XXXX XXXX Original creditor : XXXX ILLINOIS {$570.00} XXXX XXXX XXXX  Original creditor : XXXX XXXX XXXX$320.00} XXXX XXXX XXXX Original creditor : XXXX XXXX XXXX$2700.00} XXXX XXXX XXXX Original creditor : XXXX XXXX {$510.00} XXXX XXXX XXXX Original creditor : XXXX XXXX XXXX  {$1500.00}"
3121,Bank account or service,Yes I deposit my check and first it cleared and then they stop it and said that I owed them money for depositing the bad check my check isn't bad I just got it from my job so how is it that my check is bad so they close my account and here I am fileing a complaints
3122,Credit reporting,"XXXX XXXX XXXX HAS VIOLATED THE No Surprises Act. 
Beginning XX/XX/2022, if youre uninsured or dont plan to submit your claim to your health plan, health care providers and facilities must provide you with a good faith estimate of expected charges before you get an item or service. The good faith estimate isnt a bill. I was never given a Good faith estimate or a bill for my services. This account has to be removed according to Law."
3123,Credit reporting,"Im submitting a complaint to you today to inform you I was the victim of identity theft. I researched on how to remove the fraudulent accounts in my report and found that I need to visit FEDERAL TRADE COMMISION or https : //www.ftc.gov to file a report and Per FCRA section 605b Credit Reporting Agencies are required to remove/block any accounts listed on an id theft report. Please find the ATTACHED documents to assist in the blocking of the erroneous information which is being posted to my report. 

Here is the list of accounts/items which do not belong to me or were opened without my permission. 

XXXX XXXX XXXX XXXX XXXX XXXX XXXX XXXX XXXX XXXX XXXX XXXX XXXX XXXX XXXX XXXX XXXX XXXX XXXX XXXX 

According to FCRA Section 605B ( a ) the CREDIT REPORTING AGENCIES shall block any information in the file of a consumer that the consumer identifies as information that resulted from an alleged identity theft, not later than 4 business days after the date of receipt."
3124,Money transfer or service,"I am filing a complaint against Cash App ( Block , Inc ) due to inadequate customer service and unfair practices, which violates the consumer financial protection act ( CFPA ). Specifically, Cash App failed to take timely and effective measures to prevent and address fraud on their platform leaving my account vulnerable and unprotected. Furthermore their dispute resolution process was unfair and deceptive as they did not comply with error resolution requirements under the Electronic Fund Transfer Act ( EFTA ) and regulation E. These actions have caused significant inconvenience and financial loss and I seek appropriate redress for these violations."
3125,Bank account or service,"TD XXXX SENT, XXXX XXXX XXXX XXXX XXXX On XX/XX/XXXX and DEBIT CARD PURCHASE, XXXX, XXXX  XXXX XXXX XXXX XXXX * C 2022 I was scammed by XXXX XXXX who offered a credit repair service. First she was double paid because my XXXX said a XXXX didnt go through but instead it had a 24 hr hold. So I paid her through XXXX XXXX. Then when then I saw she was double paid I asked for one of the XXXX back and instead of sending {$450.00} back I was blocked on everything and she just took my bank I told my back they refused to give me my money back I thought thats why we banks with them they should issue both {$450.00} back or at least one because she didnt want to return the extra payment so didnt even provide the initial service. Can u please help me"
3126,Consumer loan,charged an unbelievable interst rate that i wasnt aware of ... borrowed XXXX and i have to pay XXXX back ... when i thought i had to pay XXXX that was stated before i finalized the loan ... did know about the XXXX until the loan was finalized ... big picture loans apart of tribal loan company
3127,Credit reporting,"This CFPB complaint has been filed to request pursuant to FCRA 605B ( 15 U.S.C.

1681c-2 ) that you, the XXXX  credit reporting agency, block information appearing on my consumer credit report that is the result of identity theft and fraud within 4 business days of you receiving this complaint. The following items do not belong to me and is a result of fraud that I did not authorize : Also, would like to have all addresses and names REMOVED from my credit report, except for my only name and address listed below : Name : XXXX XXXX Address : XXXX XXXX XXXX XXXX XXXX XXXX VA XXXX ACCOUNTS : XXXX XXXX  - Account Number : XXXX XXXX XXXX XXXX XXXX XXXX XXXX XXXX XXXX XXXX XXXX XXXXXXXX, Date Opened : XX/XX/XXXX, Balance : {$1300.00} XXXX XXXX XXXX XXXX Account Number : XXXXXXXX XXXX XXXX XXXX Date Opened : XX/XX/XXXX, Balance : {$00.00}"
3128,Money transfer or service,"I was contacted by a person stating he was from "" XXXXXXXX XXXX '' a group I belong to and is very reputable. He said he had an opportunity to show me how to invest in XXXX and make quite a bit of money. This was in XXXX of XXXX. After learning what he was going to do I reluctantly invested {$1000.00} from my Golden1 account. I watched it grow in the trading platform called XXXX. I then deposited another {$1200.00} from my XXXX XXXX business account on XX/XX/XXXX. Then another {$1000.00} on XX/XX/XXXX for a total of {$3200.00}. I was then told I c Ould join their {$10000.00} club and make {$60000.00} in three weeks. I was excited because I saw how much my money was growing. So, I deposited another {$7000.00} on XX/XX/XXXX to join the club. I was told at this time that it had to be all in one deposit in order to join. I told them to for get it I will take my money back. He called a little while later and said he worked it out with the company and if I just deposit {$5000.00} more, they would let me in. I told him I only had {$4000.00}. A bit later he called and said that would do and he was doing me a huge favor. He said I could make {$75000.00} in three weeks. I deposited it on XXXX. I watched it grow and grow. Finally it was time to withdraw my funds and I could invest again. I was told to look for an email with instructions. The email said I had to pay their fee upfront to be able to retrieve my funds. {$24000.00}!!!!! This is why I knew I got scammed. He disappeared and so did my money."
3129,Mortgage,"Ocwen holds our 2nd mortgage on our home.Our bill was ALWAYS due on the XXXX of each month. Even tho I always paid it w/in the grace period, Ocwen would call and pester me about the payment.  So,  I worked REALLY hard to get to where I could pay the bill paid ahead of time to avoid the calls.  Then, suddenly,  w/o warning, Ocwen changed the due date to the middle of the month.  Once again I worked to get the bill paid 2 weeks BEFORE it's due date and now, once again the due date is changed to the XXXX of the month.  My payment was due XX/XX/XXXX, I sent a check on XX/XX/XXXX which Ocwen got on XX/XX/XXXX. NOW I have a bill that says it's due on XX/XX/XXXX! 2  weeks between due dates???  I called customer service and was told in about 10 days they will email me about my inquiry/complaint!  WHY IS THIS COMPANY PUNISHING ME FOR PAYING MY PAYMENT EARLY???  On top of their predatory loan interest rates, it apparently takes them over a week to provide customer service.  WHY??? I have yet to have one positive experience when dealing w/this company."
3130,Credit reporting,"I recently conducted a review of my credit report and found several items that have caused me significant distress. These items appear to be unverifiable, inaccurate, and questionable. Your agency has failed to ensure the accuracy of the information as required under 15 U.S. Code 1681e ( b ) Accuracy of Reports. This statute mandates that consumer reporting agencies must follow reasonable procedures to ensure the maximum possible accuracy of the information they report. 

Furthermore, under 15 U.S. Code 1681i ( 5 ) Treatment of Inaccurate or Unverifiable Information, you are required to promptly delete or modify any information found to be inaccurate, incomplete, or unverifiable during a reinvestigation. If you are unable to provide me with verifiable proof of the accuracy of the disputed items within 15 days of your investigation, these accounts and the related information must be removed from my credit report. 

Additionally, under the Fair Debt Collection Practices Act ( FDCPA ), I do not recognize any of the alleged creditors or debt collectors. I have never entered into a valid contract with any of these entities, nor have I engaged in any transactions with them. As such, these accounts are fraudulent and and inaccurate information. 

Moreover, under the Fair Credit Billing Act, my right to privacy has been violated, and this breach infringes upon my rights as outlined in The Privacy Act of 1974."
3131,Mortgage,"I submitted a loan modification package to Ocwen and I received confirmation from Ocwen of receipt thereof ( see attached letter ). My previously scheduled trustee sale date was postponed pending loan modification review while simultaneously having a currently scheduled for a trustee sale date of XX/XX/2019 - Ocwen is dual tracking ; under the California Homeowner Bill of Rights, a lender or servicer can not record a notice of default or notice of sale or conduct a trustee 's sale, while the loan modification application is pending - Ocwen is dual tracking my home."
3132,Credit card,"My name is XXXX XXXX. Bank of America made the fraud on my earning from "" cash reward credit card ''. 
BoA sent me a "" Cash Reward Credit Card promotion letter "" on XXXX. XXXX that promised 3 % cash back on traveling purchase and others... ETC. so i applied this cash reward credit card soon. But after i used the new card to purchase the airline tickets on XXXX XXXX and XXXX XXXX which's total {$1100.00}. There are no any cash back earning on my account. Showing "" XXXX '' on cash back earning. I have called the BoA consumer service XXXX. They refused to issued any reward earning to me. The reason they claimed was '' I didn't pick up the purchase choice on traveling category before made the purchase. '' When i did activate the new credit card through the phone of BoA. The AI message just said "" You can use your cash rewards card to make a purchase Right NOW '' without mentioning anything else like "" you must make your purchase choice on "" traveling category "" on your account online before you make that type purchase. It doesn't make any sense for credit card holders in normal. 
The BoA is definitely fraud on unacknowledged to customers in advance then refused to redeem their promised rewards."
3133,Credit card,XXXX Account XXXX ( unsure of additional account numbers ) Date opened XX/XX/year> I have called this company several time to have this company taken off my credit report due to it being opened without my knowledge or consent. They stated that this account was sold off to XXXX XXXX XXXX XXXX. After speaking to XXXX they had me fill out a notice stating this account may have been opened under fraud. However First Progress still has still listed on my credit report for {$170.00} They have improper use of my report. In accordance with the fair credit reporting act this creditor has violated my rights under 15 USC 1681 section 602 states I have the right to privacy. 15 USC 1681 section 604 A section 2 it also states a consumer recording agency can not furnish an account without my written instructions under 15 US 1666B a creditor may treat a payment on an account under an open and consumer credit plan as late for any purpose.
3134,Money transfer or service,I was making a withdrawal from the ATM machine at Cadence Bank on XX/XX/2024. While still conducting my transaction ; I was startled after looking in my rear view mirror. I saw man just standing and staring at my vehicle from behind and the bank was open for operating hours.I had my car door cracked open and paused mid ways of my transaction to shut and lock my door before completing my transaction. Intially I had my car door cracked open so I could reach the ATM machines buttons and retrieve my cash. I was afraid that I wasn't sure if I should call thr poloce or pull off without my card. I closed and locked my doors and and turned on my rear view camera and took a photo. It was then that I recognized the man was wearing a Cadence 's employee lime green XXXX  shirt. I then proceeded and completed my withdrawal but I was confused as to why he stayed behind me the entire time. Why I was pulling off the lot and waiting for on coming traffic to cease so I could turn. I looked in my rear veiw mirror out of curiosity of his odd behavior. The employee walked up for 3 seconds or less and looked at the ATM. Then he swiftly looked in my direction then went back into Cadence 's Bank. I felt so embarrassed to have the Bank 's branch manager intrusively surveillance me alone and no other vehicles that came through the bank 's drive thru. It was after this inappropriate encounter that I learned ; that this employee named XXXX XXXX is the branch manager of the bank. I have photographic evidence it needed
3135,Money transfer or service,When I XXXX  somebody {$250.00} I noticed later on that week that two different XXXX transactions to the same person for {$250.00}. I notified Chase of the transaction error and they my financial institution and XXXX failed to investigate my claims adequately. They informed me that recovering lost funds was impossible and that tracking these transactions was unfeasible. There has been multiple occasions of this happening.
3136,Debt collection,"I am submitting this complaint regarding a debt associated with the XXXX XXXX XXXX XXXX XXXX XXXX XXXX XXXX XXXX XXXX ), which has been assigned to Transworld Systems , Inc. ( TSI ) for collection. The original debt was approximately {$6000.00}. Beginning in XX/XX/XXXX, the debt has been actively repaid through involuntary garnishment of my XXXX XXXX XXXX pay. These garnishments have been substantial, ranging between approximately 50 % to 75 % of my pay. As of my most recent XXXX XXXX and XXXX XXXX ( XXXX ) Leave and Earnings Statement, the remaining unpaid balance is {$270.00}. However, despite continuous payments being applied through XXXX, the third-party collection agency ( TSI ) is reporting a balance exceeding {$4200.00}. This represents a discrepancy of nearly {$4000.00} between the amount reflected by XXXX ( which is processing the payments ) and the amount being pursued by the collection agency. On XX/XX/XXXX, I submitted a formal dispute to the XXXX XXXX XXXX requesting : Debt validation Itemized accounting Explanation of added fees Reconciliation of the balance XXXX XXXX XXXX XXXX responded by directing me to Transworld Systems , Inc. ( TSI ), stating that all communication must go through the collection agency. I contacted TSI via phone call back in XXXX and was informed that they do not own the debt and can not adjust the balance, and that those changes must come from the XXXX XXXX XXXX. As a result, I have been placed in a circular process where : The creditor refers me to the collection agency The collection agency refers me back to the creditor"
3137,Money transfer or service,"I have an account with TD Bank and have had one for over 10 years. 
Let me just note that I have never left this country in my entire life. So its pretty bizarre when someone from another country hacks into my account and steals over {$500.00} That I would have to pay for it? Excuse me? I have to pay for my horrible banks horrible security? 
Heres the amounts Im disputing. 
{$150.00} + {$4.00} intl. tax fee {$110.00} + {$3.00} intl. tax fee {$110.00} + {$3.00} intl. tax fee {$110.00} + {$3.00} intl. tax fee + {$15.00} maintenance fee because this put me under the balance threshold to be charged monthly. When clearly I had the money. They just didnt want to give it back. 

This would be 4 charges to my account in addition to 4 international tax fees ( which I notice was conveniently not included in the dispute ) and 1 maintenance fee.

Ive never been outside of the country. This is not my fault. I should not have to pay for this banks horrible security. Theres evidence of transactions in my home state IN AMERICA on the day of these charges from out of country. Expect me to be 2 places at once?

I dont care what they say they dont get to operate as a front for cyber criminals.

Because this same thing happened to someone I know. Lost thousands from her bank account. The bank didnt see a problem with it. THEY failed to provide security questions. If this publishes and anyone sees this, TD Bank is a horrible choice. Find another bank."
3138,Mortgage,"On XXXX XXXX, 2016, I used a website ( I believe XXXX XXXX ) to inquire about refinancing my mortgage. Naturally, as a result of this query, I received a number of telephone calls from various lenders, XXXX of which was LoanDepot.com. I never authorized, granted permission, or indicated with any of these lenders that I wanted to move forward, mainly because my local credit union offered the best terms and I already had an existing relationship. However, on XXXX XXXX, 2016, I received a full loan packet ( completed mortgage application, addendums, etc. ) for a 10 year mortgage for $ XXXX, from LoanDepot.com, license ID XXXX, requesting signatures for loan ID XXXX. I subsequently called the loan officer listed on the documents, XXXX XXXX, license ID XXXX, telephone XXXX and left him a voicemail indicating my dissatisfaction especially since I never expressed interest in proceeding."
3139,Mortgage,"XX/XX/XXXX Real Property Taxes XXXX are due XX/XX/XXXX. Furthermore, XXXX Citizens XXXX are entitled to defer tax obligations to a later date. 

Financial Freedom paid my property taxes, without solicitation, XX/XX/XXXX - at lest four moths before they were due. Please see attached tax receipts. They are now threatening me with with delinquency letters and foreclosure proceedings. Please see attached "" Property Charge Delinquency Letter. "" In addition, Financial Freedom is charging me for {$1800.00} rather than the {$1200.00} that I owed in property taxes for the year. This is unconscionable and a violation of our mortgage agreement. My obligation is to pay the taxes when due - XXXX has breached our contract by paying my property charges without notice. I am now trapped in a situation whereby I face the threat of losing my home over {$1200.00}."
3140,Credit card,"Re : Complaint id XXXX I purchased a XXXX Prepaid Card in the amount of {$200.00} on XX/XX/2018 I registered the aforementioned prepaid card in my name on XX/XX/2018 by calling the number provided on the card I was informed by a customer service representative that the card was inactivated due to prior transactions attempted before the card was activated. These transactions were not authorized by the cardholder. The customer service representative refused to issue a new card number without a fee, despite the card number being compromised before purchase."
3141,Consumer loan,"Hello, I called around XXXX on XX/XX/2023 to ask Ally Financial about removing a repossession from my credit. I co signed for a loan and it defaulted and was repossessed as soon as i became aware I completely took over the vehicle payments and they have been on time ever since. I have been denied from buying a house for this and this is holding me back a great deal. It has been at minimum two years since I have not missed a payment I would like some assistance so I can move forward. 

Thank you!"
3142,Consumer loan,"Without notice, explanation, or legal authority, XXXX XXXX has revoked my ability to suspend direct debit payments. Despite the fact that I pay by bill in full each month before the direct debit withdraw date, XXXX intends to withdraw an additional full payment from my savings account. In other words, I pay ~ {$480.00} to fulfill my monthly obligation before the XX/XX/XXXX of each month. On the XX/XX/XXXX, XXXX intends to withdraw another {$480.00} payment to my great detriment. I should have the ability to suspend this withdraw. I possessed that ability for the previous six months. Upon information and belief, XXXX revoked the suspension ability in retaliation for my whistleblowing activities."
3143,Consumer loan,"I took out the loan for {$10000.00} in XX/XX/2022 with an APR of 27.67 %. I suffered a significant loss in income and worked out a 3 month hardship with them. But they are unwilling to do more. I am not able to repay on their terms. 

It appears they are exceeding usury and this is predatory and abusive lending. All I want is reasonable terms to repay the debt."
3144,Bank account or service,Banks are allowing my accounts to exceedingly overdraft in the thousands while already being negative. They are also charging charge back fees to my account for allowing the payments to go through and then returning them. Just non stop negative
3145,Bank account or service,"Subject : Deceptive Marketing and Failure to Honor Promotional Bonus via Partner XXXXXXXX Description of Complaint : I am filing this complaint regarding SoFi 's failure to honor a new account promotional offer marketed through their affiliate partner, XXXX. 

1. The Inducement : I was induced to open a new Checking & Savings account with SoFi based on a specific advertisement on the XXXX platform. The offer promised a cash bonus of XXXX upon opening a new account and receiving a qualifying direct deposit. This promotional offer was the primary reason I chose to do business with SoFi. 

2. My Compliance : Acting in good faith, I fulfilled all requirements outlined in the promotion : I initiated the account application via the designated affiliate link on XXXX XXXX My account was successfully opened on XXXX XXXX I completed a qualifying Direct Deposit on XXXX XXXX, which posted to my account as required. 

3. The Violation : Despite meeting all terms, the promised bonus has not been paid. XXXX has denied the payout saying Sofi fails to report a transaction to XXXX or fails to make payment to XXXX for any reason. Since SoFi utilizes XXXX as a marketing channel to acquire new customers, SoFi bears the ultimate responsibility for ensuring its marketing partners honor their advertised offers. 

4. Impact : I have wasted significant time attempting to resolve this with customer support to no avail. The failure to provide the advertised incentive constitutes a "" Unfair, Deceptive, or Abusive Act or Practice '' ( UDAAP ), as the financial product was marketed with a benefit that was not delivered."
3146,Bank account or service,"On XX/XX/2020, somehow I was removed from a business checking account with JP Morgan Chase Bank, for a business I have and still clearly own 50 % of. I have called multiple times and spoken with customer service, but nobody can seem to assist me in answering my questions : Why was I removed from my own account? How was I removed from my own account that I have verified with Chase as of today, XX/XX/2020, that I am still listed as a 50 % owner? I was advised the only way to do this, would be through a letter on letterhead, stating the business only has one owner. I can not get a straight answer if this is what occurred, but I do know I have been unable to access my own business account for over a month. This is unacceptable and whatever relationship banker responsible, should be held accountable for doing this. This is not only fraudulent and illegal, but has caused me financial harm, due to not having access to my business accounts to pay myself my monthly member draw. I intend to press charges, if fraud is determined."
3147,Credit card,"Hello, I received a scam call yesterday from XXXX. The caller claimed to be from Discover, stating there were suspicious purchases on my credit card. They were extremely convincing and had access to personal details such as my birthdate, address, and age. 

Although I became suspicious and questioned them, they continued to assure me it was legitimate. They even sent a text message for "" verification '' from short code XXXX. Unfortunately, I did share the last XXXX digits of my Social Security number before fully realizing it was a scam. 

As a precaution, I have canceled my Discover card and requested a new one. I've also blocked both the phone number and short code and reported the incident to XXXX 

I have started a subscription with XXXX Please let me know if there are any additional steps I should take to protect my identity or account. 

Thank you, XXXX"
3148,Money transfer or service,"I am filing a complaint against Cash App ( Block , Inc. ) due to inadequate customer service and unfair practices, which violate the Consumer Financial Protection Act ( CFPA ). Specifically, Cash App failed to take timely and effective measures to prevent and address fraud on their platform, leaving my account vulnerable and unprotected.

Furthermore, their dispute resolution process was unfair and deceptive, as they did not comply with error resolution requirements under the Electronic Fund Transfer Act ( EFTA ) and Regulation E. These actions
have caused significant inconvenience and financial loss, and I seek appropriate redress."
3149,Mortgage,"I have a XXXX XXXX XXXX mortgage with M & T bank. I have never been missed or been late with a payment. I have been paying a little extra and twice a month in order to pay down loan faster. I reached the 80 % threshold to remove PMI earlier than scheduled. I requested PMI be removed based on reaching 80 % of original value. They refused and said that I needed to reach 78 % to be automatically removed or I had to pay a fee. What is the point of paying it off early if i have to pay a fee to have another fee removed. According to the Homeowner protection act of XXXX, I have the right to have PMI removed ones I reach 80 % of original value. they are claiming that I it must be based on current value. That is not what the law says."
3150,Credit reporting,"XXXX  XXXXXXXX XXXX XXXX  and Bank of America credit card pulled my credit on all 3 bureaus. 
XXXX, XXXX, XXXX. 
This happened over night at XXXX and XXXX. 
I did not request any credit to be pulled nor did I inquire about getting a credit card. 
I currently do not have any open credit cards with these companies"
3151,Bank account or service,"I had noticed that someone had hacked into my account and stole a total of {$4800.00} out of my account ( {$2000.00} on XX/XX/21, {$300.00} on XX/XX/21, {$2000.00} on XX/XX/21 and {$500.00} on XX/XX/21 as seen in document "" Stolen Funds '' below ). I opened a dispute with the Bank of America Fraud Department 3 times, because they kept closing my claim, letting them know I was hacked, and we needed to do something to get the money back, and prosecute the thieves as that is grand theft, because my family was struggling financially and XXXX XXXX is a lot of money. Their fraud department ended up sending me a letter stating ( paraphrasing ) "" we asked for the money back and they said no. Maybe you should ask for your money back directly from them? '' I had told them I was hacked and didn't know who stole my money. I was so angry with that response I ended up throwing the letter away. This was their response twice, and the third time I asked them to send me what information they used in their investigation to ensure this was a fraudulent situation. They ended up sending me a copy of my bank statement, the same one that gets emailed to me every month. They did nothing to investigate except "" ask '' for the money back and when they were told no, did nothing else. They did not do their job to protect their customers and are very rude when you try to ask them questions that would help in the investigation like "" who is the owner of the account that the funds were sent to? '' or "" where was the person who hacked into my online account located when the funds were stolen? '' or even "" what financial institution were my funds sent to? '' They have none of this information and don't intend to gain any of it. It has been about 7 months since my original complaint to them and they have failed to do anything to assist in us getting our money back. This complaint is my last effort."
3152,Mortgage,"I have had continuing issues with my loan servicer researching a payment I made that was never credited to my account. The first request was made on XXXX XXXX, 2016. I sent a request using their online form ( their preferred method of contact ). I detailed every payment that I had made, along with all of the details I had available to me and requested they research and let me know which payment ( XXXX ) were not applied to my account. The response was a generic informational message noting that my payment was made on XXXX XXXX, 2016 and my next payment was not due until XXXX XXXX, 2016. I replied informing them that that response did not address my issue in the slightest and that I would like a supervisor to call me. I never received a call or a reply to that response. 

I contacted them again on XXXX XXXX, 2016 under a new request. I asked for a supervisor to contact me and notified them that the payments that had been posted to my account were not applied anywhere near the dates the bank honored the payments, which would cause me to incur additional interest on the loan. The response was, again, that my payment was made on XXXX XXXX, 2016 and my next payment was not due until XXXX XXXX, 2016. 

I then contacted Benchmark by phone on XXXX XXXX, 2016. The result of that call was that I was to fax proof of payment from my bank to them in order for them to research the payments. I faxed the information I had on XXXX XXXX, then faxed additional information I had obtained from my bank on XXXX XXXX. On XXXX XXXX, 2016, I received an email from the research department saying they had not cashed one of the checks that I had provided proof of payment for. This check was mailed to their parent company at the same payment acceptance address as their company. I contacted my bank and they confirmed that the check was paid to the payee. I responded to the email with this information on XXXX XXXX and I have not received any reply."
3153,Mortgage,"We had a HELOC ( # XXXX ) with legacy BB & T that was paid off as part of a refinance on XX/XX/XXXX. In early XXXX I began compiling information for XXXX taxes. Since the conversion to the Truist website ( I believe XX/XX/XXXX but am not sure ) the loan is no longer visible online. I need the statements from XXXX in order to verify interest paid on the loan. I called Truist in XXXX ( week of XXXX ) to request the statements. 
I was told a request would be submitted to send the statements via US mail. I have not received them. I sent an email on XX/XX/XXXX to my local branch manager in XXXX XXXX, SC, XXXX XXXX, to request assistance with this issue and several others. I received a response from her on XX/XX/XXXX indicating she had not been able to obtain the statements but would request that they be sent. I have not received them. I sent another email to her on XX/XX/XXXX and never received a response. A friend who worked on the merger forwarded my email thread outlining a number of issues including this one to two merger leaders at Truist. On XX/XX/XXXX I received a voice mail from XXXX XXXX who indicated that he was assigned to my case with ( # XXXX ). I called and left messages on XX/XX/XXXX, XXXX and XX/XX/XXXX and have received no call back. I have already had to file an extension on our business taxes due to this and one other Truist issue. We filed the business return today without the information because I have no confidence that Truist will provide the information in a timely manner if at all. Truist also neglected to send form 1098 for tax purposes. I was under the impression that banks are required to retain customer records for a period of time ( XXXX years )? Thank you"
3154,Credit reporting,I am filing to formally lodge a complaint against XXXX XXXX regarding an erroneous account on my credit report. This complaint is made due to violations of my rights under the Fair Credit Reporting Act ( FCRA ). I have discovered that the above-mentioned account is being reported inaccurately on my credit reports from the major credit reporting agencies. This incorrect reporting has negatively impacted my credit score and caused me significant distress. Account Name : XXXX XXXXXXXX XXXX Balance Owed : {$1400.00}
3155,Credit reporting,"I have disputed collection information reported by XXXX XXXX on behalf of XXXX. I have disputed the collection account XXXX with XXXX, XXXX, and Experian. I do not believe the investigation is properly being executed. It seems like the credit bureaus are working for the collection agency and agree with the electronic response received from XXXX XXXX on behalf of XXXX. The account remained on my credit report, but I do not have a reason why the account remain when XXXX shows I do not owe them and the balance was resolved. Transunion die not report XXXX XXXX on my credit report in XX/XX/XXXX, but soon as I disputed the item it was added to my credit report in XX/XX/XXXX and the investigation with XXXX XXXX has not been resolved."
3156,Bank account or service,"In XXXX, I opened an HSBC account checking with my wife XXXX, as well as an investment account for my ROTH IRA. The checking account came with two debit cards ( one in each name ). XXXX has never used her card and it has never left the house, but we were just contacted by HSBC about potentially fraudulent charges. There have been two charges at an XXXX store in XXXX, CA first on XX/XX/XXXX, and a second that shows as posting XX/XX/XXXX. These were accepted by the bank, but then an attempt was made to charge a hotel room ( XXXX XXXX ), and this was blocked by the bank, triggering a call.. We know that the card has never left the house, and has been locked away in a drawer in our desk. It has never ben used online, and has never been attached to any payment service etc, and we have never recorded the card number in any written or electronic document. We are certain that the card information has not been stolen from us so I have to conclude that somehow the information came directly from HSBC bank, or some affiliate. I have told them this, but I have no confidence that they intend to investigate this. The amounts were small, but if this information leaked from the Bank, then this is potentially a very serious issue."
3157,Money transfer or service,On XX/XX/20 my sister sent me {$5000.00} through a domestic online wire transfer through XXXX XXXX. I use PNC bank and they say they have no record of the transfer and the money has now left her account and is not in mine. There is {$5000.00} just missing. XXXX XXXX is claiming the problem is with PNC and PNC is claiming the problem lies with XXXX.
3158,Bank account or service,"I have requested multiple times to receive old savings bank statement from Chase Bank. As per Chase Bank website, the request was placed, and stated they will be sent. However, they were not sent, even beyond the stated time frame. The same request was requested multiple times online by secure messaging, and by phone call to their customer service. The response is essentially the same, that they will be sent. However, they were never sent. The original request was made on XX/XX/21. I believe that Chase Bank is either irresponsible, incompetent, or just lying."
3159,Bank account or service,"I received a letter from JP Morgan Chase that the bank would be closing my accounts for an undisclosed reason and that the decision was irreversible. I have not been able to get any information besides the fact that this was caused by either an investment account or a credit card account. I still have no information of what could trigger this from any of my accounts. I rarely use the CC and the investment account that was closed, funds were transferred to another investment account."
3160,Debt collection,"The debt that was sold from Best Buy Card Services, financed by CitiBank, to XXXX XXXX XXXX XXXX was {$6300.00}. XXXX XXXX XXXX XXXX is now trying to collect {$6500.00} for the debt. 

After speaking numerous times regarding the balance being inaccurate, XXXX XXXX XXXX refuses to change the balance. 

At one point this debt collector attempted to bring me settle via legal arrangement and their own legal defense dismissed the case. 

Also, this debt collector is claiming that I have made payments towards the account and refuse to provide me with proof of the payments and the source of the payment. After other multiple attempts to reach out to this debt collector regarding this information, they continue to rudely speak to me and refused to provide me any documentation related to these "" payments '' that was never made. 

I have also submitted a dispute with XXXX Credit Agency under file number : XXXX."
3161,Money transfer or service,"On XX/XX/23 i tried to add cash to coinbase for additional investing in crypto. My account showed an error so i contacted customer service to find out what's going on. They told me that my account was restricted and i could no longer add cash, buyer or sell crypto, or make withdrawals. I opened an investigation with coinbase and they closed it XX/XX/23 without any further information being communicated to me. On XX/XX/23 i contacted customer service again to find out what the results of the investigation were, they would not give me any additional information. They said after XX/XX/23 i could ask them to investigate this again. They point me to a link that indicates i may have a restricted account because a deposit may have been rejected or i haven't been using a verified account, i would rebut both of these by saying i have not had any rejections by my bank and i've been using the same bank account for years. this seems fraudulent. How can they get away with doing this to consumers and not have to be accountable to any regulatory agencies."
3162,Mortgage,"I had a R.E.S.P.A. sent out through a third party using certified mail to the servicing company and asked that if they are not the proper person to answer the request that they please forward to the correct party and inform me. I also sent a letter certified mail, informing the Trustee company that I had sent out a qualified R.E.S.P.A. I have not gotten the proper responce with the information that I requested. While I do not wish to avoid settlement of any lawful debt, it is both my duty and right to insure the proper party and the accuracy of the debt. While I was XXXX, I was in good standing with my mortgage. After collecting information from my wife, we were told that I qualified for a loan modification. When I found that the process they were going to use was to first get me in a default status, my wife requested that we just go back to the terms of the original loan. From that point, no matter what I did, the loan was never back in good standings. I am requesting the information because I want to keep my home. The only letter I have received from the company in regards to the R.E.S.P.A. is a letter acknowledging that they have received my request. That was sent to an old address that arrived a month or more after they sent it out in XX/XX/2017 and did not include anything I requested nor was it to the third party address as I requested. I requested that they stop the foreclosure process until this is resolved and they still threaten to foreclose soon. They have ignored my rights under SCRA as an XXXX soldier with this process they have taken to foreclose on my families home."
3163,Money transfer or service,"around XX/XX/year>2023 i got a plan ticket and the insurance so it could be refunded if i needed to, i happened to getXX/XX/XXXXa week before i was supposed to get on the plane so i refuned my ticket and i was inly given back the insurance part of it so i contacted cashapp and they ended up suspending prts of my accounts with no warning or commication on why it was suspended when i tried to talk to the cashapp support system it was hard to find their number and when i did i would be on hold for hours on end or jsut got hung up on they said i would get my dispute back but ended up with not even being able to send money for 3 months"
3164,Debt collection,I have contacted this company over a month ago in regards to this account however they are still reporting the account incorrectly as an OPEN account. This account is NOTE open and should be included in bankruptcy as a CLOSED ACCOUNT INCULDED IN BANKRUPTCY.
3165,Consumer loan,I went to XXXX XXXX ago on XX/XX/2023. I applied for a credit and was approved for {$300.00}. I plan to get furniture but my bank stated it could possibly be fraud and i could cancel the XXXX payment which i did and didnt go through with the order. I contacted the loan company and told them and also submitted XXXX  AFFIDAVITS. On XX/XX/2023 the went into my account and withdrew XXXX. I called the company and they stated the furniture store said i received a twin bed i never received. I went to the store and it was closed and they were not answering my calls.
3166,Consumer loan,I was charged twice two months in a row for a loan. This was not part of my loan agreement and it was not done by me. I was told they put in a request to refund me but its been more than 30 days since my request and they are still charging me each month. I checked back in today and advised them I was opening a formal complaint because they unfairly billed me out of our contractual agreement and have yet to refund me in a timely manner. I feel like this is manipulation and it has cause me financial hardship two months in a row. I was late on my mortgage because of their failure to bill me correctly.
3167,Mortgage,"My mortgage servicing company is manipulating my escrow account to raise our payment constantly, they hang up on me refuse to reanalyze my escrow and are putting miss information on my 1098 mortgage statement to fradulently manipulate our payment continuesly. They are committing fraud against Us and I'm sure their doing it to other mortgagees."
3168,Bank account or service,When I went for make a deposit ATM machine took my {$4000.00} XXXX couldnt pay my payments I called customer service they said I have to wait XXXX XXXX business days for get credit to my account how we can trust to bank like that I will get late fee my payments XXXX atm number
3169,Mortgage,"BSI is my loan services who has charged late fees for 4 months despite having timely paid more than my required mortgage payments. After contact BSI they have failed to explain nor remedy the issue. 

They claimed that one payment in XXXX was processed or received after the grace period even though I have set up auto payments from my bank to be paid with a couple of days at the beginning of each month, and perhaps the mail during the holidays was slow. 

I have always paid my mortgage payments on time and fail to understand how my payment was late given the auto pay process and given 16 days grace from monthly due date I have over paid my mortgage payment by {$22.00} that has previously been applied to added principle and if for some unknown reason it was processed late then the excel payment should have been applied to late payment fees, and it wasnt. 

Concerned that I have been charged late fees for 4 months when my payments were made timely. And these late payments impact my credit and ability to get new financing"
3170,Credit card,"I have a credit card with Upgrade Card. I have a balance just over {$10000.00} on that card. up until today my credit limit was above {$12000.00} so I was never over the limit. I have never missed a payment on this card or any account I have with Upgrade Loans. I have actually never missed a payment on any of my accounts. Today they reduce my credit limit to {$1000.00}, even though I have a balance over {$10000.00}. This destroyed my credit given it makes it look like I charge over {$10000.00} on a card that only had a {$1000.00} limit. This is not justified. Again, I have never missed a payment with this company and have actually paid all of my bills on time. Please help."
3171,Money transfer or service,"Cash App failed to take action against fraudulent activities, such as scams, phishing attempts, or unauthorized transactions, it could be seen as a violation of consumer protection laws. Cash App is required to have measures in place to protect users from fraud. Cash App did not adequately address situations where users accounts were accessed without permission, or funds were transferred without authorization, this could be a breach of laws regarding consumer protection. Attempted to resolve an issue ( such as an unauthorized transaction or payment dispute ) and Cash App failed to provide adequate support or resolution, it may be a violation of fair practices. cashapp used fake support bots to try to resolve issues.Cashapp closed my accounts for no reason"
3172,Bank account or service,I opened a savings and checking account to obtain a {$700.00} bonuses ( XXXX checking & XXXX savings ) and have yet to receive the bonus? I called CITI and they said it will be 90 days from the date of the call.
3173,Credit reporting,"The following company never proved their methods of verification through several stages of written credit disputes : - XXXX XXXX XXXX XXXX XXXX XXXX XXXX XXXX XXXX XXXX XXXX XXXX XXXX XXXX XXXX XXXX XXXXXXXX XXXX XXXX XXXX XXXX XXXX XXXX XXXX XXXX XXXX XXXX XXXX XXXX XXXX XXXX XXXX XXXX XXXX XXXX XXXX XXXX XXXX - XXXX XXXX XXXX XXXX XXXX XXXXXXXXXXXX XXXX  The letters that were sent out are as follows : dispute letter 1 -- mailed on XX/XX/XXXX and received on XX/XX/XXXX dispute letter 2 -- no response letter mailed XX/XX/XXXX after over 30 days of no response dispute letter 3 -- VIOLATION OF FCRA RIGHTS DISPUTE LETTER # 4 mailed XX/XX/XXXX after 30 days of no response or correction to the credit reports. 

the credit bureaus all failed to respond within the proper timeframe and also failed to prove their method of verifications on how they "" verified the information as accurate '' according to my most recent credit report that I obtained through myfico. 

No response from any of the credit bureaus within the given timeframe nor the companies. the companies have also tried to contact me illegally during this timeframe which is illegal to do in accordance with FCRA guidelines when disputes are underway."
3174,Credit reporting,"This CFPB complaint has been filed to request pursuant to FCRA 605B ( 15. U. S. C.

1681c2 ) that you, the TransUnion credit reporting agencys block the information appearing on my consumer credit report that is the result of identity theft, and fraud within four business days of you receiving this complaint. This fraudulent, inaccurateand false information consist of personal credit card accounts, auto loans, personal loansand open end unsecured consumer accounts as follows : ACCOUNTS XXXX XXXX XXXX XXXX XXXX XXXX XXXX XXXX XXXX XXXX XXXX XXXX XXXX XXXX XXXX XXXX XXXX XXXX XXXX XXXX {$0.00} These accounts have resulted in several fraudulent hard inquiries and fraudulent collections appearing on my consumer FICO credit report. Ive attached a list of the hard inquiries in question as well as a copy of the consumer FICO credit report maintained by you which shows the said fraudulent items. I do not recognize these accounts, collections and hard inquiries as reported. The aforementioned accounts, collections and hard inquiries appearing on my consumer credit report maintained by you were not opened, made or initiated by me. 
All of the said accounts, collections and hard inquiries are a result of identity theft, and fraud. I have attached a copy of the FTC identity theft criminal complaint case number XXXX, as proof from the US federal trade commission that all of the aforementioned, consumer credit accounts, collections and hard inquiries are in fact a result of identity, theft, and fraud."
3175,Debt collection,I had an XXXX XXXX credit card with a credit limit of {$110.00}. I lost my job so I could not make the payments. The balance owed on the card was {$86.00}. A collection agency bought the debt and is charging me an unfair price of {$390.00}. I did make a payment to them for {$50.00} on XXXX/XXXX/14 when the asking balance was {$340.00}. I do n't know how or why the balance is now {$390.00}. I did dispute this with the credit agency but they said this is justified.
3176,Money transfer or service,I had a crypto currency account with over XXXX XXXX dollars in from Gemini which is associated with XXXX XXXX I filed a complaint with the bank an the company the i earns just disappeared I have copies of the account in various sceenshots to support this statement I deserve that money i earned that money an for it to just be gone its a scam or something
3177,Consumer loan,"On XX/XX/2023 I sent a notice of dispute letter to Nelnet for inaccurate credit reporting on my credit report which is reporting missing information and inaccurate late payments that's reflect on almost several different accounts. I told Nelnet what the inaccuracies are and highlighted the section in which there were inaccuracies. They are responsible for thoroughly investigating the accounts since they are the data furnishers of information. On XX/XX/2023 the letter I wrote them was received. On XX/XX/2023 Nelnet wrote me a letter back which I received XX/XX/2023 of Nelnet stating that the account information was not going to be changed. I have provided this company with sufficient information, and they are assuming different. I'm not going to over prove myself to a company that is misreporting MY private account information. This is also my very first time disputing the inaccurate account information. It is a fact that this company did not do a thorough investigation into the matter which takes up to 30 days. Nelnet has violated my consumer rights per 15 USC 1681s-2 responsibilities of furnishers of information to consumer reporting agencies and 15 USC 1681o Civil liability for negligent noncompliance, and 15 USC 1681 Civil liability for willful noncompliance. This is unfair credit reporting practices and as a result Nelnet has shown themselves untrustworthy when reporting my personal account information to the Consumer Reporting Agencies. I want the inaccurate accounts that are still currently reported on my credit report deleted because it is affecting my credit worthiness, and the company has already proven that they are not going to correct the issue."
3178,Credit reporting,"I recently found that there are several fraudulent items on my credit report that don't belong to me. I do not have a record of doing business with these companies. I am a victim of identity theft. The information attached below, which appears on my credit report, does not relate to any transaction ( XXXX ) that I have made. It is the result of identity theft. I am the primary consumer of the complaint and there is no third party involved. This complaint was not submitted in error. Attached you will also find my ID as proofofmyidentity, my Proof of Address, and SSN Card."
3179,Credit card,"XXXX AT & T Universal Card account shows a pending "" authorization charge '' of {$26.00} for an XXXX ordered. I paid this on XX/XX/23 and XXXX says it removed the charge on XX/XX/23, yet the credit card online account summary shows the charge still pending. I contacted AT & T card service on XX/XX/23 and was told nothing could be done until the charge posts and is disputed, XXXX tells me the card carrier is taking too long to remove this pending charge that I have already paid. AT & T customer service tells me I must wait until the charge posts and go through the dispute process. In the meantime my credit limit is reduced by the amount of this charge. AT & T should promptly remove this illegitimate pending charge and release the amount back to my credit limit."
3180,Consumer loan,"I obtained a loan for {$1000.00} from XXXX XXXX XXXX, and I discovered that in Illinois, there is a law against this type of scam. They have garnished my wages without a court order or notice because they know this is illegal. I received nothing. I looked at my check stub today, and they had taken money without my knowledge. This loan was to be paid back a total of {$5600.00} in 5 months. My monthly income is going to the loan company because they are scamming 4 times or 400 % interest. this is robbery, and they know it because I got no call, no letter, no email, and no court-ordered documentation. this is against the law because they are taking advantage of us poor, XXXX individuals. please help me stop this highway robbery."
3181,Bank account or service,"Re : XX/XX/XXXX & TODAY, XX/XX/XXXX TWO DATES, TWO COUNTS : The contract fraud and the invasion of privacy : Without prior consent and agreement Capital One modified the normal method I gain access to the account and now requires me to waive my right to privacy through an intrusive message prompt instructing me to call them at XXXX if I need help. 


They offer three options but block the option I choose to use.

Capital One can not show any agreement between us where I consent to communicate with them by telephone or text. 

To do so waives a right to privacy when the connection begins with their use of an automated voice device that introduces the caller to the system guide that will confirm the waiver with each step. Next an audio message discloses the callers ' voice will be recorded during the call and lastly location identification of the caller is collected & stored. 

The blocks are abusive and negligent, and violate my rights under the ADA. 

They must correct their error and the pattern of negligent, intrusive and interference with my financial duties & responsibilities."
3182,Credit card,"The company was Barclays. XXXX I made conctact with them on XXXX and filed a complaint after I kept receiving bills in a married name that I used over 25 years ago, and I have never had or applied for a credit card thru them. They advised me that on XX/XX/XXXX credit was applied for and a issued to XXXX XXXX, and it was for XXXX and they had all my information SSN and DOB and current address. When I asked what it was used for they advised that on XX/XX/2023 for 8 days in a row the card was used at XXXX in Florida for XXXX each day, and then at XXXX XXXX in California for the amount of XXXX and the phone number for them was XXXX. I asked what can I do about it, and they advised they would investigate. Then just a few days later I received a letter that all the information was correct and it was my debt. I'm a XXXX XXXX  and I have a credit score of XXXX. I do not need bad credit on my report, especially one that I did not create. I made a police report. Approximately one year ago XXXX XXXX XXXX, in XXXX, texas sent out letters that their Computer systems had been compromised and everyone 's patient data had been obtained by someone on the web. I have had no problem til now. I just don't know what or where to go from here."
3183,Consumer loan,"In XX/XX/XXXX I filed for bankruptcy. I was also told that some loans would not be covered in the bankruptcy, but reading this particular article where you have settleed a lawsuit against navient in XXXX. And since I filed in XXXX. Does that qualify me to have my loan dismissed? They were subsidized. 
I was just wondering."
3184,Mortgage,"Sent out my XXXX morgtage payment on XX/XX/year> with the additional escrow of XXXX. The payment was processed on XX/XX/year>. As of today, XX/XX/year>, I have not been credited for the morgtage payment of XXXX  and the additional escrow payment of XXXX. When I called Wells Fargo home mortgage about this XXXX from the morgtage department disconnected my call. Bottom line is Wells Fargo has not acknowleged my payment and yet processed it. I have all the documents to back this up. I have recieved another morgtage payment for XXXX which shows my escrow wasn't payed."
3185,Consumer loan,"Previously submitted a complaint. Company 's response was unacceptable. Originally tried to pay off the loan in XX/XX/XXXX using the bank account I have used to make monthly payments for XXXX years. XXXX weeks later, I noticed Chase never processed the payment. I contacted them and Chase indicated no concerns. XXXX days later they reinstated the loan. I immediately called them and they submitted the payment. Again, no payment was deducted and they reinstated the loan. 

After filing an initial complaint with the CFPB, Chase wrote a response blaming me for providing them with a savings account number. They claim they can not process payments over the phone with a savings account. At no time did any Chase representative tell me this when I made multiple attempts to payoff the loan. The letter notes I could make suc a payment online, but my account had been locked by Chase. I have no ability to pay! 

I contacted Chase 's executive office on XX/XX/XXXX. They placed me on hold several times, and untimely routed me back to basic customer service ( the same customer service unable to process my payoff earlier ). 


The account I provided them is my only bank account - it has a checking account attached to it. Chase has withdrawn every monthly payment previously from this checking account - both auto and crefit card. 

They have provided me no way to payoff the loan. They continue to blame me for giving them a savings account number. Finally, they have reported me as missing a payment, which negatively affects my credit score."
3186,Bank account or service,"Since I have submitted my First complaint about this issue, Bank of America sent me an email to address my issue they did not include a call back number only a deadline to speak with them for XX/XX/2022. I had to research to find the number to return the call and I have called XXXX  times and left a VM for the representative XXXX has not called me back. I keep getting first ring VM. This complaint here is to verify I called and emailed B of A per there request in response to my complaint XXXX. 
XXXX  XXXX  XXXX Fri, XX/XX/XXXX, XXXX PM ( 7 days ago ) to me XXXX XXXX, Thank you for contacting XXXX  XXXX  of Bank of America . As your XXXX  XXXX  I welcome the opportunity to address your concerns. 

I am your point of contact until this matter is resolved. 

Before I complete a review of your concerns, I need to confirm that you are the party who engaged the CFPB by speaking with you directly by telephone. Please contact me by XX/XX/2022 to confirm that information. My days and hours of operation are Monday through Friday, XXXX a.m. to XXXX p.m. XXXX. 
Please note that if we are unable to reach you to discuss the resolution to your concerns, we will be responding in writing via a secured email or standard mail. Please follow instructions in that email to access our response. If you need additional assistance, please contact me at the number below and I or one of my colleagues will return your call within 48 hours. 

Thank you, XXXX XXXX XXXX XXXX XXXX XXXX Bank of America C- XXXX"
3187,Credit card,"When upgrading my phone to XXXX XXXX XXXX, I had to wipe the new phone 3 times, each time adding my credit and debit cards to XXXX XXXX in a quick succession, then wiping the phone to start over. On the last attempt, all my Elan XXXX XXXX credit cards started throwing a Card not added. Contact card issuer for more information. error."
3188,Credit card,I was applying for a new credit card at Discover and provided every bit of information that they requested including the all the documents proving identification. After speaking with an agent it came to light that it is required that I talk on the phone to confirm these details but I speech issues on the phone which makes talking on the phone very difficult and causes quite a lot of anxiety for me. I let the agent know that and they were respectful but did not provide another option and canceled the application. Just sad that discover could not be more assistive to me.
3189,Mortgage,"I have 2 complaints about M & T. 
1 ) questionable tactics to takes someone's home and foreclosure. 
2 ) having a loan modification process that gives the consumer only 18 days to provide dozens of documents. Some like taxes, have to be ordered. When the customer can not get the long list of documents in the 18 days. M & T cancels the customers application and deletes their account. they are just mean.. 

I am the most disappointed i have ever been with a company and can not believe they can do business like this and get away with it. Quick summary is the bank refused, yes refused to take my payments and started sending me foreclosure notices. 

Thanks. Just a couple more fact 1 ) fact 1 my payment suddenly went up {$1200.00} in XX/XX/2019 because M & T did a escrow adjustment, i had no idea, that was going to last 2 years. 
2 ) fact 2 i became behind for XX/XX/XXXX ) fact 3 i offered to pay {$3900.00} in XX/XX/XXXX which is a full payment and they refused. They refused my payment.They then proceed with letters from lawyers to my house threatening foreclose. The only way i can describe what they did is the word evil."
3190,Bank account or service,"Identity Theft Victims Complaint and Affidavit PAGE ( 3 ) Item XXXX XX/XX/2020 XXXX XXXX XXXX received an Email from which appeared to be from XXXX to confirm an Order purchased. NO order was ever issued. Called the phone number as shown on the Email. Man states ok you have NO XXXX account ; does any other family member have an account? Think my wife XXXX XXXX XXXX does. XXXX talked over 1.5 hours to this man with her computer ON. Computer was Hacked. Man asked her if she had a checking account, YES. Could you log on to see IF any orders were filed and collected. She did so ; USAA Federal Savings Bank account was Hacked as he could see accounts and account numbers as she had OPEN. XXXX became very uncomfortable and nervous. XXXX ended the call and shutdown her computer OFF. Hacker then placed ( 2 ) Wire-Transfers to be sent ( 1 ) {$9800.00}, ( 2 ) {$9800.00}. Our USAA Bank Savings Account ending in ( XXXX ) was hacked. The account has been closed and terminated with balance transferred to another account. USAA states Mrs.XXXX was sent an Email ref. the transfers to be sent. XXXX XXXX NEVER received this Email at her XXXX  account or her online USAA Bank account. XXXX XXXX XXXX made phone calls to the USAA Bank from XXXXXXXX XXXX  to XXXX to STOP the transfers. XXXX did receive and Email from USAA at XXXX to confirm the Wire-Trans were in fact sent. The USAA Committee completed an investigation. As stated NO FUNDS will be issued or returned Mrs. XXXX was to fault. XXXX XXXX asked WHY and WHO authorized this Wire of funds to be sent? USAA stated the bank NEVER heard from Mrs. XXXX. USAA If the requester ( Mrs. XXXX ) does NOT call or notify us per-Email from us, the funds ARE sent. AGAIN, That Email was NEVER received to date. NO Authorization or Approval was EVER given to USAA for this transaction to be done. ( NOTE ) Mr. XXXX has a membership at USAA for ( 51 ) years."
3191,Credit card,"In accordance with the Fair Credit Reporting Act XXXX  Torrid account has violated my rights. 

15 U.S.C. 1681 section 602 A : States I have a right to privacy.

15 U.S.C. 1681 section 604 A section 2 : It also states a consumer reporting agency can not furnish an account without my written instructions."
3192,Debt collection,"I called fidelity creditor service XX/XX/2020 at XXXX call lasted 11minutes in attempt to start making payments. i was able to accomplish making a payment of {$50.00} on XX/XX/2020 at XXXX. i asked for some form of proof of payment the representative named XXXX told me "" no '' they don't do that and that they wont give me anything until my debt is at a {$0.00} balance. she never had me sign an agreement for payments my payments are $ XXXX/month on every XXXX of the month. On XX/XX/2020 at XXXX lasting a total of 3minutes i called again spoke with a woman to make a payment of {$220.00} again no proof of payment not a receipt, email, or a contract because they refuse to give me proof. also if im making payments they should not be increasing my debt amount last reported increase was in XXXX of {$16.00} ( XXXX XXXX didnt give specific dates )"
3193,Bank account or service,"I called Wells Fargo on XXXX, XX/XX/2021, at XXXX XXXX. Around XXXX XXXX PST, a manager/supervisor answered the phone. He indicated his name was XXXX. I asked XXXX which country he was located. He refused to answer my question and deliberately disconnected the call. This was unprofessional and his egregious conduct reflects poorly upon Wells Fargo. I have never had a supervisor from any company disconnect the call on me."
3194,Credit reporting,LVNV Funding has been negatively reporting on my credit reports for a number of years now. I have never contracted with them regarding any service or debt. I have tried to remedy the issue with them to remove the items from my report but to no avail. They have also failed to furnish me with relevant documents related to obtaining and servicing lawful debt.
3195,Credit card,"I had made a payment to payoff my card online with PayPal Extras MasterCard. Later, I booked a hotel stay using the card XXXX XXXX. As we checked, we noticed one of our belongings were missing. We reported to front desk and they stated they would do an investigation but in the mean time they would refund our stay - in full. I thought my card was at a zero balance. XXXX day I received a late pay notice via XXXX. I was confused. I contacted the credit card company immediately. They stated the hotel charge was not reversed and I had a balance. I was reported 30+ late to the credit agencies for non-payment. I was not aware of any balance and have never been late ever. I have absolutely no late pays on my credit at all. PayPal said they would file a dispute to correct the issue and that I would need to speak with customer service to resolve payment issues. Call was dropped. I called today to resolve the issue and discuss the late payment and make whatever balance payment in full. They stated they could waive the late fee but would not send anything to the credit bureau as a correction. They stated they "" could n't '', even if there was a mistake made. I was not happy with this resolution. They stated all I could do was dispute through XXXX or one of the other agencies. I filed a dispute today with XXXX and I am claiming that the 30+ day late on my credit is incorrect. I am asking that this get resolved as soon as possible. This is negatively impacting my credit."
3196,Credit card,"I received a Visa cash card in the mail on XXXX. I never requested this card. I do not use square or the cash app. The envelope it came in is addressed to me but the address is not correct. Top right corner of the card has $ XXXX which is unfamiliar to me and has my name on the back of the card. No contact info came with the card to call for customer assistance. XXXX company, unable to reach anyone via phone. Instructed to access app for assistance but I do not have an account nor wish to open one. Of course I am not activating this card but want to make sure my credit and identity is not compromised with this card."
3197,Bank account or service,I opened a XXXX  savings account with Chase when I was in XXXX XXXX. I was a minor and opened the account with my mother. As of last week they told me that they had a history of three accounts being opened in my name and closed without my authorization and without notifying me of these changes.
3198,Debt collection,I received a letter dated XX/XX/2021 from Glass Mountain Capital LLC. I did not give Glass Mountain Capital LLC permission to contact me. Glass Mountain Capital LLC used obscene language by alleging I owed a debt. The alleged debt is disputed. I do not have a relationship or contract with Glass Mountain Capital LLC.
3199,Consumer loan,"I called FedLoan Servicing to ask a question. The computer voice said wait times were longer than 20 minutes and to press 1 in order to receive a callback without losing your place in line. Instead of being offered a callback, the computer system repeated the same message, no matter how many times I selected the 1 option when asked to do so. Finally, FedLoans phone system hung up on me. This is only the latest example of how pitifully bad FedLoan Servicing behaves towards federal student loan borrowers."
3200,Debt collection,I keep receiving phone calls from XXXX. I 've left XXXX voicemails on their answering machine advising the person they are trying to contact does not live at my address. They keep calling each week. I can not get them to stop calling me despite NUMEROUS attempts to get them to stop.
3201,Bank account or service,"A person impersonating themselves as a member of the XXXX XXXX Fraud Division contacted my wife via phone on XX/XX/2024 at XXXX EST. After obtaining information regarding our bank account through a series of text messages and calls disguised as official XXXX XXXX XXXX, two wire transfers took place for {$300.00} and {$9200.00} from our bank account.

Once we realized the fraud took place, we contacted the fraud department of our bank ( XXXX XXXX ) at XXXX the same day. The XXXX XXXX fraud agent, XXXX XXXX, was able to trace the funds to the receiving bank, JP Morgan Chase Bank, with a corresponding account number, name, and address in XXXX, CO. 

We were contacted by our XXXX XXXX Fraud Investigations agent, XXXX XXXX XXXX, the morning of XX/XX/2024 to file a report with the FBI and to request our funds back from JPMorgan Chase Bank. 

On XX/XX/2024 we were informed that JPMorgan Chase denied our claim to receive our funds back because 'the funds were no longer available '. 

This is grossly unjust. My wife and I are hard working, law abiding citizens with a XXXX year old, a XXXX year old, and another baby due in XXXX, and are now left financially vulnerable because of a criminal. The lack of protection for US citizens from these huge financial corporations is saddening to say the least.

PLEASE help."
3202,Consumer loan,"Hi, my name is XXXX XXXX and I want to file a complaint concerning the day I was bullied by my "" loan servicer '' & company on XXXX/XXXX/XXXX. On this day, a few days after I was asked what I would do if my family 's wages got garnished because of my inability to pay them, I told them that I could only pay them {$70.00} and that I was willing to pay that amount to them per month. Navient said that {$70.00} was n't an option and that I would either have to set up a monthly payment amount of {$130.00} from that day forward or pay {$200.00} to keep my loan out of pre-default. I pleaded to them that I was only interested in choosing a payment amount that I could maintain monthly, and not revert within months. ( Years earlier I was goaded into aceepting a payment plan with an outrageously large price point in regards to my income ). They said this was the best they could do for me. When I told them that I was only able pay {$70.00} they told me no because it would n't be enough to match their price point and hung up on me. I actually had to call THEM back just to pay them. 

My aunt, who consigned this loan, told me to mail it in to them but I was afraid that it would n't make it to them in time ( because they only count payments on the day it went through, not when it 's dated ), and that they would move my loan to pre-default status. So I called my aunt to explain the current situation with Navient. After the call, she sent me the following text : "" XXXX '' This took an XXXX on me, forcing me to pull money from my other responsibilities to keep the loan out of "" pre-default. '' So I called back and paid the extra {$130.00} with money that I had designated for other bills. This brought the final total to {$200.00} when I actually only had {$70.00}. To this date, we have not resolved this issue. I have had several other experiences with Navient that are similar to this one throughout my business with them, dating back to XXXX."
3203,Money transfer or service,"1. On XX/XX/2020 I made a purchase for paper goods through Paypal to a company that turned out to be fraudulent. 
2. Within an hour of discovering the true nature of the company I attempted to cancel the transaction but received no response from the company. 
3. I attempted to obtain a refund through Paypal and was declined and my appeal was refused. 
4. I successfully obtained a refund through my bank ( XXXX XXXX XXXX  ) after proving the transaction was fraudulent. 
5. I attempted to terminate my Paypal account but was refused because my bank requested a return of funds for the fraudulent transaction referred to. 
6. Paypal is asking for me to validate my bank information before terminating my account. I provided such information and it still refuses to terminate. 
7. There is no way to communicate with Paypal except for electronically and all of my attempts to get this matter resolved using this method have failed. Now the electronic communication feature isn't even working."
3204,Debt collection,"I am XXXX XXXX and XXXX am submitting this complaint myself and there is no third party involve.I 'm not swayed that Bureaus efficiently pleased the principles of the Fair Credit Reporting Act in completing their investigation. The Bureaus are reporting inaccurate information on JEFFERSON CAPITAL SYST. Per FCRA, reporting must be 100 % accurate or the information must be deleted."
3205,Consumer loan,"I attended XXXX XXXX XXXX XXXX XXXX. I only attended school for a month before having to leave due to my transportation failure.My truck needed repairs so I stopped attending school. I went on with life when sometime ago I was receiving literature from XXXX for repayment to the school but it was for {$40.00} plus thousands dollars. I filled complaints that went unanswered. They put it on my credit report sometime after that which did a lot of damage to my credit score I was buried in debt. XXXX was recently sued and found negligent in there student loan practices. Fast XXXX I am now receiving literature from a company whom in which the debt was passed to, Edfinancial. This is fraudulent due to the negligence of XXXX from 2011. All studies who have attended vatterotte institutions should have been forgiven because they too have been sue and close due to negligence. I request a further investigation of this matter. 
Redeemed in lawful money pursuant to 12 u.s.c. 411 All credits and debits must be settled in lawful money. I demand full discharge Of this obligation in lawful money. Public debt obligation 31u.s.c 5118 ( a ) ( 2 ) Calvin Smith Jr. UCC 1-308"
3206,Mortgage,"After being in default for several years, DUE TO THE FACT THAT BANK WAS INSISTING THAT I PAY FRAUDULENT CHARGES, I had no choice but to reinstate my loan in order to save my home. 

However, the reinstatement quote included unsubstantiated and undocumented legal and other fees, and I suspect escrow inaccuracies. 

I have documentation ( attached ) to prove previous fraudulent billing for legal expenses and fees that were not incurred, however when I request the servicer to provide substantiation of amounts they are trying to bill me, they try to hide behind "" attorney-client privilege '', which should not apply if I am the one being asked to pay for it, especially since I have evidence of fraudulent billing from the beginning of the foreclosure process."
3207,Mortgage,"In XX/XX/2020 to XX/XX/2020, my regular mortgage payment was rejected from Santander saying they did not know what account to apply the payment too. I was not aware of this until receiving a notice that I did not make my monthly payment. The money was showing out of my account via an ACH payment. I called my bank that the payment originated from and they confirmed it was sent the same way it has always been previously sent. I contacted Santander customer service and told them that the money was showing as paid and our of my account. They had me submit an email to start an inquiry and showing the payment from my account. This inquiry went no where. I received some letters stating that they needed time and we're looking into it, but nothing else. In the mean time, near the end of XXXX, the money was returned to my account and that is when my bank told me it came back saying it did not know what account to add the payment too. Since I did receive the money back, when I made my next payment, I doubled it with this returned money. Same thing happened, and I again called customer service when I received a letter stating I did not pay. They kept telling me to just pay my mortgage, not listening to the fact that I did and it was being rejected though my bank said it was being paid the same as before. This payment eventually came back as well. The bank making the payment stopped ACH payments and started sending them by check instead. Have not had issues after. Nothing came of the inquiry I submitted. I was only out around {$40.00} in late fees which was not worth my time to dispute but I have now noticed that they reported on my credit score that I had a late payment. This is false and needs to be addressed."
3208,Money transfer or service,"I want to file a complaint against Paypal. I know there are many as I've been reading the message boards of peoples experiences. They have over {$700.00} XXXX XXXX XXXX of my money and they say they have decided to "" part company ''. They say they will hold my money for half a YEAR ( 180 days ) then give it back???? What the heck is that? They give no reason for this decision. I think they do this to people and then use their money for investments. They probably have a sister company making loans using the money they are holding and they need to go to jail. I have been selling on ebay since only XX/XX/XXXX, and have made over 2000, and have made transfers to my checking account 3-4 times with no issues. Then suddenly on XXXX XXXX I have an account limitation, meaning money can come in from buyers, but I can't touch it??? Paypal asks for photo id so I find an old scan of my license on my comp and send it. They close my account. Then I look closely at my scan and it was an expired license with a previous address. So I can see why they would see a red flag. Problem is, they won't let me go to XXXX  and scan my current license ( I no longer own a scanner ) or take a pic with my phone ... ..it 's a done deal!! What? You see how they just want to keep people 's money!? The want to USE it. This has to stop. If there is a suspicion of fraud you have to give people a chance to show you they are who they say. Paypal just wants to bully people and use their funds for their own personal gain."
3209,Credit card,"I had a court date with the credit card company ; the representative did not show up, and the judge dismissed in the amount of {$1900.00} the case in XX/XX/2019. I have written to all bureaus and nothing has happened to remove it from all 3 credit reports. This has caused so much frustration to get approved all these years. Next action is to sue the credit card company."
3210,Credit reporting,"The response to my complaint indicated that Equifax had previously removed the disputed item on two separate occasions from my credit file and now it has been added back  a 3rd time  under a different name. Please review your past files as you will see that you have already removed this same disputed item in the amount of {$640.00} under  XXXX  different creditors names in the past. The issue is they are selling the account and it keeps getting placed back into my credit file which is illegal since it was already disputed and removed twice.   This was Equifax 's response to the latest issue and the reason they do n't see the other names mentioned is because Equifax had already removed them from my file in the past. Equifax reinserted the same disputed item just under a different creditors name.  <P/> Dear  XXXX   XXXX , we received the complaint you submitted through the CFPB Portal. Equifax has reviewed the complaint and its records. Please be advised that all account data contained in your Equifax credit file is electronically reported and updated by the data furnisher. Equifax did not reinsert the accounts listed in the complaint. The following disputed items are not currently reporting on the Equifax credit file :   XXXX   XXXX   XXXX   FOR {$640.00} AND  XXXX . The disputed  XXXX   XXXX   XXXX  account number ending in  XXXX  has been verified as reporting correctly on the Equifax credit file with your name, current address and social security number. Adverse accounts will remain on the Equifax credit file for up to 7 years from the date of last activity or date of first delinquency. Written confirmation has been sent to you on  XX/XX/2017   . A complimentary copy of your credit file has been mailed on  XX/XX/2017   , please allow  7 to 10 business days for delivery. Please note that for future disputes of credit report information, you may visi t www.equifax.com"
3211,Money transfer or service,"I finally received an insurance check from a car accident from From XXXX XXXX and it is a Citibank issued check. 
I called and spoke with a local Citibank branch ( XXXX XXXX, CA ph # : XXXX ) on Monday at XXXX XXXX today and spoke with a very rude person. I wanted to inquire if I could cash a check issued by Citibank and he stated no, despite the check issuer being Citibank. When I asked him the reason he rudely answered but was using terms I was unfamiliar with which led to me asking additional questions in which he became rude and upset stating Im not going to argue with you. I was shocked on how he said it because my intention was not to argue nor did I expect him to become upset. I did not expect such hostility for asking questions or clarifications. I thought I would have no issues cashing a check at a branch in which the check was written by the financial institution."
3212,Mortgage,Have been trying to modify for the last three years. Every time I try documents go missing and things are delayed. I 've been turned down a few times but am told that I may apply again for a different program. I 've been told that my principle would be dropped and many other things that were lies. When I was finally approved the conditions were outrageous. I just want a fare modification so I can get back on track. This company has been XXXX me around for years and I am suspicious of their accounting as well as far as my account goes.
3213,Mortgage,"My home mortgage loan was sold in fall XX/XX/XXXX by XXXX. I was directed to send payment to XXXX, which I did for the XX/XX/XXXX payment. I have the cashed check copy and evidence of my account being debited. Then I was directed to send payments to LoanCare. I have sent in all payments and have not missed any months. 

LoanCare will not recognize this payment and sends delinquent notices, saying I am behind on my mortgage payments, which I am not. Since XX/XX/XXXX to present, I have twice called LoanCare customer support to resolve this. Each time I was instructed to fax an explanation, copy of cashed check and my account debit page. I have done this twice now. When I call the customer service line, they have no information regarding any of this. 

I sent a letter ( copy can be faxed ) regarding this, with the above information again enclosed to LoanCare on XX/XX/XXXX. I asked for the payment made to XXXX to be acknowledged and my account to be remedied. no reply. 

I received another delinquent notice on XX/XX/XXXX. I have made every payment every month."
3214,Bank account or service,"I am a customer with Simple Bank, they are transitioning to XXXX on XX/XX/XXXX On XX/XX/2021 they ( Simple ) withdrew {$8600.00} from my account. Without my knowledge or consent. I only found out when I used my card in the supermarket and it did not work. 
They left me with {$10.00} in my account to buy food and gas. 

After daily calls and messages to customer service, I eventually found out they were doing an investigation into my account. They could not give me a reason why as to why. 

Then a few days later I got a message they were closing my account, they only said this is confidential and all funds are frozen, until my account is closed and then they would send me a check for the funds in my account. No mention of the previous money they withdrew. 

After more calls and messages, they still can not confirm that what is happening. 

So as it stands now, on XX/XX/XXXX I have {$460.00} in account, which they acknowledge will be returned {$8600.00} withdrew and they can not confirm its return Surely this can not be Legal? 
I`m absolutely disgusted with their behavior over this. 
I can't get a straight answer from them for anything they have done. 
Customer Service even hung up on me! 
Its caused me a lot of stress and anxiety, Ive had to borrow money from family to get by Its NOT right and it needs to be reported and they need to be held accountable for their actions"
3215,Debt collection,I talk to the collection company about a month ago and told them I file chapter XXXX bankruptcy and it was discharged on XX/XX/2018.  But they keep harassing me. My law also contact the collect company but they still continue to harass me and threaten me. The original company is check-n-go but it's in collection I don't know the name of the collection company. Here is their telephone number ( XXXX ) XXXX
3216,Bank account or service,"I have a TD Bank business account which I opened when I lived in XXXX. I recently moved to XXXX  with the intention of keeping my business and my business account open but since then, circumstances have changed and I have been forced to close my business and therefore no longer require the account. I have asked TD how I can close my account even though I live outside of their service area and their only response has been to go to a local branch. I find this to be an untenable solution when personal account holders have the option of sending a notarized letter or requesting the account closure through their secure messaging system. At this point, in order to avoid paying the monthly maintenance fee, I will be forced to maintain a minimum of {$1500.00} in the account. This will go on until I am able to XXXX XXXX XXXX XXXX XXXX XXXX XXXX  to make an unnecessary trip to XXXX  and close the account in person."
3217,Credit reporting,"Dear Experian/XXXX/ XXXX  Dear Sir or Madam : I am a victim of identity theft. The information listed below, which appears on my credit report, does not relate to any transaction ( s ) that I have made. It is the result of identity theft. Please block this information from my credit report, pursuant to section 605B of the Fair Credit Reporting Act, and send the required notifications to all furnishers of this information. Enclosed are the following A copy of section 605B of the Fair Credit Reporting Act, which requires you to block the fraudulent information on my credit report resulting from identity theft within four business days and to promptly notify the furnisher ( s ) of that information.

See Attachment accounts : I appreciate your prompt attention to this matter, and await your reply."
3218,Credit card,"Made 3 separate purchases in XX/XX/2019, totaling ~ $XXXX.  Never received a statement to my home or email.  I received an alert from XXXX XXXX on XX/XX/19 that my credit score dropped by 124 points.  I went through XXXX   XXXX to determine the potential issue as I was stunned by the news (my credit was great previously and has been).  I found a note that said 60 day collection Best Buy.  I logged into my Best Buy account and was surprised to see charges stemming from XXXX  when late fees of $XXXX/month + interest $XXXX.  I called immediately and told them I was surprised by all of this as I have not received any statements to my email or to my home indicating there was a balance or any late fees.  They told me they emailed me but it could have gone to a junk folder.  This is not acceptable.  The $XXXX is meaningless to me in terms of dollar amount and could have been easily paid.  This is a predatory action that is ridiculous as I cancelled the card while on the phone."
3219,Credit card,"0n XXXX-XXXX-2017 i Purchased a 123 Rewards Gold Debit Mastercard ... Placed A XXXX Dollar Bill In Cash On The Card at XXXX XXXX, OH Where It Was Purchased ...
<P/>
Later That Day I Called The Number On The Sticker That Was On The Front Of The Card And Activated It ... Found Out During One Of The Phone Calls, That The Accounts The Card Originates From Is US Bank ....
<P/>
I Tried To Use The Card Twice For Transportation Expenses and It Kept Coming Back Declined ... When You Call And Check The Balance On It It Says The Entire XXXX Dollars Is Showing Still On The Card ... ....
<P/>
After A Few Phone Calls ... The Pretty Much Tell Me That The Card Cant Be Used To Pay Bills Or Be Used At An Atm ... .. They Force You To Shop Online With It .... A Total Fraudulent Scam Card Through US Bank .... They Need To Be Reprimanded For Stealing Peoples Money And Making It Nearly Impossible To Aquire The Funds Placed on The Card ... .. US Bank Needs To Be Aware That It Is A Scam To Issue A Debit Mastercard That Wont Work At Any Atm A Total Fraudulent Scam From US Bank ..."
3220,Mortgage,"It has been XXXX  days since my initial request for mortgage assistance. I have been denied deed-in-lieu, and the current short sale application ( which was submitted twice at their request ) remains unaddressed despite all complete paperwork being provided XXXX  days ago. I have additional provided a reasonable purchase offer for the short sale, and I can not get a straight answer on the status of the offer approval or my application. There is also a discrepancy of information across departments, because the insurance department continues to send me letters regarding vacancy without properly addressing open mortgage assistance case."
3221,Credit reporting,i have tried to dispute this account on various debt reporting companies the days on this account are incorrect it was originally a XXXX  account it says it was opened XX/XX/XXXX it was originally opened XX/XX/XXXX and it is been 4 years since it was first deliquent past the ca statue of limitation for debt collecting
3222,Credit card,"Dear CCB/VICTORIA SECRET ; I was shocked when I reviewed my credit report today and found late payment on for 30 days late when the world was shut down due to XXXX and i was personally during that time XXXX XXXX XXXX XXXX XXXX XXXX XXXX XXXX XXXX XXXX. I also thought i had paid it through automatic payments. Again, I am not sure how this happened, I believe that I had made my payments to you when I received my statements. My only thought is that my monthly statement did not get to me."
3223,Credit reporting,"There is Information that is on my consumer report that is a result of identity theft and are in XXXX!. I did not provide written permission or instructions for the identified transactions to be reported on my consumer report. I am requesting that the reporting of this information be blocked and deleted. My request to block is not being made in error, nor is my request to block being made on the basis of a material misrepresentation of fact by me relevant to the request to block the identified transactions. Under 15 USC 1681b Permissible purposes of consumer reports Subsection ( c ) any consumer agency may furnish a consumer report under the following circumstances and no other ( 2 ) In accordance with the WRITTEN INSTRUCTION of the consumer to whom it relates I NEVER gave ANY consumer reporting agency WRITTEN CONSENT to report anything on my consumer report which violates my rights as a federally protected consumer. NO CONSENT IS IDENTITY THEFT The identified transactions are not information related to any transaction by me the consumer. DELETE IMMEDIATELY!!! 
XXXX XXXX XXXX XXXX XXXX XXXX XXXX XXXX XXXX XXXX XXXX XXXX XXXX XXXX XXXX XXXX XXXX XXXX XXXX XXXX XXXX XXXX XXXX XXXX XXXX XXXX XXXX XXXX XXXX XXXX XXXX XXXX XXXX XXXX XXXX XXXX XXXX XXXX XXXX XXXX XXXX XXXX XXXX XXXX XXXX XXXX XXXX XXXX XXXX XXXX XXXX XXXX XXXX XXXX XXXX XXXX XXXX XXXX XXXX XXXX XXXX XXXX XXXX XXXX XXXX XXXX XXXX XXXX XXXX XXXX Per 15 USC 1681c-2 A Consumer reporting agency shall block the reporting of ANY information in the file of a consumer that the consumer identifies as information that resulted from an alleged identity theft within ( 4 ) days from the receipt of this notice. I look forward to your prompt action."
3224,Credit reporting,"I am writing to you as a concerned consumer regarding the accuracy and fairness of the information contained in my credit report. As you are aware, the Fair Credit Reporting Act ( FCRA ) ( 15 USC 1681 ), which was enacted to promote the accuracy, fairness, and privacy of information in the files of consumer reporting agencies, grants me certain rights to ensure that my credit report is correct and that I am treated fairly in the credit reporting process. 

Under the FCRA, I am entitled to the following rights : The Right to Accurate Reporting The Right to Dispute Inaccurate Information The Right to Be Notified of Adverse Actions The Right to Limit Access to My Credit Report The Right to Privacy and Confidentiality The Right to Seek Damages for Violations I am asserting these rights in my dealings with your agency to ensure that my credit report is accurate, complete, and reflective of my true credit history. Any discrepancies or inaccuracies should be promptly corrected to avoid any adverse impact on my creditworthiness. 

XXXXXXXX XXXX XXXX XXXXXXXX, DEPT OF EDXXXX XXXXXXXX XXXX XXXX XXXX XXXX XXXX XXXX XXXX XXXX XXXX XXXX XXXX XXXX XXXX XXXX XXXX XXXX"
3225,Mortgage,"My mortgage is with NewRez LLC handled by Shellpoint Mortgage Servicing LLC. and I was in COVID19 Forbearance plan. However, the process of getting out of the forbearance and starting paying my new modified loan was all but a disaster. Starting XX/XX/2021 I was in talk/email with a Shellpoint contact person and when it comes time for me to sign documents, they keep sending the wrong/misspelled documents over and over again. When all that happened they didn't push my payment starting date, which was scheduled to start in XX/XX/2021. And when my mortgage payment due date passed they reported it to credit agencies as I missed all payments during the COVID19 Forbearance plan, this is despite my payment of a newly calculated modified monthly payment on XX/XX/XXXX. Now, all the promises that the government gave to a homeowner like me have become lies. my XXXX XXXX got to the lowest point itever been and the psychological impact was putting a toll on me. 

I did everything that NewRez/Shellpoint Mortgage Servicing LLC asked me to do. I tried to avoid getting into this kind of situation, speeding hours and hours on the phone just to get one representative to give you a false assurance that everything will be fine. Shellpoint Mortgage Servicing LLC messed up my document. They sent wrong papers for me to sign four times. With this out of my control situation I got a XXXX XXXX hit which is almost hard to overcome. 

Please, please... I need someone to help me on what to do in this situation."
3226,Debt collection,"This debt collector violated the FDCPA by engaging in abusive, deceptive, and unjust practices. They provided this account in violation of our agreement, and I did not affix my signature to it. Two parties are required to sign a legally binding contract ; I did not take any part in the signing process. Furthermore, in noting my dispute of the account, they failed to adhere to the correct procedure, which is a clear violation of 15 USC 1692e ( 8 ) and constitutes unjust business practices. 

I demand that this company remove my account from all three credit reporting agencies due to the violations. If they fail to do so, I will be compelled to escalate the matter to my litigation attorney. I have been advised that the company 's failure to indicate my account as "" consumer disputes '' on my credit report constitutes a violation for which I am entitled to take legal action against them."
3227,Debt collection,"I received notification from Transworld Systems Inc. in XXXX XXXX, PA in XX/XX/XXXX that I owed tuition from XXXX XXXX University. The XX/XX/XXXX and XX/XX/XXXX tuition was paid on a credit card and I called the school to confirm payment receipt. They said they did n't know why this was turned over to a collection agency. I called the collection agency and they wo n't work with me. I made copies of all my payments including the account printout from the school with my XX/XX/XXXX and XX/XX/XXXX account information showing a XXXX balance due. I sent this information to the collection agency certified mail with a return-receipt confirmation. I would like the school and collection agency to get their accounts straight and ensure my credit rating has not been affected by this inaccuracy. I am enrolled in the XX/XX/XXXX semester and the tuition information is reflected on these statements but will be covered in the fall with student loans and personal payment. Those figures are not part of this issue as I just registered for XX/XX/XXXX."
3228,Credit reporting,"This letter serves as a formal follow-up to my initial dispute XXXX regarding inaccurate information being reported on my consumer credit report by Equifax, XXXX XXXX XXXX  for the following accounts on my Equifax report : XXXX ( Account # : XXXXXXXX XXXX XXXX XXXX XXXX XXXX XXXX XXXX XXXX  ), XXXX ( Account # : XXXXXXXX XXXX XXXX XXXX XXXX XXXX XXXX XXXX XXXX XXXX XXXX ), XXXX XXXXXXXX XXXX ( Account # : XXXXXXXX XXXX XXXX XXXX XXXX XXXX XXXX XXXX XXXX XXXX XXXX XXXX ), and XXXX ( Account # : XXXXXXXX XXXX XXXX XXXX ) XXXX XXXX I am now invoking my rights under FCRA 611 ( 15 U.S.C. 1681i ), which mandates that consumer reporting agencies reinvestigate disputed information and provide a detailed description of the procedure used to determine the accuracy and completeness of the disputed items. Since your previous response returned the accounts as verified, I am now requesting the specific method of verification used to reach that conclusion, including the name and contact information of the furnisher, and the original source of the data used to verify the accuracy of the delinquency status reported. If you are unable to provide this information, or if the furnisher can not produce documented evidence bearing my original wet signature authorizing the reporting of such information, then per the FCRA, all contested items in my original dispute must be permanently deleted from the credit report you maintain."
3229,Money transfer or service,My XXXX account was used in cash app to send a substantial amount of money from one Pier to another when I try to resolve this with the bank they denied me even though I had reported that I was unable to login due to somebody changing all of my information my email address my phone number on the account before any of the transactions even started and they were unable to help me then 2 days later my card was used on XXXX XXXX to send a large amount of money multiple different transactions and when I disputed the transactions they said no error were found but they gave me credit for {$1.00} on XXXX of the disputes which didn't make sense they have since been closed my venmo account I don't have XXXX XXXX. So the way it said that I'm out XXXX if I can't get this result some other way the bank has denied my claims and close the account until I can no longer have even metal account
3230,Money transfer or service,"ON XX/XX/XXXX, A DOMESTIC WIRE TRANSFER OF {$12000.00} WAS MADE TO MY CHASE CHECK ACCOUNT. CHASE SENT ME A NOTICE CALLED "" ADVICE OF CREDIT '' STATING THAT THE MONEY WAS CREDITED TO MY ACCOUNT. THE MONEY WAS NEVER PLACED INTO MY ACCOUNT. I MADE A COMPLAINT WITH CPFB BECAUSE CHASE WAS NOT TELLING WHAT WAS DONE WITH MY MONEY. 
I ASKED CHASE TO TRACE THE WIRE USING THE IMAD AND OMAD NUMBER. I CONTACTED THE FEDERAL RESERVE AND I WAS TOLD THAT CHASE COULD DO THIS BUT I COULD NOT AS THE CONSUMER. 
CHASE RESPONDED TO MY COMPLAINT AND SO MANY INQUIRIES BY LETTER DATED XX/XX/XXXX THAT THEY COULD NOT FIND THE WIRE. CHASE NEEDS TO CONTACT THE FEDERAL RESERVE AND TRACE THE WIRE.

I HAVE ATTACHED MY WRITTEN COMMUNICATIONS WITH CHASE, INCLUDING TWO EMAILS WHICH WERE JUST IGNORED."
3231,Debt collection,"XXXX XXXX XXXX Practices XXXX, XXXX XXXX XXXXXXXX This is not a request for verification or proof of my mailing address, but it request for validation made pursuant To the above name and title section. I have respectfully requested that your office provide me with competent evidence that I have any legal obligation to pay you. 
( I have not supplied proof under the doctrine of XXXX by silence, XXXX v XXXX ( mo ) XXXX XXXX presume that no proof of the alleged debt, nor therefore any such debt in fact, therefore exist."
3232,Credit reporting,"the following unauthorized inquiry need to be removed : Made by : CREDCO Made on : XX/XX/2017 To my knowledge, I have not signed any documents authorizing this organization to view my credit history therefore, your inquiry into my credit report violates the Fair Credit Reporting Act, Section 1681b ( c ) : Transactions Not Initiated by Consumer.

If you are in possession of any document that you believe authorizes you or your organization to make inquires into my credit report, I respectfully request a copy of this document be sent to my address listed above so that I may verify its validity. Given the amount of identity theft, I 'm sure you 'll agree that verifying your information is in your best interest. 
Finally, assuming you do not posses inquiry authorization, I request that, after removing your unauthorized inquires from my credit profiles, you also remove all of my personal information from your records and send me confirmation that you have complied with my requests. 
Sincerely,"
3233,Money transfer or service,"I was the victim of a sophisticated scam while trying to purchase an antique car on the internet. On XX/XX/XXXX I authorized my investment manager, XXXX XXXX, to wire transfer {$9000.00} to the account designated by the scammers. The account information specified was as follows : Beneficiary/Account Holder : XXXX XXXX XXXX Payment Reference : XXXX Bank : Bank of America Account No : XXXX XXXX XXXX Routing No : XXXX Hightower uses XXXX XXXX as the originating bank and on XX/XX/XXXX, after proper due diligence the funds were transferred. 

On XX/XX/XXXX, after figuring out the scam mechanism, I requested that XXXX attempt to retrieve the {$9000.00} from Bank of America XXXX XXXX assigned an investigator who immediately filed a claim ( XXXX case # XXXX, Bank of America Incident Report # XXXX ) Bank of America advised the XXXX XXXX that they required a minimum of 90 business days to attempt to retrieve the funds. This time period expired on, or about XX/XX/XXXX. 

There has been no meaningful information forthcoming from BOA since initiation of this claim with the last conversation ( no new information- '' claim in process '' ) on XX/XX/XXXX. 

It seems to me that BOA should provide the following information : 1. Does BOA have procedures in place to properly vet their customers? 
2. If so, were these procedures properly followed regarding the reci [ ient of the wired scam fundsXXXX XXXX XXXX XXXX? 
3. Why has BOA not communicated with the XXXX XXXX with meaningful information. 
4. If no recovery has been achieved, does BOA carry insurance or self insurance to protect victims of this increasingly prevalent occurrence and if so how could I, as victim, access these funds? 

I filed an FBI IC3 complaint on XX/XX/XXXX"
3234,Money transfer or service,"I am filing a complaint against Cash app ( Block , Inc ) due to inadequate customer service and unfair practices, which violate the Consumer Financial Protection Act ( CFPA ). Specifically, Cash app failed to take timely and effective measures to prevent and address fraud on their platform, leaving my account vulnerable and unprotected. Furthermore, their dispute resolution process was unfair and deceptive, as they dis not comply with error resolution requirements under the. Electronic Funds Transfer Act ( EFTA ) and Regulation E. These actions have caused significant inconvenience and financial loss, and I seek appropriate redress for these violations."
3235,Mortgage,"I was having trouble paying for the mortgage due to XXXX. My work closed the office for a few months. Then I was offered to pay back the amount due with a percentage of the missed payments. After a few payments my tenant had a hard time paying the rent, they paid late. So, my payment was rejected due I tried to pay a couple of days late. Tried paying for a few months and it all got rejected. Did call the mortgage company and I would have to talk to my case management. But left multiple messages and no response. Then I called XXXX XXXX she called the mortgage company and the same thing. She said ( XXXX from XXXX XXXX XXXX said why I wasn't offered to modify and Shellpoint said the best choice was what they offered. Then in XX/XX/XXXX my Mom was diagnosed with stage XXXX XXXX XXXX. Had to use the money to pay for the care of my Mom. She passed on XX/XX/XXXX and now paying for her funeral services. Told Shellpoint I'm able to pay my mortgage. I have a new tenant and she pays on time. 
Hope you can help me keep our home."
3236,Consumer loan,"My wife and I did a federal student spousal consolidation loan in XXXX. We have been XXXX XXXX XXXX XXXX XXXX XXXX We enrolled in PSLF and was told we met XXXX out of the XXXX required payments and we received a letter in XXXX of XXXX indicating our loans were forgiven. However, only a portion of the loans were forgiven. After several months we were told that my wife had to submit her PSLF paperwork ( employer eligibility as well ) Originally we were told we did not have to submit hers as well, just mine. This was done. We heard nothing for XXXX months to only find out that her forms were rejected because her employer signed the form with a digital signature. This was corrected immedicably and the forms were resubmitted. Mohela kept canceling the forms. She submitted them through my Mohela account which we thought was for both of us. Finally Mohela said that my wife had to have her own account. She set that up but then was not given the option in her account to submit the PSLF forms. There was not even a tab. She checked the XXXX site and that site shows her balance is XXXX. 

We are now both getting late notices. We were supposed to be put into XXXX XXXX until all this got worked out. We were told repeatedly by several customer serves agents this would happen. It did not. We are now getting late notices on loans that were at one time forgiven and we are enrolled in the PSLF program and have made XXXX out of the XXXX required payments. Our credit went from XXXX to XXXX. Also the credit bureaus are still showing the full balance as being owed not just the part that was forgiven. Also my wife and I were under a XXXX  XXXX bankruptcy and under our payment plan, {$28000.00} was paid to direct federal student loans. That amount was not deducted from our loan amount. Where did that money go? 

This has been going on for XXXX years. We qualified for full forgiveness a year ago. 

Thank you for your assistance."
3237,Mortgage,I attempted to go through bankruptcy..It was dismissed because I did not show up to creditors meeting. the reason for this was my sister died suddenly on mothers day this year. the meeting was to be held on XX/XX/XXXX... I was completely heart broken over this. She was my last surviving sibling and helping me navigate dr. visits for treatment of XXXX XXXX. By this time I had used my two adjournments to delay sheriffs sale. Very lats I learned of a possible adjournment could be granted by applying for XXXX. I did apply and filed a motion with court to ask for postponement while my application was reviewed. I found out this morning the judge denied my request because I did not send copies to my ex. husband..divorce in XXXX and to another creditor for medical. I am so broken over this. I am XXXX XXXX XXXX with a mortgage balance of XXXX which now totals XXXX because of legal fees. I have worked and paid taxes for over 40 years. I have never asked for any government assistance. I am at a loss as to what will happen to my XXXX cats..I have lived here since XXXX and became sick with covid..and never attempted to apply for relief for lost wages. I feel the judge has been unfair. I will never be able to buy another home.
3238,Debt collection,"I have sent out dispute letters over and over again since the begining of this year, in XXXX The laws states that I have the rights to a fair and correct reporting. I need these accounts to be deleted now. I have not given my permisson for anyone to share my info or to put anything on my credit without my written permission. 

XXXX ) XXXX XXXX XXXX account # XXXX XXXX ) XXXX XXXX account # XXXX XXXX ) XXXX XXXX  account # XXXX XXXX ) XXXX XXXX account # XXXX"
3239,Bank account or service,"39 fraudulent checks cashed on my account. My bank ( Key Bank ) wont refund the checks, and receiving bank apparently wont return the stolen money. Reported one day after the last check was deposited, two weeks from the first one. Why wont the receiving bank return stolen funds when reported in a timely manner? Are they really allowed to keep stolen funds?"
3240,Consumer loan,"XXXX/alliance Data, continues to wrongfully report the loan to be a charge off, initially it was reporting as a charge off with an unpaid balance, I contacted them with the XXXX  and mentioned to them that this is not a charge and there is no balance due on this loan account, to which they went ahead and updated the loan as paid but still left it with a remark as a charge off to which is infringe on my credit report negatively when this loans was fully paid satisfactory and should be reported. As such or and fully and dully remove. This wrongful reporting is severely affecting my ability to obtain a house mortgage. I will attach proof of what it was and how it was change and how it's reporting today."
3241,Credit card,"I believe the account is invalid. JEFFERSON CAPITAL LLC needs to verify under oath that this claim is valid, free from any claims and defenses including but not limited to any breach of agreement, failure of consideration, or material alterations, and that the original lender provided value. Further, the alleged account was transferred in good faith and with the consent of all parties involved. If they are unable to provide under oath the previously listed item then I require the account to be removed from my credit & their records.JEFFERSON CAPITAL LLC XXXX"
3242,Debt collection,"15 U.S. Code 1692j - Furnishing certain deceptive forms ( a ) It is unlawful to design, compile, and furnish any form knowing that such form would be used to create the false belief in a consumer that a person other than the creditor of such consumer is participating in the collection of or in an attempt to collect a debt such consumer allegedly owes such creditor, when in fact such person is not so participating. ( b ) Any person who violates this section shall be liable to the same extent and in the same manner as a debt collector is liable under section 1692k of this title for failure to comply with a provision of this subchapter. 

I have not supplied proof under the doctrine of estoppel by silence, XXXXXXXX XXXX XXXX XXXX XXXX XXXX XXXX XXXX XXXX XXXX I XXXX Presume that no proof of the alleged Debt, nor therefore any such debt in fact exists. 

I am human. There is no XXXX party involved. I never have any written consent or verbal to have this on my credit profile. Remove the accounts. 
Remove Following Accounts : XXXX XXXX XXXX XXXX XXXX XXXX XXXX XXXX XXXX"
3243,Bank account or service,"Two fraudulent checks were cashed and debited from my checking account on XX/XX/XXXX one for {$2200.00} and the other for {$2200.00}. The thieves had obtained my name, bank and account number and created fraudulent checks that required no signatures. They wrote on the back as "" for deposit only '' again with no signature. 
I didn't notice the debits until XXXX of XXXX. I spoke with Chase Bank customer service and a claim was made in their fraud department. I was denied due to the notification was past 60 days. 

Better safeguards for preventing this type of thing from happening again need to be made. A computer program that recognizes this type of check as possible fraud and so flag it and not cash it from an ATM or phone. Bank employees trained to recognize this type of fraudulent activity. Banks not to cash any checks that do not require a signature on front and or back."
3244,Mortgage,"TO WHOM IT MAY CONCERN. As you requested that your office be updated on this case. As of now the sale date XXXX of XXXX. Mr Cooper requested all information to do a modification. All the information reqtired for the modification has been sent mr cooper. The problem is that Mr copper has not requested for the court to extend the sales date. To allow the needed time to finish the modification. We are writing to you to help us request an retention date., .We are still working with XXXX XXXX XXXX We need time to complete with that. To enable us to save our home. The court appointed a mediator. The court mediator did everything to have a work out. The bank will not corporate. The bank came up with a monthly payment of over $ 7000 monthly. Knowing very well that is not practicable. The court mediator approve for us to go to the XXXX XXXX We are now working with XXXX XXXX. They said that they will need 60 days to finish the process. Please see some of the correspondence with the XXXX XXXX. The bank now have refuse to give us the time to finish the process. They have refuse to change the sale date. The XXXX of XX/XX/2022. Please see the court information. We are appealing to your office to help us to appeal to the bank to allow the process with the XXXX XXXX And the bank recent request for all our documents to do a modification. We just forwarded all the bank requested information to the bank. The bank need to extend the sale date to allow all this process. Our situation is urgent. We appeal for your office to help us. The bank has one goal in mind., That is to write off XXXX XXXX XXXX in there tax return. They have compounded interest and other charges in the principal of the original loan amount. In hope that you will came to our rescue. Thanks in anticipation. XXXX XXXX and XXXX XXXX. XXXX XXXX XXXX XXXX XXXX Connecticut, XXXX. 
XXXX XXXX XXXX and XXXX XXXX"
3245,Credit reporting,I had submitted a complaint about XXXX XXXX XXXX XXXX about a month ago in regards to them listing a loan that is showing as a charge off on my credit reports. I've had multiple loans with them that have all been paid in full and never late. Approx 6 loans. Those loans were reporting current paid in full. There was 1 that was reporting as bad. ( which is incorrect ) all loans have been paid in full and this is also going back to 2012. Today I was notified they removed 4 closed paid loans off my credit reports which caused my credit score to drop. I did not ask them to remove positive information that keeps my credit score in good standing. I had complained that this old loan which is over 7 years old be removed off my report as the information is outdated aside from that all the loans have been paid in full and satisfied. I don't know why they removed 4 loans off my credit reports.
3246,Debt collection,"I have disputed this debt and I have formally requested validation and they refuse to comply with the law. They responded saying that they sent me information on XX/XX/21 and again that is not validation of debt. I want this account closed, because I have not agreed to do business with them under any circumstance. I have not signed a contract with XXXX XXXX XXXX or Orion Portfolio Services LLC."
3247,Credit reporting,"Request for Security Freeze on Credit Report Dear Sir/Maam : This letter is to formally request a security freeze on my credit report. 
I am concerned about unauthorized access to my personal information and would like a security freeze placed to prevent potential creditors from obtaining it without my authorization. With a security freeze, a temporary PIN will be required for anyone to access my report. 
My personal information is as follows : Full Name : XXXX XXXX Date of Birth : Date of Birth : XX/XX/year> Social Security Number : XXXX Current Address : XXXX XXXX XXXX XXXX XXXX XXXX XXXX Connecticut XXXX For verification purposes, I have enclosed photocopies of the following documents : Government-issued ID Proof of residence Please send instructions on how to obtain a PIN to temporarily lift the freeze in the future. 
Thank you for your prompt attention to this matter. I look forward to confirmation of the security freeze on my credit report. 

Sincerely, XXXX XXXX"
3248,Credit card,I received and email on XX/XX/XXXX that my statement was due for Genesis FS Service and i never applied for a card with them. Upon speaking to customer service someone opened and account with my information at XXXX XXXX XXXX. I have requested for the account to be closed
3249,Credit reporting,"I am writing to formally express my concern regarding the unresolved disputed accounts on my credit report. Despite multiple requests for thorough investigation into the inaccuracies, I have yet to receive any resolution or corrective action.

These erroneous accounts are severely affecting my credit file, causing considerable hardship and hindering my ability to manage my financial responsibilities. The ongoing presence of these inaccuracies has created significant challenges in my personal and financial life.

I kindly request that you immediately investigate the reporting of these disputed accounts and take the necessary steps to update and rectify my credit report without further delay. It is crucial that these inaccuracies be addressed to restore the accuracy and integrity of my credit file. 

I sincerely urge you to treat this matter with the utmost urgency and appreciate your cooperation in resolving this issue swiftly. 

Thank you for your attention to this critical matter."
3250,Mortgage,"On XX/XX/XXXX I paid my XXXX statement of {$2300.00} and also paid an additional {$200.00} to the principal which brought my outstanding principal balance to {$450000.00}. On XX/XX/XXXX the servicing of my mortgage was transferred to Mr Cooper. 

Mr Cooper issued me a statement on XX/XX/XXXX showing an outstanding principle of {$450000.00} and an amount due of {$4600.00}. when I called and asked why the principle is high and the amount due is double they stated they had not received the XXXX payment I made with my old servicer. 

Understanding that it takes time for the accounts to update I made a regular XXXX payment on XX/XX/XXXX in the amount of {$2300.00} AND an additional {$250.00} towards principle. when I checked my account a few days later the XXXX payment had not posted and Mr Cooper did not apply my additional {$250.00} towards my pricinciple. When i called and asked why they said they could not move the {$250.00} towards my pricinciple because my account was past due. Trying to pay off debt and not being able to be can be frustrating. 

I then called my old servicer and asked if they had sent my XXXX payment of {$2500.00} to Mr Cooper. They said they had. They wired the money to Mr Cooper on XX/XX/XXXX. 

Seeing that was over 10 days ago I called Mr Cooper to please issue a ticket to find the money and apply it to my account so that my account is corrected and that i can apply extra payments to my principal. They then told me to go back to my old servicer and ask for the wiring information to prove that there was a XXXX payment. 

I do not feel I am making progress with Mr Cooper in getting this payment recognized and the fact that Mr Cooper will not issue a ticket to investigate this XX/XX/XXXX payment leads me with doubt that they will correct it which is why i am submitting this complaint."
3251,Consumer loan,"I have a Good credit score at XXXX points. I have very little debt, compared to my income. I have only ever paid 1 account late, due to becoming XXXX, which caused that 1 account to go 6 months past due, more than 3 years ago. The XX/XX/XXXX agreed to guarantee my loan in full, in accordance with the Transportation Loan Guarantee program provided to people with XXXX, pursuant to the Rehabilitation Act of 1973. However, Navy Credit Union discriminated against me, due to my XXXX, by denying my auto loan application for arbitrary reasons of : 1. Too many recent accounts ( my recent accounts are as a cosigner destructing LLC debt to lower interest rates ) 2. Serious delinquency ( due to my XXXX over 3 years ago, and only on 1 account ) 3. Too many accounts with balances ( I only have 3 credit card balances ) 4. Ratio of balances to credit limit too high. I only have 3 credit cards with less than {$3000.00} in total balances ). 

The reasons for the denial do not accurately reflect my credit report, and credit score of XXXX. Furthermore, I appealed the denial seeking reconsideration given that the State of California, through the XX/XX/XXXX, is guaranteeing the transaction through a Federally mandated program for people with disabilities. 

Navy Credit Union ignored this loan guarantee information and denied my application."
3252,Money transfer or service,"On XX/XX/XXXX, XXXX am A confirmation for {$300.00} was sent from cash app to a direct account with XXXX XXXX. I SENT THE MONEY BEFORE XXXX, CASH APP CONFIRMED THE DELIVERY AT XXXX. 
I have that time in the attachment. 

I didnt have a wells fargo debit card. I just had the account that is connected to the XXXX XXXX XXXX department ending in XXXX. 

This same day, I called XXXX XXXX after I sent the {$300.00} from Cash App. I asked XXXX XXXX, can I access my debit card number to my account without a Debit Card? They told me no, I would have to wait for my debit card to access my account, the one I just sent the {$300.00} too. 
So I told them, close the account on XX/XX/XXXX! I have the proof in my attachment, they sent a closing email for the account XXXX on XX/XX/XXXX, not the XXXX as they claim. XXXX XXXX is even sending me a letter saying they closed the account on the XXXX which is how committed they are to this Lie. They didnt know I have the email to prove it was XX/XX/XXXX, in the attachment. XXXX XXXX was saying the account was closed XX/XX/XXXX. Thats not true. Like the attachment says, it was closed XX/XX/XXXX, after I sent the money. 

Regardless, the money should have bounced back to Cash app. Or never been processed. But both companies are trying to convince me {$300.00} disappeared and I should call the other company to find out where. 

I contacted XXXX XXXX claims department and unlike Cash app theyve closed both of my claims w/o any email, letter, call or explanation so I had to call back and I still have no answer on why they cant get my money. The account was NOT closed before the money was sent. 

They can use the routing number cash app but they wont contact Cash app to find this out. They keep telling me to. 
Cash app wont contact XXXX XXXX, they keep telling me to do it. 
This situation has nothing to do with me. Cash App XXXX XXXX XXXX know that. Theyre just hoping I stop fighting. 

I work too hard as a painter for my money."
3253,Bank account or service,I called to put extra security on my bank account since someone had all my personal information. Weeks later I called in to see why they had not resent my debit card. Come to find out they had my address wrong ( I have had them resend it a few times and still do n't have it and they have not corrected my address even though I have requested them to every times ). They never put any security on my account that I requested even after asking for it more than a couple times. Every time I call they just say. I 'm sorry. We have no record of that! I have unable to access my account for months
3254,Credit card,"On  XXXX   XXXX  we sent a payment of {$500.00 } to  XXXX  Barclay card. T hey cashed that check on  XXXX   XXXX  and we have the  XXXX  transaction in writing to prove that. I have called   XXXX  7+ times and spent over 7 ho urs on the phone with   XXXX   and they still continue to ask for the SAME info and the same questions EVERY SINGLE TIME I CALL. They are saying it is n't there issue but we have the copy of the  XXXX  records showing that this was cashed by  XXXX  on  XXXX   XXXX . I 've had several managers PROMISE that they will take care of it and the issue still is n't resolved. I am beyond frustrated as the interest is accruing and I still have no resolution. The customer service here is beyond AWFUL and I have wasted DAYS trying to resolve this. We have faxed copies, our bank has faxed copies and  XXXX  never has received anything but a "" blank copy ''. I have sent a letter to  XXXX  stating I am disputing the full balance as they have taken our money and misplaced it!! Please help!"
3255,Bank account or service,"I was scammed by people who were presenting themselves as loan representatives on the internet. It started about the middle of XXXX. They had a web page that appeared to be official. They used the name XXXX XXXX XXXX or XXXX XXXX. One phone number was ( XXXX. The number they used when they called me was ( XXXX ). I filled out a loan application on line and put my Banking information on the form. They contacted me and said they were going to approve me for a loan. They then said they had checked my credit score and it was not where they wanted it to be. They said that they would deposit money into my account and I was suppose to send it back to them. What I did n't know was they had attached a device and was putting money into my account using bogus checks from all over the country, they were doing this at the same time they were dealing with me over the phone. A check for XXXX from XXXX XXXX XXXX was put in. Another check for XXXX from XXXX XXXX and one more from XXXX XXXX for XXXX. The last check which was n't from the same place as the others was from XXXX XXXX for XXXX dollars. I went to my bank TCF bank and told them about this. The assistant manager knew that this was a scan and did not act in a timely manner."
3256,Debt collection,"I have written XXXX XXXX, filed complaints with the CFPB and the credit reporting agencies in regards to this fraudulent account. I did not authorize this account nor did I give anyone permission to obtain credit in my name. This bill does not belong to me and I refuse to pay it."
3257,Debt collection,"On XX/XX/XXXX I contested alleged debt because Plaintiff refuses to provide anything in writing. The Plaintiff 's attorney yelled, harassed, bullied me, and told me I could not dispute "" so close to the hearing '', which is not true. 
I made her aware this is also beyond the statute of limitation. 
In XXXX, a judgment for {$11000.00} was granted on debt I am still unaware of, I was not properly served and did not know about this hearing. Plaintiff is now alleging I owe {$19000.00} and refusing to validate the debt. No hospitals have any debt on record under my name."
3258,Bank account or service,In XX/XX/2017 I expressed to BB & t that the account that was closed had a balance of XXXX and that the information was incorrect because i never used the bank account before. I had a representative say that they can waive the fees because it was not that much. I thanked her and almost a year later they are still reporting negatively on my consumer report as abusive behavior on my account.
3259,Credit card,"On my credit card account ending in XXXX, I went to the chase app to pay my balance in full on XX/XX/XXXX in order to avoid additional finance charges. The app stopped me and sent a pop up telling me I dont have to pay the balance that I could pay less ( XXXX ) for my interest saving option. I understood this as I can pay that balance and not accrue new interest. On XX/XX/XXXX, I got charged interest of {$15.00}. I called chase and the rep explained to me that the interest was from my previous statement. The app did not call this out when it advised I could pay less. This was deceptive in nature as if I had understood I would still owe future interest, I would have paid in full."
3260,Bank account or service,I started a new job and realized now that I received a phishing email from the boss. I paid him for gift cards for clients worth {$500.00} through XXXX the money is still processing and I want it back.
3261,Money transfer or service,"I am filing a complaint against Cash App ( Block , Inc. ) due to inadequate customer service and unfair practices, which violate the Consumer Financial Protection Act ( CFPA ). Specifically, Cash App failed to take timely and effective measures to prevent and address fraud on their platform, leaving my account vulnerable and unprotected.

Furthermore, their dispute resolution process was unfair and deceptive, as they did not comply with error resolution requirements unde
r the Electronic Fund Transfer Act ( EFTA ) and Regulation E. These actions have caused significant inconvenience and financial loss, and I seek appropriate redress for these violations."
3262,Credit card,"In XXXX I took my daughter to XXXX 's and at check out was offered a store card. I was approved and the balance of was charged to my account. 2 weeks later, I had not received anything from them, no card, no statement, so I called, and they said they had the correct address and I should receive the card and statement within a few days. 2 weeks later, still nothing. I call back and I tell the girl I have to pay the balance because I don't want it hitting my credit and she is able to pull up the account with my ss # and let me make a payment. That was in XX/XX/XXXX. Today I get a phone call saying I owe {$65.00} dollars. I call and they tell me it's late fees because when I paid the bill I paid {$0.00} cents less than what I owned. I still haven't received a statement or a card from them, so I asked them to close the account and remove the fees because why would I not pay XXXX cents knowing it would cost me so much more and a bad hit on my credit. I have many credit cards. I always pay them on time. I even have several other accounts with comenity bank which is who services XXXX XXXX XXXXXXXX XXXX store cards. They can look at my history and easily see that this is not my fault."
3263,Money transfer or service,"I am filling a complaint against Cash App ( Block Inc ) due to inadequate customer services and unfair practices, which violate the Consumer Financial Protection Act ( CFPA ). Specifically Cash App failed to take timely and effective measures to prevent and address fraud on thier platform, leaving my account vulnerable and unprotected. Furthermore more the dispute resolution process was unfair and deceptive as they did not comply error resolution requirements under the Electronic Fund Transfer Act ( EFTA ) and regulation E. These actions have caused me significant inconvenience and financial loss amd I seek appropriate redress for these violations."
3264,Mortgage,"I contacted mortgage loan servicer SPS on a number of occasions to request the automatic termination of PMI payments in accordance with my loan agreement. The date listed in my original loan agreement with XXXX for automatic termination is : XX/XX/XXXX. My account history shows that I am well within what is defined in the contract as "" good payment history ''. I provided copies of the document to SPS who insists I need to pay an appraisal fee of {$450.00} in order to have the PMI payments removed. The original purchase price on XX/XX/XXXX was {$270000.00}. The current value of my townhome is over {$40000.00} and readily available based on current sales of identical properties in the development."
3265,Credit reporting,"This is my second request that I have been a victim of identity theft and that no one seems to care, that I want to dispute specific records in my credit file that do not belong to me, or that I have signed any agreement. The items I'm challenging have nothing to do with any transactions I've done or authorized to gain products, services, or money. Please remove the following items. 
XXXX XXXX XXXX XXXX XXXX XXXX XXXX XXXX XXXX XXXX XXXX XXXX XXXX XXXX XXXX XXXX XXXX XXXX XXXX XXXX XXXX XXXX XXXX Balance Owed : {$2500.00}, XXXX XXXX Balance Owed : {$880.00}"
3266,Credit card,"The Synchrony Bank/PayPal account with the account number XXXX was marked as Charge-off with an identified balance of {$3000.00}. However, a charge-off account should have a {$0.00} balance so, my question is why does this account have a specific amount?"
3267,Mortgage,"I initially filed a complaint against M & T Bank. They have adjusted the mortgage payment to {$2100.00}. However, while on a recorded call with their representatives, they quoted the new mortgage rate after the new escrow analysis was ran to be {$2000.00}. If they are going to quote the amount that will be paid for mortgage initially then change the amount due to the current mortgage payment, that is an issue. They spoke of the escrow account and that it needs to be current. I had spoken with XXXX, a representative at M & T Bank and she confirmed that M & T Bank did receive the new homeowners insurance policy on or very shortly after I switched insurance companies. Please honor what your representatives quoted and change it to {$2000.00}. Thank you."
3268,Credit reporting,"I am in disagreement with the account listed below which still appears on my credit report, even after your investigation. I would like this immediately re-investigated. The inaccuracies are highly injurious to my credit score. 

XXXX : [ XXXX XXXX  ] [ XXXX ] Equifax : [ XXXX XXXX ] [ XXXX ] XXXX : [ XXXX XXXX ] [ XXXX ] Balance : {$35000.00} In accordance with The Fair Credit Reporting Act, Public law 91-506, Title VI, Section 611. 
Please provide the names and business addresses of each individual with whom you verified above so that I may follow up. Please send me an updated copy of my credit report after your investigation."
3269,Consumer loan,"I received my first student loan more than 30 years ago, and my last disbursement was on XX/XX/1991. I have been paying on them off and on since then. My loans have been consolidated multiple times, but the interest rate is still around 8 %. I do not think the data I downloaded is correct. Student Total All Loans Outstanding Principal : {$140000.00} Student Total All Loans Outstanding Interest : {$19000.00} Can someone please review it?"
3270,Bank account or service,"Around the year XXXX I had gotten my phone stolen and they use my bank account to submit fraudulent checks so when I recover my phone I found out that Bank of America closed my account and I did not know why so I called and they just told me that those frogs on activity and they asked me if it was me and I said no I have my identity stolen, which I did in the moment After having that conversation with Bank of America. They couple of months past and I tried opening up the bank account with other banks and they told me to check XXXX and early warning system so when I got my consumer report back, it had said something about Bank of America file account activity, and when I disputed all of this a couple of times months have already passed by when I decided to call Bank of America and try to resolve the claim with them they told me that they filed the wrong claim and that theyre not gon na do anything about it This took two months for them to get back to me just to tell me that the Bank of America deposit agreement and disclosures, which is the contract that governs your account requires customer to review their bank statements and report the transaction to the bank within 60 calendar days of the date on the statement showing the fraudulent items. This claim was reported outside at that time. 
When they had sent me this letter saying that they were not going to take off the report to XXXX about the fragile account because I didnt report it within 60 days when I didnt even know that they filed the wrong claim"
3271,Money transfer or service,"On Friday, XX/XX/2024, I received the following error message from payments.google.com : Your profile is under review. 
Your profile is under review. Your service is still active but some transactions may be limited. Please respond to any request for information. 

When I selected Learn More, I was redirected to support.google.com where I received the following prompt : Verify your account We were unable to verify some information in your Google Account, so we have temporarily suspended your account. Until we verify your account information and reactivate your account, you may be unable to buy things from Google or use some Google products. 

To reactivate your account, please provide the information and documents listed below. It's important that the "" Email '' field contain the email address of the account that has been suspended. 

You'll need : A government-issued ID. 
A document, such as a bank statement or utility bill, showing your name and address."
3272,Money transfer or service,"I filed a complaint about a company called CashApp, Square , Inc. Complaint number : XXXX. As a result of my complaint the company retaliated against me and blocked my account. But I still have money on deposit with them in a stock trading account. Because they blocked my account today, I lost a lot of money because I could not sell stock that was losing value. 

The company simply ignored my original complaint. They claimed that they do not guarantee that a trade order will be canceled when requested. They also admitted that trade orders made after trading hours are executed when the market opens, but they do not mention anything about why they did not execute the order when the market opened. 
The company now seems to be retaliating against me for filing my complaint, they have blocked my account so that I was not able to make any trades at all today and my account lost value again. You can see from the timestamp that the account was XXXX during the trading day. There were no reported issues with the site. Also, a friend logged on and confirmed that he had no issues."
3273,Debt collection,"Payments to XXXX XXXX XXXX/Transworld : XX/XX/XXXX {$150.00} XX/XX/XXXX {$130.00} XX/XX/XXXX {$710.00} Total : {$990.00} This company had garnished my taxes last year on XX/XX/XXXX and I had made payments towards the balance due the previous dates listed above as well, but because of them charging me interest ( about XXXX $ ) every month, It had built up to the same amount balance I owed last year. Therefore I am just repaying the same amount I paid last year and the remaining balance due. Which is basically paying the total debt amount due twice instead of one time. Ive called the supervisor twice to resolve this issue and the company itself several times to resolve this issue but theyre saying even with me setting up a payment plan theyre going to charge me about XXXX $ a month anyway."
3274,Credit reporting,"I have been defrauded by my now defunct college, XXXX XXXX XXXX XXXX. All my Federal Student loans have been forgiven in a XXXX XXXX case, but I am having problems with a Private Loan from you - Navient  ( formerly XXXX XXXX ). As you know, there was a lawsuit against Navient for unlawful practices, and I SHOULD HAVE BEEN included but NEVER received any information on this. I have been pleading and contacting you for years about my case, and have continuously been ignored and punished. I am struggling to make ends meet, as I have XXXX young children, and am unemployed. 
The loan is XXXX, as the interest alone is 18.375 %. I have been paying for years, and the balance keeps RISING, because I can not afford the payments, and you have not only damaged my credit, but my ability to have any kind of options for living. Take my loan OUT of the negative report, and remove the balance, as this loan is OBSOLETE. Thank you for your help."
3275,Credit reporting,"After several requests, Certified letters, online complaints and long waiting : Please accept this as a PROCEDURAL REQUEST LETTER to verify a bankruptcy being reported on my Equifax credit report. I do not accept a third-party reporting service co-owned by Equifax. ( XXXX ) This is required under the FCRA section 605. Please advise how this item is verified as we have checked with the reporting court and they have no information from Equifax or anyone for that matter requesting verification. I have also requested in writing from the court to provide correspondence of same. I request Equifax to supply me a verification letter regarding this matter or remove the reporting from my credit report immediately. 


Also according to the Fair Credit Reporting Act ( FCRA ) a Chapter XXXX bankruptcy can remain on your credit history for up to 10-years from the filing date. For a Chapter XXXX bankruptcy, the maximum is seven years, like most other negative items. There are some key phrases in that statement that need to be clarified : 1. "" Can '' - The FCRA does not require that a bankruptcy remains on your credit report a full decade.

2. "" Up to '' - Again, 10 years is not a legal minimum, it is the maximum. So, legally, bankruptcy can be removed from a credit report before that limit is reached. 


Upon providing this information to you I am requesting that the bankruptcy be removed immediately due to unverifiable proof and that under the FCRA this item can be removed prior to the maximum time limit. I am also forwarding a copy of this request to my attorney XXXX XXXX XXXX to which you have on file. 




Please correct this matter immediately and provide me an updated credit report."
3276,Mortgage,"My home mortgage is owned by Mr. Cooper Company. I began reaching out to them on XX/XX/year> regarding an error in my property taxes. Mr. Cooper stated that my property taxes were paid by XXXX to the XXXX XXXX, XXXX XXXX XXXX on XX/XX/year> in the amount of {$5300.00} via a wire transfer. To date, and in speaking with the XXXX XXXX, Alabama Chief Deputy Tax Collector, XXXX XXXX, these funds have never been received by her office. XXXX XXXX has been most diligent in verifying the funds were never received. In addition, another error made by XXXX XXXX was the amount of the payment, it was a gross overpayment due to them calculating my property taxes at a non-homestead rate. I am a homeowner and do have homestead exemption. The correct amount for my property taxes should have been {$2600.00}. 

I have lost track of the number of times I have reached out to the Mr. Cooper escrow customer service agents. To date, no agent of Mr. CooperXXXX can provide me with the entity who is in possession of the {$5300.00} of my money. I am attaching the information sent to me regarding the wire transfer of these funds that never reached the XXXX XXXX, Alabama Tax Collector Office.

This is a clear case of fiduciary misconduct and neglect on Mr. Cooper and XXXX. As the consumer, I entrusted these companies to manage my escrow account and pay my property taxes accurately. They have failed in their fiduciary duties to me as their client. 

Mr. Cooper as of today, XXXX, has promised to mail a check in the amount of {$2600.00} to the XXXX XXXX, Alabama tax collector. However, in doing so and not processing the refund correctly, this causes me to have an approximate negative {$3000.00} in my escrow account. 

I am most hopeful the CFPB can assist me with this issue in the misconduct and neglect of fiduciary duties of Mr. Cooper and XXXX."
3277,Bank account or service,"Details of Incident : Bank Name : Citibank Account Number : XXXX Date of Incident : XX/XX/year> Branch Location/Online Service Used : Citibank On XX/XX/year>, I was informed by Citibank that my account had been flagged for fraud. This accusation was entirely false, and I immediately provided documentation and evidence to prove that there was no fraudulent activity occurring on my account. Despite this, the bank has maintained that there is an ongoing review, and has continued to withhold access to my funds, effectively freezing my account. 
During this time, Citibank even approved a check while my account was closed, adding to my confusion and frustration. This action appears contradictory, as the bank is withholding access to my funds while still processing outgoing transactions. I have received no clear explanation for why this check was processed or why my account remains restricted. 


As a result of the banks actions, I have been unable to access my funds, which has caused significant harm to my financial well-being. I rely on these funds for essential living expenses, including rent, bills, and daily necessities. The prolonged withholding of my money has caused emotional and financial distress, and I am deeply concerned that this may have occurred as part of discriminatory treatment against me. 

I believe the banks handling of this situation violates my rights as a consumer and has resulted in damage to my well-being"
3278,Money transfer or service,"I am falling a complaint against Cash App ( Block , Inc. ) due to inadequate customer service and unfair practices, which violate the Consumer Financial Protection Act ( CFPA ). Specifically, Cash App failed to take timely and effective measures to prevent and address fraud on their platform, leaving my account vulnerable and unprotected. Furthermore, their dispute resolution process was unfair and deceptive, as they did not comply with error resolution requirements under the Electronic Fund Transfer Act ( EFTA ) and Regulation E. These actions have caused significant inconvenience and financial loss, and I seek appropriate redress for this violations."
3279,Credit reporting,This account was removed off my report due to identity theft EXPERIAN continues to report this after I sent over multiple verification letters and identity theft reports EXPERIAN took this off my credit now put it back on
3280,Money transfer or service,"Dear Consumer Financial Protection Bureau, I hope this letter finds you well. I am writing to file a complaint against Cash App regarding the closure of my account on XX/XX/2019, without any clear reason. The sudden closure of my Cash App account has caused significant inconvenience and financial distress. As a long-time user of Cash App, I have relied on its services for various financial transactions. 

In XX/XX/2019, my Cash App account was abruptly closed, depriving me of access to funds and hindering my ability to send or receive money. Despite numerous attempts to seek clarification from Cash App customer support, I have received no satisfactory explanation for the closure of my account. 

The lack of transparency and communication from Cash App regarding the closure of my account has left me feeling frustrated and powerless. I firmly believe that this action by Cash App constitutes a violation of my consumer rights. 

I request that the Consumer Financial Protection Bureau intervene in this matter to investigate the closure of my Cash App account and ensure that appropriate measures are taken to rectify the situation. I have attached relevant documentation, including communication with Cash App customer support, as evidence to support my complaint. 

Thank you for your attention to this matter. I look forward to a prompt resolution and the reinstatement of access to my Cash App account. Please feel free to contact me at the provided email address or phone number if further information is required. 

Sincerely, XXXX XXXX"
3281,Credit reporting,"Under 15 U.S.C. 1681b ( 2 ), a consumer reporting agency may only provide a consumers credit report with the consumers explicit written authorization. The following accounts have accessed or reported on my credit profile without my consent, which constitutes a clear violation of this provision : XXXX XXXX Account # : XXXX XXXX XXXX  XXXX Account # : XXXX XXXX XXXX XXXX XXXX  XX/XX/XXXX XXXX XXXX XXXX XX/XX/XXXX XXXX. Reporting of Obsolete Information Violation of 15 USC 1681c ( a ) ( 5 ) Pursuant to 15 U.S.C. 1681c ( a ) ( 5 ), no consumer reporting agency may make any consumer report containing any other adverse item of information, other than records of convictions of crimes, which antedates the report by more than seven years. 

3. Right to Privacy Section 602 ( A ) of the FCRA The FCRA, under Section 602 ( A ), clearly states that the consumer has a right to privacy with respect to the disclosure of their personal information. Any release or reporting of information without legal cause or consumer consent violates this right and must be addressed accordingly. 

4. Inaccurate or Unverified Information 15 USC 1681s-2 ( a ) ( 1 ) Furthermore, under 15 U.S.C. 1681s-2 ( a ) ( 1 ) ( A ), no person shall furnish information to a consumer reporting agency if that person knows or has reasonable cause to believe that the information is inaccurate. According to 1681s-2 ( a ) ( 1 ) ( B ), once notified of such inaccuracy by the consumer, the furnisher has an obligation to either correct or remove the inaccurate data. 

I hereby notify you that the information associated with the above referenced accounts is inaccurate, obsolete, or both."
3282,Mortgage,"While considering potential lenders, we decided to pursue a new loan with lender, Green Tree Servicing ( AKA Green Tree Originations ) who held paper on current XXXX residence. We were pre-approved for loan on XXXX home based on income, assets, and XXXX credit rating from XXXX agencies. After over 3 months of financial interrogation, and pushing back closing 4 times, we notified Green Tree that we were abandoning the loan process and paying cash because sellers would not amend agreement for a XXXX closing change. They were adamant that they could not get IRS transcripts or bank statements which we had in hand and provided. They also forced us to pay off current mortgage even though we had sufficient income to continue normal payments. As a result, our investment income was reduced. Then, they held that against us. In the final stages, they informed us that their underwriter had abandoned them and they would need to provide a fresh start for the new underwriter. At that point, we were concerned about fraudulent activity as they had all of our confidential information which they refused to return to us. We have had unauthorized credit card activity on XXXX accounts since we severed our relations. This week, Green Tree sent us notification that they are informing credit agencies that we were denied mortgage credit due to unverified income and insufficient funds to close. We had considered a law suit against Green Tree for mental anguish because they held all parties hostage due to their inept process and created potential financial loses to buyers, sellers and real estate agencies."
3283,Money transfer or service,So last month XX/XX/2022 I opened up an account with chime checking and savings account I first deposited {$250.00} on the XXXX and another {$100.00} on the XXXX which gave me {$350.00} they would not let me open the credit building account because I wasn't doing a direct deposit with my full income so I decided that I did not need their services and I wanted to go ahead and transfer the money back to my account that it came from originally and when they close the accounts they tried to send it back to the account through time that was closed and it was denied I called them to see if we could fix it and they told me no because they account that I had opened they got the money from was canceled and I needed to reopen it I talked to my bank and they'd never heard of that account number like I did I never heard of it and they told me my money was stuck in credit limbo when I talk to my bank they told me to call him back and ask for a tracing number they would not provide it for me so I'm out {$350.00} I'm a low income family with my XXXX children thanks a lot chime
3284,Debt collection,My ex boyfriend had his XXXX XXXX removed back in XXXX I believe. I guess he never paid it. Well it went to collections & when they tried to contact him. He told them to call me for a payment. I made one payment for him in XXXX from his card. But for some reason his debt is on my credit when I never had anything to do with the account. I have contacted the doc office directly and they wouldnt give me any information on the account either because I am not on the account. I called the debt collector to advised them of this. But they said because he called me his wife it is my debt. Him and I were never married and never portrayed ourselves to be married which to even be common law you have to do. I never agreed to be on this account. It is not a joint. I do not think I should be on the account just because they said that is what he said. That is not me agreeing to it and I did not give them any personal information. My name was already on the debt prior to them attempting to contact us. I am not even sure how they obtained my information. Also the creditors are extremely rude and disrespectful.
3285,Credit card,"XXXX XXXX XXXX XXXX XXXX XXXX XXXX XXXX XXXX XXXX XXXX XXXX XXXX XXXX XXXX XXXX XXXX XXXX XXXX XXXX XXXX XXXX XXXX XXXX XXXX XXXX XXXX XXXX XXXX XXXX XXXX XXXX XXXX XXXX XXXX XXXX XXXX XXXX XXXX XXXX XXXX XXXX XXXX XXXX XXXX XXXX XXXX XXXX XXXX XXXX XXXX XXXX XXXX XXXX XXXX XXXX XXXX  A week or two later, I attempted to return them at a different XXXX  location. At that time, I was told that the same items had already been returned at two different XXXX  stores, and refunds were issued in the form of gift cards. This is fraudulent because I still had the original items and receipt in my possession.\n\nI filed a dispute with [Bank Name]. I was issued temporary credit, but the bank later reversed it after the merchant challenged the claim. The bank states that they mailed me a denial letter over the summer. However, I had informed a bank representative before leaving that I would be overseas, and I never received the letter until after the case had been closed.\n\nNow, the bank has refused to reopen the case, claiming the appeal window has closed. This denial is unfair because I was not given a reasonable opportunity to respond to the merchants evidence. The banks handling of my case denied me my rights under the Fair Credit Billing Act (FCBA), which requires a fair and timely investigation.\n\nWhy I Believe This Is Improper:\n\nI still have the items and receipt, proving no valid return/refund could have occurred.\n\nRefunds were improperly issued to unknown individuals without a receipt.\n\nThe bank promised my being overseas would not affect the dispute, but then closed the case without allowing me to respond.\n\nThe bank has now shifted responsibility entirely onto me to contact the merchant, despite their legal obligation under the FCBA to resolve billing errors.'"
3286,Bank account or service,"I opened a business account in XX/XX/XXXX, responding to Citi 's promotion with cash bonus. The requirement was to mainatin to a certain level for 60 days to receive cash bonus. I funded my account with {$15000.00} ( there was a limitaiton for transfer amount ) over several months, far more than 60 days. However, I have not received a cash bonus sa of today ( XX/XX/XXXX ). Cah bonus should be {$500.00} per its own terms. 

I contacted Citi multiple times. Provided W9 recently, which I beleive that I did provide this when I opened my account at a branch in XXXX. 

A banker that I am working with is XXXX XXXX XXXX Retail Business Banker Assistant Vice President XXXX XXXX XXXX XXXX XXXX ID : XXXX Email : XXXX XXXX"
3287,Mortgage,"On XXXX XXXX, XXXX, I spoken with XXXX XXXX , at Shellpoint and XXXX XXXX reporting on my credit reports. This mortgage loan hasnt been on my credit report since XX/XX/XXXX. This debt has been discharged and removed in Chapter XXXX Bankruptcy 11 years ago. Please be advised this debt should not be on my credit report as I have NOT RE-AFFIRMED the debt in Bankruptcy. 

On XX/XX/XXXX @ XXXX spoken with XXXX . Please remove these mortgages off my credit reports immediately as this significantly impact my credit scores with all 3 credit reporting agencies. As Per XXXX, she will have the Bankruptcy Dept to get this removed off my credit report within 24hrs. 

On XX/XX/XXXX @ XXXX, I spoken with XXXX XXXX the Bankruptcy Dept. about these debts still showing on my credit after I have already informed them that XXXX XXXX and Shellpoint should not be reporting on my credit report. At this point, Shellpoint and XXXX XXXX is NON-Compliance according to FCFA Section 623 ( a ) ( 1 ), As a rule, it's illegal to report information that you know or believe is inaccurate. Re-aging and duplicative reporting, particularly following portfolio acquisitions or sales, mergers and other transfers. 

Overall the level of inaccuracies reporting on my credit report has cause me and my family credit denial, defamation of credit and conflict of emotions. 

I'm requesting that XXXX XXXX and Shellpoint Mortgage be removed off my credit report immediately as I have waited beyond 30 days for credit report to be corrected. 

Sincerely, XXXX XXXX XX/XX/XXXX XXXX"
3288,Credit reporting,"This is the 4th time! transunion from XX/XX/2019 to XXXX XXXX that I see this happening, I want to know how is this possible for someone to intercept information from the bank, for someone to intercept information from XXXX, an altered at the credit bureaus Data. Md law says I have the right to ask the name of the person who does the investigation. ( ( ( ( ( ( And I do not need to know how credit works and Im going to not work. ) ) ) ) )"
3289,Debt collection,I received a ton lf voicemails from this company regarding a gym debt that I have confirmed with XXXX XXXX XXXX that I do not owe. I reached out to Aldous & Associates on XX/XX/2024 regarding this debt and explained that I do not have debt with XXXX XXXX and that they confirmed it. I asked them to send me confirmation of this debt and they claimed they mailed a letter which I hadnt received nor did they provide what the debt in question was or why I received it. They said if I didnt pay the debt it would be reflected on my credit. I called this number XXXX ( XXXX ) XXXX which they provided via voicemails. I am unsure if this is a scam at this point.
3290,Money transfer or service,"My name is XXXX XXXX, and my email address is XXXX. Through this letter, I wish to report a scam I have fallen victim to. The transactions detailed below were made in exchange for offered serviceswhich included license plate registration, change of ownership, and other XXXXrelated proceduresyet no services were ever received : XXXX. On XX/XX/XXXX, a payment of {$270.00} to XXXX XXXX. XXXX. On XX/XX/XXXX, a payment of {$150.00} to XXXX XXXX. XXXX. On XX/XX/XXXX, a payment of {$850.00} to XXXX XXXX. XXXX. On XX/XX/XXXX, a payment of {$160.00} to XXXX XXXX XXXX. To date, I have received neither a response nor the promised services. Although I possess limited evidence because the individual in question has blocked me, I do have proof of the transactions, including the phone numbers and email addresses of the individuals to whom the funds were sent. I request that a formal investigation be initiated and that a resolution be provided to me as soon as possible. I appreciate your attention to this matter and look forward to your response. Sincerely, XXXX XXXX"
3291,Debt collection,"I have recieved a Garnishment order, witholding notice, and a false bill of collections in regards to my Child Support and my recently completed Trademark. It is out of state it's dated XXXX XXXX XXXX XXXX dollars. My child support case is in XXXX OR and has been closed XX/XX/XXXX. The paper work is poorly margined inconsistent ink printing the addresses and letter heading is wrong. Alongside with a false pass due bill for my Trademark that was cleared by the UPSTO demanding XXXX dollars. These letters are coming congruently and money is dissapearing from certain accounts in a very sneaky like manner."
3292,Bank account or service,"Revisit of an earlier complaint not fully resolved. 

My mother, XXXX XXXX 's account at B of A # XXXX, apparently had a "" fraud alert '' dated back to XXXX of 2020 on this account. This occurred when she thought someone had stolen check book XXXX she was suffering from early XXXX ). I just found out that when I presented my Power of Attorney about 6 weeks ago this is what was "" blocking '' me from having access. 

Today I finally got it resolved by presenting her death certificate showing she passed on XX/XX/2020. 

Question : Why did she need to DIE before BofA would work with me to clear up the fraud alert? What if we had needed these funds for her care and/or funeral expenses?"
3293,Mortgage,"Taxes are not being paid from escrow ; XXXX XXXX 's property taxes were not paid in full. 
XX/XX/XXXX 's Irrigation Tax was not paid at all. 
XX/XX/XXXX 's property taxes were not paid. 

We received a delinquent tax notice from our county assessors office on XX/XX/XXXX. Since XX/XX/XXXX we have contacted Lakeview Loan Servicing LLC 17 times, have been told on 4 occasions that they would be paid but they are still delinquent. Also note, our XXXX form XXXX is incorrect as it does not reflect all taxes for XXXX that should have been paid since only a portion was paid. 

Dates of contact XX/XX/XXXX XXXX calls to lakeview to initiate correction of delinquent taxes XX/XX/XXXX 2 follow up calls to learn what action would be taken told they would be paid soon XX/XX/XXXX 1 follow up call XX/XX/XXXX 1 follow up call was told the taxes would be paid in a few days XXXX/XXXX/XXXX 1 follow up call XX/XX/XXXX 4 calls was told the taxes would be paid no later than XX/XX/XXXX XX/XX/XXXX 1 call to determine why they weren't paid on XX/XX/XXXX - no reason given XX/XX/XXXX 1 call was told they would be paid on XX/XX/XXXX XX/XX/XXXX 2 calls to determine why they were not paid on XX/XX/XXXX - nobody knows why or when they will be paid at this point."
3294,Money transfer or service,"I was attempting to purchase a dog from a website when I was scammed out of {$990.00} over XXXX on XX/XX/22 at XXXX and called the bank ( Chase ) at XXXX XX/XX/22 and was told there was nothing they could do. They said they would not refund my money. I then reached out to XXXX as well to let them know about their fraudulent account they allowed money to transfer to and they also said they would not help me obtain my money lost ( also contacted XX/XX/22 ). I reported the scam to the bank within 1.5 hours of it happening and provided all information on website, phone number/texts and no help was provided."
3295,Credit reporting,"I am filing a NEW complaint against Bank of America regarding a reported account that continues to appear on XXXX XXXX XXXX XXXX XXXX XXXX XXXX XXXX despite my formal identity theft claim and submission of an FTC Identity Theft Report ( # XXXX ). 

On XX/XX/year>, Bank of America mailed a generic response stating they confirmed the information is correct and consider this resolved. However : The response failed to acknowledge or respond to my identity theft filing They provided no documentation, proof of authorization, or any signed application No explanation of their reinvestigation under FCRA 611 ( a ) ( 6 ) was included They have ignored all follow-up emails and communications since XX/XX/year>, when a representative ( XXXX XXXX XXXX initially reached out.

Under FCRA 605B, Bank of America is required to block the tradeline unless they can verify it with supporting evidence. No such evidence has been provided. The letter was dismissive, non-compliant, and caused continued credit and banking harm."
3296,Debt collection,"On or about XX/XX/2013, we contacted our then current cellular provider ( XXXX ) to advise them of our desire to change carriers and confirm that our account status was paid and up to date. We were advised that in order to change carriers, we had to have a {$0.00} balance with our old carrier prior to changing to a new one ( XXXX ). We spoke to a XXXX representative at the store literally 100 ' down the mall from the XXXX store who informed us that our account balance was {$0.00} and we were free to change carriers. We also confirmed this with XXXX, who had to do a check on our account in order to import our current cellular numbers over to XXXX. We were informed that this could be done and we could initiate a new account at XXXX and did so. We received several invoices from XXXX many months after terminating our account with them and disputed the amount over the phone with customer service reps. Years later, we received notice that the debt had been transferred to XXXX XXXX, who was listed as the new creditor. When we inquired with Convergent, we were never sent any supporting documentation of the actual amount or how that amount was reached, only that they said we had a balance of approximately {$1200.00} that was from our termination of our account. We have disputed the matter using XXXX XXXX and Convergent still lists the account as valid. We would like to have the matter removed from our credit report, as we do not believe the debt to be valid."
3297,Debt collection,"I dispute the accuracy of this account. I want to cease and desist because Southwest Credit Systems, L.P. is not authorized to collect any debt in XXXX. Theyre not registered to do business in the state of XXXX"
3298,Bank account or service,"My checking account was charged XXXX times for {$440.00}. XXXX. These small transactions were reoccurring and unauthorized. They began in XXXX XXXX XXXX. I have disputed with chime twice and been denied. I filed a. Police report that I have uploaded to them to. The dispute team. I have done everything chime has asked of me and they have done not I g to get my money back. I looked up these charges and they are '' hidden, experimental features in the XXXX XXXX browser. I am a victim XXXX fraud and chime has taken no responsibility to help me as a consumer."
3299,Credit reporting,"I am submitting this formal request to update my personal information and remove incorrect addresses associated with my credit file. I have noticed that certain addresses listed on my report are inaccurate and should not be linked to my profile. These incorrect addresses could result in my personal mail and sensitive information being sent to the wrong location, posing a risk to my security. 
The incorrect addresses I request to be removed are : - XXXX XXXX XXXX XXXX, XXXX  XXXX These addresses do not belong to me, and I have never resided at or used them for any official purposes. The only correct address that should be associated with my profile is : - XXXX XXXX XXXX XXXX XXXX XXXX  XXXX For the accuracy and integrity of my credit file, please remove these incorrect addresses immediately. Additionally, I request a confirmation letter once these changes have been made. 
If my request is not honored in a timely manner, I will escalate this matter under the Fair Credit Reporting Act ( FCRA ) Section 1681i ( a ) to ensure maximum possible accuracy in my credit report."
3300,Credit reporting,"In accordance with the Fair Credit Reporting act. The List of accounts below has violated my federally protected consumer rights to privacy and confidentiality under 15 USC 1681. 

DEPT OF ED / XXXX : # XXXX & DEPT OF ED / XXXX : # XXXX, have violated my rights. 

15 U.S.C 1681 section 602 A. States I have the right to privacy.

15 U.S.C 1681 Section 604 A Section 2 : It also states a consumer reporting agency can not furnish an account without my written instructions 15 U.S.C 1681c. ( a ) ( 5 ) Section States : no consumer reporting agency may make any consumer report containing any of the following items of information. Any other adverse item of information, other than records of convictions of crimes which antedates the report by more than seven years.

15 U.S.C. 1681s-2 ( A ) ( 1 ) A person shall not furnish any information relating to a consumer to any consumer reporting agency if the person knows or has reasonable cause to believe that the information is inaccurate."
3301,Money transfer or service,"My name is XXXX XXXX. I remitted money to XXXX through Sigue Corp on XX/XX/year>. The order number is XXXX, and the amount is {$2500.00}. I have never received it in XXXX! I have requested a refund from SIGUE CORP through different methods. Now it has been 7 months, and I have not received their refund check! From the Internet, I learned that the national financial regulator ordered SIGUE CORP to stop remittance activities on XX/XX/year>. SIGUE CORP also signed a consent order. The states will use the statement signed by SIGUE CORP to submit bond claims on behalf of affected customers or assist them in the claims process. I hope to receive a refund check as soon as possible!"
3302,Mortgage,I am trying to stop my mortgage from being accelerated to a foreclosure status as I have just learned about this XXXX XXXX. My mortgage payment have been paid every month on an automatic debit transaction by the Bank - never missing a payment. I have proof of such payments.being made. These payments have been made to Greentree Mortgage .I have never been notified of any change in mortgage companies. No notices of any kind letting me know that a change had been made & who my new mortgage servicer is. Nothing has been sent to my home address or this name would have been changed immediately. The house in question is a rental home and been such for quite a few years. My bank has verified that Greentree has been accepting and cashing my mortgage payments. I have been unable to contact Greentree to get my questions answered. On XX/XX/XXXX I checked the mailbox at the rental house and found a delinquent notice from Shellpoint addresed to me. I called Shellpoint to find out what this was all about and who they were only to learn that they were now the new mortgage co. that my monthly payments should have been going to. I explained the situation to Shellpoint that this is a huge mistake and was told that a case manager would look into this and get back to me XXXX XXXX There are no missed payments!
3303,Money transfer or service,Cashapp has previously not had any live support or contact number. After being fined they then released a phone number that does not work. I have reported issues before and have had no source to contact regarding reported issues.
3304,Debt collection,"XXXX accounts for Fair Collections and Outsourcing, # XXXX, and # XXXX, are in error. I have attempted to get these alleged debts removed from my credit reports. XXXX have done so, but XXXX refuses. These alleged debts were purchased by a collection agency from XXXX XXXX Apartments. I have sent documents proving that I do not owe this debt. In a nutshell, I had planned to lease an apartment XXXX Apartments, only to receive military orders to report to duty in New York State. Despite federal law, the Soldiers and Sailors Relief Act, which required XXXX XXXX Apartments to rescind the lease once I provided notice, XXXX XXXX Apartments refused to do so, necessitating litigation. When the judge learned that I was under military orders, the judge appointed me a guardian ad litem, who succeeded in getting the malicious lawsuit filed by XXXX XXXX Apartments dismissed. In other words, the court held that I owed nothing. XXXX XXXX nonetheless went and sold a fraudulent alleged debt to a debt collection agency, Fair Collections and Outsourcing. I informed Fair Collections and Outsourcing of the dismissal of XXXX XXXX Apartments ' case and that the debt was invalid. Fair Collections and Outsourcing has chosen to report me to the credit bureaus as a form of extortion in an attempt to get me to pay an amount that the court held I do not owe under federal law. Despite numerous communications with Fair Collections and Outsourcing, this unscrupulous debt collector refuses to inform XXXX that the debt is invalid. Consequently, XXXX will not remove the amount from my credit report. Even worse, XXXX of the alleged "" debts ' is in fact a security deposit that XXXX XXXX is obligated to return to me."
3305,Mortgage,"I had a massive house fire that damaged everything in my home. My kitchen was gone. The insurance company suggested I hire a professional cleaning company to work on my house, and I called them. The company failed to complete work, and were also contracted to rebuild. They never started the rebuild. This happened around XXXX 2016. Around XX/XX/XXXX we finally settled on how much they were owed and I looked for a new contractor. I could not find many, and most were very expensive. I also was told by the mortgage company that the rest of the insurance funds would be held until the house was finished. I was able to secure a contractor, but I told the mortgage company without those funds I could not pay the contractor and my mortgage at the same time. I fell behind in my mortgage payments by six months, and ended up losing my contractor because they would not finish the work without being paid. The mortgage company refused to help and continued withholding the funds. I finished the work and had the final inspection, and got the large sum they were holding, and caught back up on my mortgage, paid the constructor, and caught up elsewhere. They knew they were negatively impacting my life and health. They knew what they were doing was morally unconscionable. They claim they followed their rules. They did not. They said they could not release funds because of the contractor license and some other inspection nonsense. It was absurd. They knew the position they put me in and they did n't care! Their behavior is reprehensible."
3306,Money transfer or service,"3rd Complaint regarding this matter! 
On XX/XX/18, I had my bank send a wire transfer to The XXXX XXXX, XXXX, TX, at the request of a friend of mine. She gave me the account number of a person she knew at the business who was to handle the transfer for her since she would be out of the country when the wire was transferred. The person whose account the transfer went to, is holding the funds in the XXXX XXXX account, and will not release it. He has held it for over 3 months. It is {$53000.00}. I am the owner of these funds, not the person at The XXXX XXXX. Chase Bank has investigated twice at your request, but say they can't release the money to me unless my bank issues a recall. My bank has issued numerous complaints, but Chase never releases my funds. This is a huge amount of money, and it belongs to me. Chase needs to release the funds when my bank issues a recall, yet they never do. The person at the XXXX XXXX is holding funds that he knows does not belong to him. Chase needs to release my funds me to resolve this matter. They need to have SOMEONE who can release my funds to do so. This is going into a new year now, and I am still out my funds. I no longer want the friend who told me where to wire the money to receive the funds. Please if Chase can not release the money to me being fully aware of the situation, how do you suggest I move my complaint further? I am not satisfied with their lack of interest in solving my problem with them. All they have told me to do is have my bank issue a recall. My bank is hesitant to continue issuing recalls when nothing is done by Chase to solve this problem. The person holding the funds is being fraudulent because he knows he is not the intended recipient. Chase case # XXXX. Beneficiary account # XXXX XXXX The XXXX  XXXXl XXXX XXXX XXXX XXXX, XXXX TX XXXX Should be refunded to : XXXX at XXXX XXXX XXXX XXXX, XXXX, GA XXXX"
3307,Mortgage,"Wells Fargo wrote to me asking for proof of insurance coverage. I uploaded this information to their website : [ 1 ] XXXX website confirmation dated XXXX [ 2 ] XXXX XXXX XXXX XXXX XXXX with a policy period of XXXX to XXXX shown on page XXXX. 

I received another communication from Wells Fargo asking for proof of coverage between XXXX and XXXX. I uploaded this information to their website : [ 3 ] XXXX website confirmation dated XXXX [ 4 ] XXXX  dec page pdf, with a policy period of XXXX to XXXX shown on page XXXX. 

I received another communication from Wells Fargo, again asking for proof of coverage between XXXX and XXXX. This time, I called the number on the letter [ 5 ] XXXX phone call log from XXXX, where I called Wells Fargos Hazard Insurance Processing Center. I pointed the representative to the documentation that I had already uploaded that satisfied the requests. The representative agreed with me, said that they would update their system, and told me that no further action was required on my part & that I would not be charged. 

However, I received another letter from Wells Fargo saying that I was charged {$100.00}. 
[ 6 ] XXXX  letter from Wells Fargo indicating a {$100.00} charge for a lapse in coverage between XXXX and XXXX. 

I replied to all communications in a timely manner and provided satisfactory documentation, even getting confirmation from the Wells Fargo representative. I believe that this charge is unjustified, and should be refunded in full."
3308,Credit reporting,There are ( 6 ) student loans being reported under XXXX  XXXX XXXX reporting inaccurate late payments. It clearly indicated on my credit report XXXX PAYMENT MONTHLY DUE. there was NEVER ANY PAYMENTS DUE ON ANY OF THESE LOANS PRIOR TO IT BEING TRANSFERRED. THESE LOANS HAVE BEEN ON MY CREDIT FILE SINCE XXXX. WHICH LRGALLY IS AGAINST MY FCRA RIGHTS anything after 7 years NEEDS TO BE REMOVED FROM MY CREDIT FILE. THE INFORMATION HAS BEEN REPORTED INACCURATE SINCE XXXX  PLEASE REMOVE ALL 6 ACCOUNTS AND ALL LATE PAYMENTS. THERE WAS NEVER ANY MONTHLY PAYMENT DUE.
3309,Credit reporting,"In accordance with the Fair Credit Reporting act. The List of accounts below has violated my federally protected consumer rights to privacy and confidentiality under 15 USC 1681. 

15 U.S.C 1681 section 602 A. XXXX I have the right to privacy. 

15 U.S.C 1681 Section 604 A Section 2 : It also states a consumer reporting agency can not furnish a account without my written instructions 15 U.S.C 1681c. ( a ) ( 5 ) Section States : no consumer reporting agency may make any consumer report containing any of the following items of information Any other adverse item of information, other than records of convictions of crimes which antedates the report by more than XXXX years. 

15 U.S.C. 1681s-2 ( A ) ( 1 ) A person shall not furnish any information relating to a consumer to any consumer reporting agency if the person knows or has reasonable cause to believe that the information is inaccurate."
3310,Credit card,"Without any notice, Citibank closed and cancelled my Costco Visa Card. I have had the card ever since it was introduced and have had a long and mutually satisfactory relationship with Citibank for years. They somehow received mistaken information that they "" previously had to close XXXX or more Citi accounts in [ my ] name '' and that is not true. So they closed this account with no notice and stole all my Costco dollars which I had earned. I would like the account reinstated as it was closed inappropriately and I would like the money I had relied on for my Costco purchases."
3311,Consumer loan,"I am filing a complaint regarding a student loan through Climb Credit. 

The loan was disbursed to XXXX XXXX XXXX approximately XXXX month ago. I never logged in, never attended orientation, and never accessed any coursework. No educational services were provided. 

Despite this being a clear non-attendance situation, the loan has not been reversed and billing has begun. I have contacted Climb Credit multiple times to request a non-attendance loan reversal and administrative forbearance. 

I am requesting : Immediate loan reversal due to non-attendance Return of all disbursed funds Correction of any billing or credit reporting This loan should not be enforceable as no services were rendered."
3312,Debt collection,I received a collection notice in the mail and i was devastated. The collection company says that I owed {$340.00}. Someone stole my identity and stole other information from where ever they got it from. The collection agency is called Total card Inc. The current creditor is called XXXX XXXX XXXX XXXX the original credit account number is # XXXX the file number is # XXXX. I have XXXX and i was taken advantage of.
3313,Credit card,"I opened my barclay XXXX card in XXXX online, as I did the application online, I wanted to do a balance transfer from my XXXX account for the amount of XXXX on XX/XX/XXXX. That was the only balance transferI processed online. Once my credit was approved, I expect to see information on my balance transfer. I then called to confirm and add another chase account balance transfer for the amount of XXXX. In the midst of confirming and adding another balance transfer, Some how a third balance transfer was added at the mistake of the representative from barclay card for the amount of XXXX. They closed my account, I recieved a letter dated XX/XX/XXXX stating the balance transfer never processed and it was an invalid chase account. Online with my barclay card for the month of XXXX, my account shows the same information, how my account was credited back the invalid balance transfer for XXXX. Some how that balance transfer is now a "" valid chase account "" and is on my statement. I 've showed them all the proof and even the letter they sent me. I even had chase on the phone with barclay card telling them it 's not a valid chase account. In the event this happens they are supoose to open a claim with chase. They told me I need to contact chase and figure it out. Barclay card said they opened a claim, verified it 's a valid chase account under my name and they 're nothing they can do, I can write a letter to the president of the company. Basically this is n't my balance transfer, it was was their mistake, it 's not a valid chase account. They also, had a payment posted and taken off, I asked them to give me information on the payemt ; they also charge me interest on a brand new card. I 've asked barclay card to pull my phone records and listen to the call and they have done anything to help me as a customer! I have had nothing my problems and they resolution for me is to write the president of the company, they gave me his fax number. THank you"
3314,Consumer loan,"After waiting a full year for my student loans to transfer from XXXX XXXX to Mohela then an additional 3 months to have my employment certified to reach 120 qualifying payments, I am now having to wait an additional 3 months for Federal Student Aid to review and approve my PSLF. 

Waiting an additional 3 months for loan forgiveness after reaching 120 qualifying payments is very unfair. The PSLF program is suppose to forgive loans after 10 years, not 10 years and 3 months."
3315,Debt collection,"Received a call from First Recovery Services or Solutions stating I took out a payday loan online in the amount of {$350.00}. I informed them that I had not taken out any payday loans online. I asked First Recovery Services what their address was. They would not provide it. I asked them to provide me with the date it was taken out. They that the loan was taken out prior to XX/XX/XXXX and charged off. I asked them to provide me with proof that there was a loan. They would not. 

The next person said the loan was refinanced by XXXX XXXX XXXX in XX/XX/XXXX and that more than {$500.00} is owed. Once again, they could not provide me with dates and would not provide me with proof. They said they would see me in court because I would not pay them. 

I have not taken out any payday loans and I certainly did not refinance anything in XX/XX/XXXX. I have never received notification nor have taken out such a loan. I continuously check my credit and no such creditor has been put on there. They provided me with an address that is more than 10 years old. 

They have called more than 10 times from various numbers. They had a guy from what they indicated was "" their legal '' department also called me from an XXXX number and then he called three other times from XXXX. They have called various family members of mine in informing them that it is urgent to get a hold of me with and give them a claim number. They have contacted my significant other 's business four to five times. This loan is not mine and this is harassment."
3316,Credit card,"I got a promotion in the mail from citi bank stating Im pre qualified for their offer with XXXX XXXX, spend {$3000.00} in 3 months and receive XXXX airline miles. 

I called to confirm this offer was still good because I already used a similar offer last year and redeemed it. I was told if I got the letter, get fully approved for the card and spend the appropriate amount of money I would revive the airline point even though I already used a similar offer the year before. 

i was approved for the card the following day, spend the {$3000.00} within a month of applying and my miles never showed up. After a couple weeks I called to see why I still havent received my credit for the miles, I was told this offer is only good ever 4 years for each individual and I already had this offer the year before. I explained to the manager that a got a pre approved promotion letter in the mail and I called to confirm I qualify for the miles and I was told I was.

the manager refused to help me in anyway. I feel taken advantage of and lied to. I did not need or want another credit card, the only reason for opening this card was for the the miles ( which I called to confirm I was eligible for before applying ) now my credit score is lower and I purposely spent extra money to reach the {$3000.00} minimum on a card for no reason, if they told me in the beginning I didnt qualify I would not have opened the account and would have waited to buy certain items.

I just cant get over the lying and horrible customer serving that I am receiving from the citi XXXX XXXX credit card."
3317,Debt collection,"I was contacted by mail by Balanced Healthcare Receivables, XXXX NH In the letter says that XXXX XXXX placed it with them. 

Have asked them to valid the debt, and they have refused, furthermore I stated that I have settled with XXXX XXXX of XXXX XXXX all charges and made a lump payment covering all charges. 

I have met abusive and obnoxious people at Balanced Healthcare, whom they accuse me of committing criminal acts, and have violations of the Fair Debt Collection Practices Act. including attempting to collect debts not owed and illegal communication tactics. I followed with a email to XXXX and no one has responded."
3318,Mortgage,"This is the 3rd complaint that I have filed against Midland Mortgage for their failure to post my payments to my loan. 
Currently I am receiving assistance through the Texas HAF program. My XX/XX/2023, XX/XX/2023, and XX/XX/2023 payments were sent by HAF to Midland Mortgage ; who received those payments on Friday, XX/XX/XXXX. Today is XX/XX/XXXX and my payments have not been posted to my loan. The total amount past due was paid. I am still within my grace period for my XXXX payment and will pay that payment once I receive funds from my student loan on XX/XX/XXXX. There is no excuse for my payments being held by Midland Mortgage. They continue to hold my payments and show a past due status and charge my loan for erroneous late fees. Why are they getting away with this?? They held my payments that were sent in XXXX and held them for almost a full month before posting them. This is against the law and I do not understand why they have not been reprimanded. This is a FHA loan and payments received must be posted immediately. Please help me."
3319,Credit card,"Recently acquired an American Express Blue credit card, specifically because it offered XXXX % rebate on groceries. After several calls and questions, they told me that XXXX does not qualify because it is a XXXX XXXX. I asked them why it was not possible for them to talk to XXXX and come up with a way to code grocery purchases and thus give credit where credit is due. I asked them if they were aware that XXXX is one of the top grocers in the United States, to which I received only silence. I do buy produce and meat from XXXX, which qualifies, but all the rest from XXXX, because they are consistently better priced. I am not a happy camper!"
3320,Credit reporting,"I sent you an FTC report on XX/XX/XXXX about these fraudulent inquiries and you refused to remove them which is against the FCRA. If you do not remove these inquiries, I will be seeking an attorney I know my consumer rights and your company is causing me emotional distress. I am just trying to ensure my credit report has accurate information which it currently does not. 15 U.S. Code $ 1681c-2 a consumer reporting agency shall block the reporting of any information in the file of a consumer that the consumer identifies as information that resulted from an alleged identity theft, not later than 4 business days after the date of receipt. *** I HAVE ATTACHED MY FTC REPORT TO THIS COMPLAINT TO PREVENT FUTURE STALL STATICS FROM XXXX. 

Once again here are the inquiries that WERE NOT AUTHORIZED : XXXX XXXX XXXX XXXX XXXX XXXX XXXX XXXX"
3321,Bank account or service,"I deposited three checks about a week ago in late XXXX, 2020 for the sum of XXXX into my Chase checking account. All three checks cleared. Yesterday my debit card for my personal checking account was declined. I went to the local Chase bank in XXXX XXXX and asked what was going on and Chase had frozen my checking account. The branch manger told me she could not speak to me about it, I had to talk to the security department over the phone. The woman from securities was extremely rude. She said she couldn't verify any of the checks. One of them was a personal check and two were from separate companies. They called the number I provided for the personal check ( XXXX ) and said it was verifiable but they couldn't verify the other two ( XXXX ) and they couldn't give me the funds until they could. 

The next day my account was closed and my money was gone, including the remainder of funds, not affiliated with these deposits. I went into another Chase bank and spoke with a banker. He called Chase securities again. He seemed just as baffled as me. He said "" I'm not sure why they are doing this to you, it doesn't make sense to me either. '' After the call he apologized and said there was nothing he could do. 

My rent check didn't clear and I am missing payments on my credit cards. This is doing a lot of damage and it seems illegal. I don't know what is in place here to protect me, the customer, but it has been very damaging to me financially and caused so much stress. I feel that I am being treated like a criminal when all I did was deposit three checks, which I have done many times in the past.

I have attached the three checks in question at the bottom in PDF format -XXXX"
3322,Credit reporting,"I have items passed on that should be taken out or removed. Per FCRA segment 605, Credit Bureaus are expected to eliminate any records recorded on an ID THEFT REPORT. I've proactively remembered this report from a past letter and I am including it once more. I've educated my lawyer regarding my aims and they are eager to consider that Credit Bureaus are responsible for their tenacious rebelliousness. 
XXXX XXXX XXXX  XXXX Balance : {$23000.00} XXXXXXXX XXXX XXXX XX/XX/year> XXXX XX/XX/year> XXXX XXXX XXXX  XX/XX/year>"
3323,Bank account or service,"I answered a solicitation to have my personnel vehicle wrapped in a particular logo earning $ XXXX/week for 12 weeks. The sender mailed a check to me for {$2900.00}. This was to give the first week 's payment ( {$500.00} ) and the rest was to use towards the installation process ( {$2400.00} ). I was to send {$1200.00} ( XXXX ) to ( XXXX ) different people, using XXXX to send the money. This was part of the scam, stating an installation team would show up at my residence to wrap my vehicle and then remove the wrap after the 12 week period. 
When I received the check, I used the Navy Federal Credit Union ( my bank ) "" edeposit '' method to deposit the check into my checking account. On "" good faith '' NFCU honored the check within 2 days. On the third day, NFCU found the check to be fraudulent and took {$2900.00} from my account. I have filed a police report about the solicitation scam and realize I have loss that money. If NFCU would have not on "" good faith '' put those funds in my account, I would have never proceeded any further."
3324,Credit card,"My credit report shows late payment entries that I believe are incorrect. In accordance with 15 USC 1681e ( b ) and 15 USC 1681i, all reported information must be accurate, complete, and verifiable. I am requesting verification of these late payments, and if they can not be substantiated, they should be corrected or deleted from my report."
3325,Credit card,"my chase credit card was closed out of nowhere, I called and they said that they will do a secondary review to try to open my card but that was denied as well. I opened this card in XXXX of 2019 i have never been late and have paid off the card in full twice. I have been a Chase costumer for over 14 years and have multiple bank accounts with them and a mortgage. They closed my card without any notice and are not willing to open it back up again because they say I opened another card in last 12 months. I don't believe this is right and i would like to file this complaint."
3326,Credit card,We opened a citi/advantage card through XXXX XXXX XXXX There was supposed to be a {$200.00} statement credit when we made out first purchase. We immediately made an airline e ticket purchase and have still not received the state credit. This was back in XXXX. I have talked to the cc company multiple times since and they always say yes you should have received the credit. Then they send it to the dept that handles credits. I hav received XXXX letters that say when you make your first purchase you are eligible for the credit. I have already made that purchase! I have been dealing with them for 6 months and no credit even though everyone talked to says I should have recent ( within XXXX weeks ). Help!
3327,Money transfer or service,My daily pay account had to be closed and reopened to accommodate my new employer. Because if this my daily pay card was closed. Now when I re apply for a daily pay card it says my identity can not be verified. Also my balances and unavailable amounts do not show up correctly.
3328,Credit reporting,"When I investigated my credit report, I realized that some of the information was erroneous. Experian, XXXX, and XXXX are required to authenticate this account under Sections 609 ( a ) ( 1 ) ( A ) and 611 ( a ) ( 1 ). ( A ). It is not acceptable to treat this reporting account as unconfirmed information without producing proof within the legal time range. Sections 609 ( a ) ( 1 ) ( A ) and 611 ( a ) ( 1 ). ( A ), please investigate the unverifiable account below : XXXX XXXX XXXX XXXX Balance : {$440.00}"
3329,Credit card,"Missed a payment on a credit card due to mishap with bill pay at my bank. Paid in full 10 days late. Called credit card company to settle the issue and see if anything could be done, they said no, the XXXX $ late fee would remain. I stated I would close the account. They offered some bs but I was n't interested. I asked what the current balance was so I could pay in full. She told me the balance but said it would change as every day the LATE FEE would accrue interest"
3330,Debt collection,"On XX/XX/2022, the regulator for SPRING OAKS CAPITAL LLC, XXXX XXXX XXXX, received a cease and desist letter from me. Stating to cease all communication directly and indirectly through any medium, including through my consumer report via the credit reporting agencies. SPRING OAKS CAPITAL LLC, still willfully choose to violate the FDCPA by still communicating and the GRAMM- LEACH BILEY ACT privacy rule by not ceasing the advertising of my non public information to the public through the credit reporting agencies to coerce payment from me on an alleged debt. As of XX/XX/2022, SPRING OAKS CAPITAL, failed to cease communication and continue to communicate with me through my consumer reports with the Credit reporting agencies. They are knowingly still violating 15 USC 1692 ( d ) ( 4 ) by still advertising my non public information and refusing to delete the account off my consumer report. They were given 15 days to pay invoice for damages, cease and remove the non public personal information and failed to do so. I am now a victim of there non compliance and aggravated identity theft. Also, they knowingly possess and are using my means of identification with the intent to EXTORT me of {$3400.00}."
3331,Credit card,"Motion to Disqualify Defendants Counsel for Conflicts, Deceptive Filings, and Prejudicial Delay What happened : I filed a motion to disqualify Capital Ones legal counsel due to their direct involvement in approving AI-based predatory systems, failing to disclose these frameworks, and issuing deceptive responses to my filings. Their legal team is not an objective respondentthey are entangled in the XXXX XXXX  at the XXXX of my complaint. This is not just a legal conflict but an ethical one. Theyve acted as protectors of a flawed system they helped create, failing to preserve impartiality and actively concealing the operational risks now being challenged in court. 

Memorandum of Law in Support of Motion to Disqualify Defendants Counsel What happened : This memorandum supports my prior motion by outlining the legal logic and violations underpinning Capital Ones internal counsel decisions. The XXXX XXXXnforcement framework XXXX against me appears to have had direct legal signoff, and any legal team approving systemic restrictions without oversight is no longer fit to represent the case. This memo provides detailed structural, ethical, and policy-based reasoning for why the defense team is compromised."
3332,Consumer loan,"I am writing to bring to the CFPB 's attention of NAVIENT 's non-compliance with the law. I am writing about loan number XXXX. In 2013, I checked my credit report and I saw a fraudulent account XXXX XXXX on my credit report. I NEVER opened a student loan account with them nor sign any documents. I did an investigation and found out that "" XXXX XXXX XXXX '' fraudulent included me as a co-signer in the loan without my authorization. I filed a police report with the XXXX Police Department because I lived in XXXX at that time. In the police report and affidavit, I stated that the student loan account was opened without my permission, and that my signature was forged, and I never "" co-sign '' for any student loan. I forwarded it to the XXXX XXXX fraud department, and they never took care of it. It still shows up on my credit report. I told XXXX XXXX to remove my name and failed to remove it and holds the law in contempt. Please investigate this illegal matter and hold XXXX XXXX ( now NAVIENT ) accountable."
3333,Credit reporting,"I am disputing XXXX continued reporting of a dismissed bankruptcy case filed on XX/XX/XXXX, and dismissed on XX/XX/XXXX, in the U.S. Bankruptcy Court for the District of XXXX.

Despite the dismissal, LexisNexis is still reporting this bankruptcy as an active public record. There has been no court activity or trustee administration since the dismissal date, and the case is legally inactive. This reporting is inaccurate and misleading, violating FCRA 1681e ( b ) and 1681i. 

I mailed LexisNexis a formal dispute requesting verification or deletion. I asked them to provide updated court-stamped documentation showing the case is active beyond XX/XX/XXXX. They failed to provide this. 

Additionally, TransUnion has already removed this bankruptcy from their records, which supports my claim that LexisNexis is reporting outdated, unverifiable information. I am attaching the official dismissal order for reference."
3334,Mortgage,"I inherited my parents home after the death of my father and step-mother. My goal is to keep my home and avoid foreclosure. The mortgage on the home is in my father 's name, and is serviced by SPS, owned by XXXX XXXX. The property has transferred into my name with a Quit Deed, and I have a letter of authority & success in interest from the estate. I would like to assume the loan, and receive a modification to help the loan remain affordable, as I have a had a loss of income. 

The current servicer, SPS, has denied my request for a modification and assumption of the mortgage on my home mortgage. I have applied multiple times for a modification. I most recently applied starting in XXXX. Between XXXX and XX/XX/XXXX, SPS requested duplicate documents several times, and each time I submitted the documents requested. 

On XX/XX/XXXX, SPS sent me a letter that they were reviewing my complete modification application. On XX/XX/XXXX, I received a letter stating that my modification application had been denied due to "" investor/guarantor Not Participating. '' This is the second time I have received a denial with the same reason given. The first denial was received XX/XX/XXXX. During the time between XX/XX/XXXX and XX/XX/XXXX I was being asked to repeatedly submit documents and applications."
3335,Mortgage,"Applied for cash out- refinance loan on XX/XX/21. I wanted to take out approximately {$40000.00} in equity and refinance my current note to a 15 year term. Prior to formal application, I spoke with the loan originator for XXXX XXXX on XX/XX/21, to explain the particulars of the loan request. I have an underage minor listed on my deed. I asked if the XXXX XXXX, if in fact they could complete the transaction with the underage minor on the deed. The loan originator spoke with his XXXX. The XXXX informed the originator that XXXX XXXX could in fact move forward with financing and that XXXX XXXX would be XXXX creative XXXX in completing the transaction with the minor on title. To date, an appraisal was completed on the property on XX/XX/21. On XX/XX/21, I received a text from the loan originator was informed that I would need to remove the minor from title before the loan could proceed to closing. Further as a result of the hard pull of my credit, my current XXXX XXXX has decreased and I now have a poor credit rating. So in addition to false representation of services, I am out an appraisal fee of {$520.00} and a low XXXX XXXX. Finally, I am in a majority minority community the XXXX low balled the value of my property and when I notified XXXX XXXX of such there was no response."
3336,Credit reporting,"I am disputing inaccurate and duplicate account information being reported by TransUnion and displayed in XXXXXXXX XXXX XXXXXXXX monitoring tool. These errors are negatively impacting my credit profile and must be corrected under the Fair Credit Reporting Act ( FCRA ). 

Details : XXXX. XXXX There are XXXX separate entries. The entry dated XX/XX/XXXX is a duplicate/inaccurate record. Only the XX/XX/XXXX entry should remain. 
XXXX. XXXX XXXX XXXX XXXX XXXX entries are inaccurate and should be removed. 
XXXX. XXXX XXXX and XXXX XXXX XXXX XXXX XXXX XXXX are inaccurate and should be deleted. 
XXXX. XXXX XXXX via XXXX  The entry dated XX/XX/XXXX is inaccurate and should be removed. 

These items are inaccurate and/or duplicates and do not reflect my actual credit history. They have not been verified with proper documentation and are therefore in violation of FCRA 1681i ( Reinvestigation of disputed information ) and 1681s-2 ( a ) ( Furnishers duty to provide accurate information )."
3337,Debt collection,"Debt Validation Request Original Creditor : XXXX XXXX : {$2200.00} TransUnion Reporting Date : XX/XX/year> Please note this debt is already marked as Account information disputed by consumer. 
This is a follow-up request requiring complete validation. 

Provide : Original signed contract Itemized charges Proof of ownership Complete payment history Explanation of how balance was calculated Failure to validate requires immediate deletion. 

Sincerely, XXXX XXXX"
3338,Debt collection,"On XX/XX/2020 I called Transworld Systems to resolve a debt that was on my credit report. I was told that the balance I was referencing was {$56.00} but also had another balance on a bill that was {$28.00}. The representative with Transworld said that the {$28.00} bill is not on my credit report because it is under {$50.00}. I specifically told the rep that I want to pay the {$56.00} balance and not the smaller one. I made the payment on the same day. After checking my credit report, I have noticed that only half of the amount was shown as paid. I called Transworld back onXX/XX/2020 to inquire about it. I was told the payment was split up and half of it was applied to the other debt. It is my understanding that when I pay a bill and ask for the amount to be applied to a specific bill, that it has to be done and not just applied to what ever they would like to. They told me that it would be corrected but I'm not certain that it will get done. Both of these conversations were on a recorded line."
3339,Consumer loan,"I was closing on the sael of a home and I requested a payoff balance for the account as part of the deal for the mortgage loan. The title company will process the sale and buy of the new home and cut me XXXX check to pay my debtors XXXX XXXX, XXXX bank, XXXX and Avant. Apprently I committed to an electronic debit on the full payoff amount ( which i do n't recall ). After the closing on XXXX XXXX I recived the check, these were mail on Saturday XXXX XXXX at XXXX XXXX. Avant has already cevied the check that XXXX XXXX title company made and cash it. On XXXX XXXX 2016 I noticed that the electronic debit was posted to my account for the payoff amount requested, I called XXXX to ask them to reverse an electronic transaction since the check was cash already and they claim they have no evidence of the check being cash and they cant reverse the electronic transaction because it was already committed for payment ( the money is not on the account it was on the check cash ). They only could offer a request for a refund ... 10 days process."
3340,Credit reporting,"Experian XXXX. XXXX XXXX XXXX, TX XXXX Subject : Formal Dispute of Inaccurate Account XXXX  XXXX XXXX Dear Experian Dispute Department, I am writing to dispute an inaccurate account listed on my Experian credit report. The account reported by XXXX XXXX XXXX ( XXXX ) is being reported in error and should be investigated in accordance with the Fair Credit Reporting Act ( FCRA ) 611 ( 15 U.S.C. 1681i ). 

Details of the Account in Question : Creditor Name : XXXX XXXX XXXX  Account Opened : XX/XX/year> Balance : {$960.00} Reason for Dispute : I do not recognize this account and have no knowledge of any such debt. 
XXXX XXXX XXXX has not provided valid proof that I owe this debt. 
I did not give authorization for my personal information to be sold or shared with third-party companies."
3341,Credit card,"Applied for a XXXX First Bankcard with a 12 month 0 % interest rate When I applied I requested a {$2400.00} pay off of my XXXX XXXX XXXX I never received a letter or notice of my application. 
Approximately 3-4 weeks after I applied I received a letter and that same week an email to activate my new XXXX card. 
I called the Number on the card an stated I never received the card. 
the gentleman I spoke with said he would issue a new card and send to me in around 10 days. I ask if can be done faster and he stated they could expedite and get to me in 2-3 days.

Five days late the card came by priority USPS Saturday XX/XX/2019. 
I then signed up on line to activate the card and get an account balance. 
it showed I owed {$13000.00}, the amount sent to XXXX. 
I immediately called and the supervisor who told it was a typo, she said they could not do anything that I would have to call to get the correct amount sent back to me. 
I called XXXX MondayXX/XX/2019 they told me they could not send the credited amount back to First Bankcard, but First Bankcard could issue a credit recall. With XXXX on the line I conference call with First Bankcard and the First Bankcard representative said she would issue the credit recall and it would take 24-72 hours. 
As of this writing Monday XX/XX/2019 the credit has not been issued the full amount still shows as full XXXX still has the full amount sent to them. After several calls today to First Bankcard they told me it is still processing. the operator I talked to said it was a very large amount, I told her that I need to talk to the Supervisors, Supervisor and that I was also writing this complaint to the CFPB. 
I've been diligently trying to get this taken care of since the call I made on the XX/XX/XXXX the supervisor told me that as of XX/XX/XXXX I would be charged for the transfer amount and a very high monthly payment, which i was trying to get my monthly payments lower."
3342,Debt collection,"I am requesting contracts from Midland Credit that show I am responsible for the following debt with them : Account info Account name MIDLAND CREDIT MANAGEMEN Account number XXXX Account type Debt Buyer Responsibility Individual Date opened XX/XX/XXXX Status Collection account. {$450.00} past due as of XX/XX/XXXX. 
Status updated XX/XX/XXXX Balance {$450.00} Balance updated XX/XX/XXXX Recent payment - Monthly Payment - Original balance {$450.00} I do not know a contract between myself and this company, I am requesting immediate deletion of the account from my credit report as it it causing financial difficulty for me and my family. I have attached a copy of the credit report from XXXX as well as identifying documents for myself."
3343,Debt collection,"XX/XX/2021 I sent XXXX letter informing XXXX there are unauthorized and unverified accounts on my credit which are affecting my insurance rates and if can pleases remove immediately without be able to verify any accounts. It also shows the account debt was paid which also was NOT me. I gave it 30 days and still no response, so then XX/XX/XXXX I sent a letter demanding to comply and that I will take further actions if do not fix the problem. I know its law to at least get acknowledged or updated on investigation about inaccurate accounts with 30 days. I still have yet to get a response. So please help me get this removed as it is affecting my rates."
3344,Bank account or service,"Since yesterday morning, XX/XX/year>, I have been trying to gain access into my XXXX investment account with no success. It appears that they have my old email and phone number that I longer have access to. I've tried calling customer support but they continue to send information ( about XXXX  times ) to my old email which has done nothing to help me gain access to my account. After a very lengthy phone call where nothing was done, I was given an email address from XXXX support that I could contact regarding my problem while including my case details. The email is support XXXX. Since emailing them XXXX this morning XX/XX/year>, and early afternoon, no one has contacted me or reached out. I feel like no one really wants to help me with my issue accessing my account or is taking me seriously."
3345,Credit reporting,"XXXX XXXX XXXX XXXX XXXX XXXX The collection company of the creditor has not responded, the company has to remove the debt. Under 15 U.S. Code 1681e ( b ) and 15 U.S. Code 1681i ( 5 ) this account in violation not reporting 100 % accurate"
3346,Credit card,"Hi, I accidentally paid too little on my credit card. I was left with a {$5.00} balance on a XXXX credit line. I did not realize that I still had a small nominal balance. 

Bank of America did not place any calls to me or send me an email. If I had been contacted, I could have quickly paid off the remaining balance. I only caught that balance while randomly checking my credit records on XXXX XXXX. I tried to login to my account to make a payment, and they blocked my login for delinquency. I called and made a payment via IVR. 

I just found out that they cancelled my credit line on XXXX XXXX, XXXX for a {$5.00} delinquency on a {$18000.00} credit line. I opened this account while in college 18 years ago. This was my only delinquency situation. I was never called or emailed. 

I called Bank of America and was informed that my account was closed. There were no options made available to me than other to apply for a new account. 

Now, my credit card is cancelled and my credit bureau has red marks over a {$5.00} balance. This seems monumentally unfair and a case where automated workflow rules failed both bank and myself. A simple email would have resolved the situation."
3347,Credit reporting,"XXXX, Trans Union, XXXX - I have an old C.C. account ( XXXX  ) - ( it now has new last four digits ) with XXXX XXXX. I've had this account for more than 12 years ( I'm not giving the exact time ) and I was 30 days late on a payment more than 9 years ago and they are still reporting me as having a late payment history. I have contacted all three credit reporting agencies and XXXX XXXX credit card services and they all give me the same reason for not having the item removed - "" We are required by law to accurately report your payment history. If you can show proof that this information is incorrect simply submit your dispute in writing and we will investigate and then get back with you regarding our findings ''. Seriously! I'm not disputing the fact that I was late on a payment - but am I to be punished for the rest of my "" credit '' life for being 30 days late ONE TIME - YEARS AGO? That's TERRIBLE! A XXXX can get paroled and even a commuted sentence but a 1 time late payment stays with you for LIFE. Surely there is SOMETHING that can be DONE? Please help"
3348,Debt collection,"I was first contacted via mail on XX/XX/2023 from National Credit Systems INC regarding an attempt to collect a debt from XXXX XXXX XXXX XXXX XXXX. I sent my first dispute letter on XX/XX/2023. National Credit Systems then sent me a letter from XXXXXXXX XXXX XXXX XXXXXXXX XXXX with a Statement Letter and Renting Ledger. I did not believe this was satisfactory in showing an itemized list of what the debt is for so I sent my 2nd Dispute letter on XX/XX/2023 requesting the following information : Amount, the full name and mailed address of the original creditor, Documents showing they have verified this debt, documents showing theyre licensed to collect a debt in KY, documents showing I owe National Credit Systems this debt, and documents showing I agreed to this debt that it is my debt. Today is XX/XX/2023 and I have not received any documents or information I have requested and after checking my credit score, I have noticed it has been put on my credit. I believe this is an inaccurate debt that I do not owe as I did not approve this debt nor sign any documents approving this. I also believe National Credit Systems has broken my right to personal confidentiality as they mailed me a collection letter regarding this debt in question in an open, non-sealed envelope that I have kept for my records as a breach of privacy. Again, I have requested documents under my right as a consumer and have no received any documentation from National Credit Systems, since then they have posted this on my credit, and breached my right to privacy."
3349,Money transfer or service,"I was scammed out of {$120.00} through a Chime "" Pay Anyone '' transfer. I sent the payment to a seller I met on offerup for a XXXX XXXX, and they never delivered the item. After the payment, the seller wanted more money claiming they couldnt ship through XXXX  and wanted to ship through XXXX. I submitted a dispute to Chime and provided clear evidence, including screenshots of the conversation, the agreement to sell the item, proof of payment, and the seller 's refusal to follow through. 
Despite the evidence showing this was a scam, Chime denied my dispute without offering a clear explanation. I authorized the transaction under the assumption that I was engaging in a legitimate sale. Once it became clear it was fraudulent, I did everything I could to recover the funds through Chime, but they refused to assist. 
I am requesting a formal review and assistance in recovering the {$120.00} I lost due to this fraudulent transaction. I believe Chime failed to properly evaluate the evidence I submitted, and I would appreciate the CFPBs help in resolving this matter."
3350,Consumer loan,"I 've got 4 calls today to my pre-paid cell phone from XXXX. They want me to call back and enter my SSN.
I graduated college in the 70s and my only student loan was paid off over 3 decades ago. This is a SCAM, not an attempt to collect on a student loan."
3351,Money transfer or service,"I am writing to formally express my concerns regarding Zelles handling of disputes, particularly in light of the recent CFPB lawsuit highlighting significant issues with the platform. Despite using Zelle numerous times and reporting discrepancies, my financial institution and Zelle failed to investigate my claims adequately. They informed me that covering lost funds was impossible and that tracking these transaction 's was unfeasible. The CFPBs findings indicate that Zelle had not only neglected to protect consumers but has also allowed repeat offenders to exploit the system, leaving us vulnerable to scams. This lack of accountability and transparency is unacceptable and raises serious concerns about consumer safety."
3352,Debt collection,"On XX/XX/2020, I received notification from Professional Recovery consultants, Inc that they were attempting to collect a debt in the  amount of {$2500.00}. 

Professional Recovery Consultants DID NOT provide the following : The name of the creditor That you can dispute the debt and that if you dont dispute the debt within 30 days the debt collector will assume the debt is valid That if you dispute the debt in writing within 30 days the debt collector will provide verification of the debt That if you request the name and address of the original creditor within 30 days, if different from the current creditor, the debt collector will provide you that information If the debt collector doesn't provide this information when it first contacts you, the debt collector is required to send you a written notice including that information within five days of first contacting you. 

To my understanding : Any debt collector who contacts you claiming you owe money on a debt is required by law to tell you certain information about the debt Please note : I have attached a copy of the correspondence sent by Professional Recovery Consultants as  proof of this violation."
3353,Bank account or service,"I opened a new account with citibabk online with a promotion for new customers for XXXX $ ( promotion XXXX ). After meeting all the requirements to obtain my bonus the bank is declining and not paying The bank has been giving me all kids iof different information, contradictory information and always imposing new requirenmets, last one was they neede a w2 form which was submitted. Then they invent new requirements that were never part of the offer. Last one was that they have no record of my offer however THEY DO. They lied. I have the proof trough the app chat admiring is in my records. 
Bottom line, bank does not want to offer the bonus offer I signed up for despite of my meeting all the requirements."
3354,Money transfer or service,"I am filing a complaint against Cashapp ( Block inc. ) due to inadequate customer service & unfair practices, which violate the Consumer Financial Protection Act ( CFPA ). Cashapp failed to take & measures to prevent & address fraud on their platform"
3355,Credit reporting,"Hello, my name is XXXX and I am writing to delete the following information in my file. The items I need to be deleted are listed in the report. I am a victim of identity theft and did not make this change. I ask that the items be deleted to correct my credit report. I reported the theft of my identity to the Federal Trade Commission and I also have enclosed copies of the Federal Trade Commission 's Identity Theft Affidavit. Please delete the items as soon as possible"
3356,Bank account or service,"I have a safety deposit box on XXXX XXXX in XXXX ohio, XXXX. When I was there last week XXXX the point contact of customer service for the branch made fairly loud harassing comments while pretending to just talk to the tellers. He said he would be the one giving an "" Auth '' if I was doing anything wrong in there if requested and that I must be. I was only in there for 5 minutes and he said I am bad for the bank while I was in there. I looked for him but he was not there when I was leaving. I think they are lazy and don't like the fact that I come in once every 3 weeks or so on average. I store flash drives there of my writing and don't want to be framed for causing trouble and kicked out of the bank. Next time I will address the issue if there is one with then but the branch is not a friendly environment and I did nothing wrong."
3357,Credit card,"I am XXXX XXXX XXXX, residing in Louisiana. I am requesting that my account be reviewed under Louisiana XXXX member Civil Relief Act law. I request that my interest rated be lowered to 6 % as per the statute. Along with that I am seeking reimbursement for all paid interest fees for the duration of the account that exceeded the 6 % interest rate outlined in Louisiana SCRA laws. I have attached a copy of my military orders, along with my residential lease as proof of residency in the state of Louisiana."
3358,Money transfer or service,I deposited funds on the blockchain.com platform. I would like to get them back but I can't. my identity verification is still being verified. I gave them all the necessary documents but no news. There are a lot of us in this situation.
3359,Credit reporting,"I am filing this complaint regarding a XXXX  record that I have already disputed directly with TransUnion. Despite my previous correspondence, I am seeking the CFPBs assistance to ensure that TransUnion properly investigates and corrects the inaccurate bankruptcy information on my credit report. 

I have already sent a dispute letter to TransUnion, but I have not yet received a satisfactory resolution. I would like the CFPB to assist in ensuring that TransUnion reviews the documentation and removes the incorrect XXXX entry from my credit report if it is found to be inaccurate. 

Thank you for your attention to this matter."
3360,Money transfer or service,"1. XXXX, I received money ( XXXX ) PayPal automatically converted this to XXXX which was unusual because I did not ask it to and that my account has a US dollar currency as well. 
So my account now has XXXX 2. XXXX, I paid a XXXX XXXX for a translation service 3. XXXX, I paid another XXXX to same account, XXXX, for tariff in order to expedite the translation service. Before logging out I remember I still USDXXXX something in my balance as reflected after I made the payment. 
4. XXXX When I checked my account, I now only have USDXXXX. I was shocked! Did PAYPAL just charge me more than USDXXXX for those transactions? How was it possible that it was this small when I still have XXXX dollars when last I checked. Did they make late charges? Are there hidden fees? 

5. XXXX, I contacted Paypal and informed them about my concerns. No answers, olny canned responses. XXXX, When I checked the balance, at first I did not notice but then realized the balance changed again, it's now USDXXXX. I found this really suspicious. 
6.XXXX, Finally an answer from their Chat rep but it was vague and did not really address the issue of where the missing USDXXXX is 7. XXXX After this reply the conversation was immediately closed. I was not even given time to rebut this explantion. 
8. XXXX, I tried contacting them again and eplained my concern. I even requested a full account of my transactions and all the fees incurred. 
9. XXXX. I got a reply but again, it was beating around the bush. The chat rep even mentioned that my transaction did not need coversion of currency, then why the heck did you charge me with the fee. And where did the USDXXXX dollars go? 
Paypal refused to disclose any fees they have levied on my transactions and they wont answer how my account is missing between XXXX USD."
3361,Debt collection,"I recieved a call from a company called XXXX XXXXXXXX XXXX XXXXXXXX stating i owed a balance on an HSBC credit card that i had paid in full in XXXX. I have the paid in full letter from the attorney i paid this debt debt with so i emailed it to the address they provided. XXXX. I was informed that they did not accept my letter as i either paid the wrong company or my paid in full information was fraudulant. They also said they a processing a fraud case against me and this was a felony. I thought it was odd no matter what time of the day or night i called i always got XXXX ( no last name or id provided ). He said they filing in the state of Oregon where i have not lived for several years, they did not ask my current address. XXXX XXXX. I just XXXX that number and it is one of the most frequently googled numbers in XXXX CA. XXXX XXXX is the attorney that is suing me. They refused to give me an office name, Phone number or address. They are also calling others about me, my step father my mother has passed in XXXX and he has re-married. When i said i was contacting the CFPB XXXX got angry and said all documents were void and they would see me in court."
3362,Mortgage,"I request to remove impound account 2 months after I have closed the loan with voluntary impound account, the servicer told me it's company policy to wait until 12 months of on time payment and it does not need to be on loan docs even if my request should be good otherwise. I don't agree with this explanation and request CFPB to judge on this matter."
3363,Mortgage,I got a divorce in XXXX and was with XXXX XXXX after divorce it should have never changed hands with a refinance I never agreed to a different mortgage company I don't even think I was loan any money for the refinance and have never paid XXXX bank a red cent every and they say they've been my bank since XXXX it is a scam and fraudulent the hole way through take a look what's been recorded under my name on my property both addresses XXXXXXXX XXXX XXXX and XXXX XXXX  same place same house but they use both to confuse and conflict as well as my name XXXX XXXX and XXXX XXXX same person as well as if I was married at time of record I was married XX/XX/XXXX divorced XX/XX/XXXX and conveniently my deed is lost now but recorded XXXX after divorce
3364,Credit card,"I was enroll in Autopay in XX/XX/2021. VS had a glitch in their system and the original payment did not went thru. In XXXX, VS acknowledge that the charges were wrongly applied and reversed some of the charges. In XX/XX/2021 I received a charged of {$2.00}. I call back again to remediate this issue. The representative who took my call ( XXXX ) provide a horrible customer service. The call was done on XXXX at XXXX : XXXX XXXX easter time. I asked her an identification number and she didn't provide one. On top of that she share personal information about my PIN number which is a breach of privacy. I decided to close my account on XX/XX/2021 and would like the CFPB to review my case and get my money back from VS."
3365,Credit card,"In XXXX I had filed several disputes against my supplier in XXXX for selling me fake products. I won the dispute and US bank gave me back my roughly {$2000.00} on my US Bank XXXX XXXX Credit Card. Shortly after, I received a letter stating my account was closed due to suspicious or fraudulent activity. I requested more information and the manager said it is because I had filed disputes. 

Filing disputes is a service offered by US Bank, which after I used and won ( because I provided all the proof and documents ) I was punished by US bank and had my account closed and my roughly {$700.00} of credit that I accumulated is gone. However the account has a balance of {$680.00} which keeps increasing because of late fees and interest. 

I tried to pay with the credit points I accumulated rightfully, however the bank refused and kept my account closed which affected my lively hood."
3366,Consumer loan,I received a letter form regional acceptance corporation responding to a claim I filed and the information that was documented on that statement of them responding to my claims is all incorrect and lies. I have a voicemail when the recovery guy called me 1 time and I called him right back and gave him the address and information about the vehicle. On my emails that I sent them informing them to come pick up the vehicle had the correct address XXXX XXXX XXXX. I had previously taken insurance and registration off this vehicle in XXXX as I havent driven it since XX/XX/2019. XXXX XXXX called once on XX/XX/2019 and came and picked up the vehicle in that said location that I informed regional acceptance corporation maybe two month prior the location of the car as the car hadnt moved. These are lies and I ask that this car be removed from all of my credit reports and the late charges that they have filed on my report. The information is incorrect in this letter and we can pull the files from speedy recovery to confirm with him that he only called once and only left one voicemail as I addressed and called him right back the same exact day upon getting the voicemail. If I can get a email address I can send over the voicemail.
3367,Money transfer or service,"I sent money ( {$260.00} ) via Venmo to a XXXX  relative on XXXX, XX/XX/2023 by mistake. I contacted Venmo as soon as they were open the next business day XXXX, XX/XX/2023 to inform them of the situation. I requested that the money simply be returned to my Venmo account. I verified what account I sent it to, and which account I meant to send it to. They stated her next of kin would need to contact them which they did. They electronically provided Venmo with her death certificate and her daughter 's identification. Venmo then indicated this was not enough and they would need probate papers. Her estate did not go through probate as she had no assets. They are still refusing to reverse the transaction and return my funds. The phone, bank, and debit card associated with her account no longer exists and have been closed so there is not a way to access her Venmo account directly to return the funds. The fact that they were provided her death certificate by next of kin should be sufficient."
3368,Credit card,"I had 3 store credit cards where Synchrony Bank was the bank. An Amazon Store Card, Guitar Center Card, and a Lowes card. All cards were paid and never late. All cards had {$0.00} balances. My credit report does not have any late payments. In the last couple weeks, Synchrony has closed at least 2 of these accounts without notice."
3369,Consumer loan,Three weeks ago I sent in {$100.00} for a payment its still NOT processed and the balance keeps clocking away against me. {$50.00} 2 weeks ago still not processed and of course the {$50.00} a week ago is still not processed. Its amazing that three weeks can pass and the payment is still not processed onto the balance and the bank benefits with the higher interest while not processing payments mailed in weeks ago.
3370,Consumer loan,This company is conducting illegal loans it charges over 400 % interest which is illegal in my state of XXXX XXXX its a pay day loan under the pretense of an installment loan using tribal land to conduct illegal business practices. It bankrupts the people who use its services and lies and is a predator loan company. This company is in violation of the rico act. It attempts to collect more than you owe and the interest rate is immoral. The federal government should step in and put a stop to this insane lending at interest rates that would bankrupt anyone. I am a citizen of the XXXX and not a citizen of a tribe and revoke any consent I have given you and am under federal law and jurisdiction. This is illegal and should be stopped.
3371,Consumer loan,"I took a title loan out Loan Max XX/XX/19 for XXXX dollars, with due date XX/XX/2019 but because I made a payment earlier ( XX/XX/XXXX ) to avoid the interest rate they change my due XX/XX/XXXX Instead of XX/XX/2019 They said I was manipulating the situation, that not manipulating that is business and I know from past experience with loans because I pay earlier my due date never changed This is Loan Max attempt to penalize me for paying earlier so they can gain interest and profit unlawfully .They also it is stated in the contract if you pay earlier you change the due date so you really being manipulating, penalize by loan max so they can collect more interest making less of your payment go on the principle. Also because it is the contract does mean it is legal, I have the right to pay earlier without being penalized by loan max to prevent me from doing so by changing my due date"
3372,Bank account or service,"I 've banked at ( Regions Bank ) for almost 14 years and I have been overlooking some questionable practices until today. I call, talked to a Bank Rep to "" Stop and Payment '' on two ACH 's that was being brought to my checking account a week later. Regions got the fees that same day I requested the service. I allowed enough time to stop the payments but on the following XXXX, the payments was not stopped. I call Regions and the Rep was nasty ( attitude wise ), so I requested to speak with a supervisior. The supervisor refunded my fees but the payments went through and made my account overdrawn. I was told by the supervisor that the Rep did not complete the paperwork to have payments stop. XXXX! Anyway, Regions has inconvienced me right before XXXX weekend. As soon as Im able, I will be Banking elsewhere."
3373,Credit reporting,"In accordance with the fair Credit Reporting Act the list of accounts I have attached in may letters have violated privacy federally protected consumer rights to privacy and confidentiality under 15 USC 1681.

15 USC 1681 section 602 A states I have a right to privacy.

15 USC 1681 Section 604 A Section 2 also states a consumer reporting agency can not furnish any account without my written instructions.

15 USC 1681c ( a ) ( 5 ) states no consumer reporting agency may report any items of information other than adverse items and criminal convictions record which pre dates the report by more than 7 years.

15 USC 1681s-2 ( A ) ( 1 ) states a person shall not furnish any information relating to a consumer to any consumer reporting agency if the person knows or has reasonable cause to believe that the Information is inaccurate"
3374,Mortgage,"Mr. Cooper has had numerous issues with their website since we have been transferred to them for loan servicing. I most recently tried to cancel a payment on their website by clicking the cancel button immediately after submitting the payment. The cancel button did not do anything. I tried calling but their systems were down every time I called and they were unable to access my information. I asked them to cancel that payment via secure message. Instead, they assessed a {$30.00} fee. After numerous phone calls with incompetent customer service and people who say they are supervisors, they refuse to remove the fee that was caused by their website error glitch. They are thieves."
3375,Bank account or service,"Checked account balance on XXXX to pay rent on XXXX. By morning of XXXX, account was closed. Tried to find out why. No clear explanation from Chime. XXXX  was no help. Told me to submit email to XXXX. i did. They said up to 10 days for a response. I filed with XXXX  and now CFPB. I had deposits from two jobs in this account. I had over {$2000.00} at time of closure. My money has disappeared and I am seriously financially stranded. I can't buy food or other necessities or gas for car to get to work. I opened account at different bank and diverted my direct deposits. There was XXXX notice that this was going to happen so I could make other arrangements and not he in XXXX XXXX  that Chime has left me in. This should be criminal. The screenshot attached was email from Chime sent XXXX. Nothing was sent before this date."
3376,Mortgage,"When I submitted my complaint to the AG of Oregon a case was automatically created in CFPB and sent to SunTrust. The summary section I wrote was for the AG, but the attachments had 3 requests. 1. Fix our credit 2. Remove the approx {$760.00} charges on the loan that is now serviced by XXXX. and 3. reimburse me {$100.00} for the property damaged caused. 

XXXX XXXX contains the attachments that reference all three requests but only the credit request was addressed. 

This complaint is regarding the problem with the Auto Drafting system of Sun Trust."
3377,Bank account or service,"open checking account to help myself manage my personal expensed and small investments on coins. My last deposit of {$75000.00} was questioned me by agents of Capital One 360 checking account. 
then, I sent to a reputable company a wire of {$50000.00} to buy coins and it was returned, and got an e-mail saying that my account would be closed and the balance in this checking account {$73000.00}, would be mail to me within XXXX days ( I got this on an email notification on XX/XX/22. 
Never got the reason or reasons of why. Call them several times, and it has been a month, when I call the agent says that my account is under investigation, but never discuss what kind of investigation. 
XX/XX/22 is been a whole month about this issue, and up to today, Capital one 360 restrictions answers my call telling me that the investigation still on, but account is on restrictions and closed.??? 
where is my money {$73000.00}, if they closing the account since XX/XX/22???? 
what should I do next?"
3378,Debt collection,"I am reporting this account as a result of identity theft. I did not open this account and have no knowledge of its origin. I discovered the account while reviewing my credit report, and it is negatively impacting my credit profile. 

I previously submitted disputes with Experian, Equifax, and TransUnion regarding this fraudulent account. Despite my formal disputes, the account remains on my credit report with no sufficient response or investigation results from the credit bureaus. I have provided an FTC Identity Theft Report and requested validation from both the bureaus and the debt collector, but I have not received any of the documents I requested to prove the account is mine. 

I also requested that the company provide documentation such as a signed contract, application information, IP address, device, or any identification used to open the account. To date, no verification or proof has been provided. 

Under the Fair Credit Reporting Act ( FCRA ) and Fair Debt Collection Practices Act ( FDCPA ), I have a right to dispute inaccurate or fraudulent information and to request its removal. Since no validation has been sent to me and Ive submitted an identity theft report, this account must be removed immediately from all credit reporting agencies. If the company can not prove I authorized or opened this account, it should cease all collection activity and delete the account from my credit file."
3379,Credit card,"ATTN : DISPUTE/CLIENT RESOLUTION SPECIALIST RE : ADVERSE ACTION DATED XX/XX/XXXX AND XX/XX/XXXX Recently, I, XXXX XXXX XXXX was denied an extension of credit by American Express XXXX On XX/XX/XXXX and XX/XX/XXXX, I applied for XXXX XXXX XXXX and The American Express XXXX XXXX XXXX XXXX for my business XXXX XXXX XXXX. I received an invitation to apply through U.S Mail. 

As you may be aware, it is against federal law in accordance with Equal Credit Opportunity Act to proclaim an adverse action against a consumer. Pursuant 15 U.S Code 1691 ( C ) and you assume civil liability pursuant 15 U.S Code 1691 ( K ). American Express has violated my federally protected consumer rights : 1. 15 U.S Code 5 1642 2. 15 U.S Code 1681M 3. 12 CFR 1002 Since the letter you sent me dated XX/XX/XXXX and XX/XX/XXXX is both a proof and evidence that I have been discriminated against, you are also criminally liable. American Express should resort to reasonable procedures to rectify this affair and compensate me for the use of my social security number. Otherwise, this would be considered an unauthorized use since I have received NO BENEFIT. Federal law supersedes any company policy you may have. This matter will also be reported to your regulator. 

Following this initial attempt to rectify, I will be sending an invoice to collect actual damages for said violations. 

BEST, XXXX : XXXX  Without prejudice, all natural inalienable rights reserved."
3380,Debt collection,"I have no knowledge of this debt. 
I'm requesting for a debt validation of this debt or I have no knowledge of this debt. 
I'm requesting for a debt validation of this debt or delete the negative report off my credit. 
As FDCPA you must provide phisical proof of this debt such as : original document with my signature on it, any and all cansel check, contractual agreement that you have the right to collect this debt, etc ... 
As FDCPA you must provide phisical proof of this debt such as : original document with my signature on it, any and all cansel check, contractual agreement that you have the right to collect this debt, etc ..."
3381,Mortgage,"My father and I ( his son ) are applying for a mortgage with Chase Bank to purchase a XXXX XXXX  property. We sent in the documentation that was requested by Chase Bank in early XX/XX/2021 and we did not get a response to any of our questions or a status update until XX/XX/2021 which caused us to miss our mortgage approval date requirement by the seller. There have been multiple occasions Chase Bank requested documentation that was already submitted or requested documentation that should have been listed on the initial documentation request. This is delaying the entire process which forces me to pay for unnecessary items ( Property Insurance, Title Insurance, etc.. ) that I will not recover. I have been involved with multiple mortgages through a variety of banks and this is by far the worst experience I have had. The delay of the mortgage closure is preventing me from making future financial decisions and is increasing the risk of the seller withdrawing from deal."
3382,Money transfer or service,"Currently I am dealing with the second account restriction in less than 3 weeks with Coinbase. 

Im sure you receive lots of complaints regarding Coinbase, however their support is unresponsive. I have done absolutely nothing wrong and they will not disclose why they have restricted my account or what I can do to get it unrestricted. They are holding my money XXXX. 

I was able to get it resolved 2 weeks ago, but they recently restricted me out of nowhere again a couple of days ago. Im a fully verified ( KYC ) user with the highest level of verification - government ID and address/DOB provided to Coinbase. Other than general trading on their platform, there is nothing I could have done to get a restriction. 

Coinbase will not assist me or provide any type of transparency regarding this issue. I am asking for your help. 

Coinbase case number XXXX Coinbase complaint case number XXXX Best Regards."
3383,Consumer loan,I applied for public service loan forgiveness in XXXX ; I have been making student loan payments for more than 30 years and recently retired from XXXX. Approximately 60 of my payments are not considered eligible due to different reasons. I have 90 approved payments towards 120 that are required to forgive {$90000.00} in student loan debt. I have called Mohela and the department of education multiple times over the last two years and have been on hold for hours and have not been able to resolve this issue on my own.
3384,Debt collection,"I XXXX XXXX XXXX again, want the copy of the Original purchase agreement for this contract. I also request my 1099-c form that I have not got.per 15 usc 1681-A and per 15 usc 1681 ( e ) B!!! please handle and remove from all XXXX credit reports. Violation of fcra Per 15 U.S. Code 1681 A, B, and C. And per 15 U.S 6802. I request you to remove these items now from all XXXX credit reports. Company has written as a tax write off on their taxes yet your billing again?? Inaccurate reporting/ collection. This is now being part of litigation have asked repeatedly for the 1099-c and Multiple disputes and STILL have not received. These disputes are being poorly handled which is why its being referred to litigation. All disputes is save in my history and yet nothing get done"
3385,Money transfer or service,"I tried to cash my money order at Walmart, and it wouldn't process. They then further mentioned they couldn't process my request because my credentials were on hold, and that possibly because someone used my identity to make a XXXX dollar check cash back in XX/XX/2020."
3386,Credit card,"I made payment to american express card but due to some error it got declined and my bank charged me {$30.00} and AMEX charged me XXXX XXXX then I chat with AMEX and tell them about it and they returned my fee. I also call my bank and tell them about it and due to my good history they gave my money back and asked me to call AMEX to inform that do not try to pull payment again ( generally institution pull amount for three time incase it get declined ). So, I chat with amex and they assured me that their institution won't try to pull the payment but still they did next day back to back two times. Then I called amex again and discuss about it for half an hour and they were trying to manipulate. Then I told them that I have written proof that your agent gave me and I will go legally against this. Then representative agreed to give {$60.00} fees back to my account. But when statement was generated I didn't get that amount and when I called again they changed their word and they said we will call you after we look into it, still they did not call me back. 

I called them on XX/XX/2019 around between XXXX to XXXX, you can check call recording and they agree to pay that amount but now they change their word. 

I have case id : XXXX which was given to me on XX/XX/XXXX by representative who assured me for that {$60.00} amount."
3387,Credit reporting,"Navy Federal Credit Union is reporting derogatory information onto my consumer report that needs to be removed. I didn't give consent to Navy Federal Credit Union to share my information with a non affiliate third party entity. The Gramm Leech Bliley Act 15 USC 6801 says that a financial institution must protect against unauthorized access or use of such nonpublic personal information which could result in substantial harm or inconvenience to any consumer. 15 USC 6802 also state that except as otherwise provided in this subchapter, a financial institution may not, directly or through any affiliate, disclose to a nonaffiliated third party any nonpublic personal information, unless such financial institution provides or has provided to the consumer a notice that complies with section 6803 of this title. Per 15 USC 6803 ; Navy Federal Credit Union did not clearly and conspicuously give me the option to opt-out of credit reporting as it states in the Gramm Leech Bliley Act. I am asking Navy Federal Credit Union to Cease and Desist all communications through any and all mediums unless it is for a specified remedy that I am invoking. The term "" Communications '' through any and all mediums would be telephone, email, social media and any consumer report listed but not limited to : XXXX, XXXX, XXXX, XXXX, XXXX, XXXX XXXX, XXXX, etc... This notice is pursuant to 15 USC 1692 ( c ). The term Communication pursuant to 15 USC 1692a ( 2 ) means the conveying of information regarding a debt directly or indirectly to any person through any medium. The alleged debt is reporting onto my consumer report which is a form of communication and I need this account removed. This is also a direct violation of 15 USC 1692d ( 1 ) as my consumer report is my reputation and because this derogatory account is being reported and causing harm to my reputation I am entitled to compensation under 15 USC 1692 ( k ) of monetary relief of {$1000.00} for each violation listed."
3388,Mortgage,"Good morning, We have an existing mortgage with M & T Bank. However, they have been negligent in following up about taxes and overpaid the taxes due to an error of their own. 

Our new home was built on a former plot and it had a specific plot number. However, on the same plot there are two new homes. M & T did not bother to check with the town and decided to overpay taxes by nearly {$15000.00} that increased our mortgage amount by $ XXXX/month because of an error on their part. 

The town has acknowledged that the bank overpaid. The bank has acknowledged that they have overpaid. However, the bank has not credited us the amount of the overpay. 

We would like an immediate relief in the following format : 1 ) full refund of overpayment 2 ) interest for the amount of overpayment 3 )  recalculation of mortgage payment Thanks, XXXX"
3389,Consumer loan,"I have been making electronic check payments to Navient. It takes about 5 days before they are posted. They do n't give a confirmation number when you submit them. In addition, there does n't seem to be any customer service contact number."
3390,Bank account or service,"I had {$4000.00} on my Citi bank savings account XXXX. 
On XXXX, XXXX XXXX Citi bank made transfer from this account {$19000.00} to my Citi savings account XXXX to cover it's overdraft ( this account was overdrawn because of unauthorized transaction and currently under investigation ). As a result of this transaction my account XXXX become overdrawn {$15000.00} and Citi bank close this account."
3391,Credit reporting,I have repeatedly asked Experian to remove bankruptcy from my account it clearly goes against the fair credit act law as the u.s bankruptcy court of XXXX does not report any information involving bankruptcy directly to any credit bureau! I ask to be presented proof of this. If not please delete immediately off of my credit report. Am Experian employee lied to me and said the courts provided information on it to them which is against the law I have this conversation recorded which is attached down below
3392,Credit reporting,Account Name : XXXX Account Number : XXXX XX/XX/XXXX Reason : Unverified account Account Name : XXXX Account Number : XXXX XX/XX/XXXX Reason : I don't recognize this account Account Name : XXXX XXXX Account Number : XXXX XX/XX/XXXX Reason : I don't recognize this account
3393,Credit card,"I issued payments to KLARNA via my bill pay through XXXX XXXX in XXXX XXXX, fl. I used the address on their acct information in OHIO and both bank checks were ( for two months ) were returned to me as undeliverable. I them paid KLARNA direct from their website. You can not get through to them via phone, everything is chat. They agreed to remove the negative comment on my credit but I had to determine what day the entry was made, I was unable to do so. Can you investigate for me I would appreciate it. Thank you XXXX XXXX XXXX"
3394,Consumer loan,"Purchased my 3rd Carvana vehicle back in mid XXXX. Was told payoff of trade-in, also purchased through Carvana, would be paid off within 10 days. After two weeks and no payment received at the bank, called back into Carvana and was told that payment was already made and to give more time. Called back in after a few more days and was told that the original payment was never made and that there had been a glitch. Was told that payment was being mailed out that same day and would be providing tracking info. Received tracking info later that day that turned out to be bogus. No check had been mailed. I remained in contact with the bank who has to-date still not received payment after 6+ weeks. I have made payments on both cars now and have another payment due on a car that has been in Carvana 's possession for 6 weeks now. In speaking with Carvana rep again, relayed that pay-off bank was requesting payment be made by over-night check complete with relayable tracking number. Was told by Carvana rep that they would do that today and have the tracking number emailed to me and posted to Carvana account by XXXX today. As we were wrapping up call, the system updated and the rep explained an issue that the agreement was posted incorrectly and that they were not sending a check, but going to attempt a transfer ( after failing at least 2 times over 6 weeks ) again. I reminded rep about need for tracking info and the agreed upon overnight check. Rep agreed and reached back out to funding about our agreed upon terms and was simply told that they were no longer overnighting the check. Rep 's hands were tied and could not override their funding department. Tried multiple times to communicate the agreed upon arrangements with them and was rejected. I have 0 confidence in Carvana 's ability to do what they say at this point and would like consumer protection to investigate their practices."
3395,Mortgage,"I have underwent a home loan modification with CitiMortgage. The agent explain to me as long as I make the XXXX payment ontime they will not report me negative to the credit bureau 's. But overall, I have been trying to get this matter cleared up since the long modification went through on my home. I made all payments on time and have not been late on payments since this modification. I have yet to get Citi Mortgage to hold their end of the agreement to make a correction to my credit report. Please help in this matter. I have been hung up on by several rep 's with no showing of concerns."
3396,Bank account or service,"I made purchases from an online merchant ( XXXX ) and experienced multiple issues involving billing, cancellation, and non-delivery. On XX/XX/XXXX, I placed an order totaling {$340.00}, which was split into XXXX charges of {$220.00} and {$120.00}. I canceled this order before it was fulfilled. The merchant acknowledged issues with the transaction, including a duplicate authorization, and stated that the charge would be released. Despite this, the order was still processed and I was charged. I did not receive the item. Additionally, I was charged for another item that I did not receive. The merchant initially acknowledged issues and later provided conflicting information, including stating that the item was delivered despite my report of non-delivery. I followed all instructions provided by the merchant, including reporting the missing package and complying with their process. Ultimately, the merchant instructed me to dispute the charges with my bank. I filed a dispute with my bank, SoFi, on XX/XX/XXXX and provided supporting documentation, including : Proof of cancellation Evidence of non-delivery XXXX records showing the merchant acknowledged billing issues and advised me to dispute the charges Despite this, my dispute has not been resolved. Due to the delay in resolving this issue and returning my funds, my account has been negatively impacted and has fallen into a negative balance. This has caused financial hardship. If this situation were reversed, I would be subject to fees or penalties, making this outcome unfair. I have made good faith efforts to resolve this issue with both the merchant and my bank but have not received a resolution."
3397,Mortgage,"Bayview Loan Servicing currently holds my mortgage, I requested a loan modification and they denied it because they claim that I defaulted on a modification in the last 12 months but I have not had a modification in the past 12 month my modification was almost 2 years ago. They only allow me to speak to one dedicated representative who is never available and when I try to schedule an appointment with this person, no appointments are available. I have sent at least 5 email and left at least 5 voicemail to the dedicated representative and have not received any response. I have also requested an appeal of the modification they just rejected and to be placed into a Forbearance and Bayview has not responded to either request. This is starting to feel like predatory lending. I have a lot of equity in my home and I don't want to loose it, I have been making my payments but they are not being applied to my loan, even though they are accepting the money."
3398,Consumer loan,"On XX/XX/year>, we bought a new car from XXXX XXXX but then after a week, we cancelled several options and service contracts from the dealership since we no longer considered them as necessities. XXXX XXXX also confirmed with me and my mom that they would reach out for contact and reduced the loan down by {$5500.00}, meaning the loan originally was {$26000.00} now is supposed to be {$21000.00}. The new loan was approved and signed by the XXXX and the one who financed the original amount to us. However, they never reached out to my mom at all and kept the original loan with high interest rate. When we tried to contact the dealership, they said that that they already updated and we owed $ XXXX in general but the original loan was still shown as {$26000.00} in Capital One not {$21000.00}. It has been several months but they still havent corrected this mistake at all despite we tried to reach out and wait for the dealership to contact my mom-the main borrower and owner of the car"
3399,Debt collection,"In accordance with the fair credit Reporting Act XXXX account # XXXX 15 U.S.C 1681 section 602 A. States i have the right to privacy.

15 U.S.C 1681 section 604 A. Section 2 : It also states a consumer reporting agency can not furnish a account without my written instructions I did not sign a contract with Kingston Data and Credit International so for that reason i should not owe the debt they're trying to collect."
3400,Debt collection,"The collection agency ( AARGON ) is trying to collect an old debt from XX/XX/XXXX they haven't mailed me any information bout this debt which the STATUE OF LIMITATIONS on the account has expire in the state of Delaware, they also have on my credit report that the account was active until XX/XX/XXXX and Closed in XX/XX/XXXX I haven't live in PA in years because of a Domestic situation and had to relocate the original agency knows this is an old debt and didn't send me any documents regarding an options of this matter and I want it taking off"
3401,Debt collection,"Date   XXXX     Amount  XXXX  Company :  Phoenix Financial Service , for  XXXX   XXXX   XXXX   XXXX  Received call from company representative on approximately  X/XX/17.  Was told it was attempt to collect debt. Company representative told me who the debt was for. I expressed some confusion over debt given the billing timeline and not receiving bill for services and being confused about the name being collected for vs. the hospital the representative later said it was for. Company representative gave me an email he said I could email but told me not to use info on the company site because it would send "" another validation of debt '' letter. At the time, I thought it was a little odd that he said that because I had never received any mail from the company or a letter for a validation of debt. He went on to ask if I wanted to pay anything and I said, no because I needed to know more about the debt. He reiterated that I should contact the email he gave me. After the call, I looked up my credit report the next day and noticed that the report from the collection company was placed for collection well after I had visited the hospital the representative claimed this debt was for. Believing this was not my debt and an error, I filed a report with the credit burea u (  XXXX  )  who said more information was needed. I later after more investigation to get ready to write a debt validation letter, found out that it was agains the Fair Debt Collection Practices Act for the debt collector to advise me against seeking Validation of Debt, especially when I was talking to the representative about trying to understand about what the debt was for. The company and company representative knowingly and purposefully advised me against this."
3402,Money transfer or service,"I am filing a complaint against Cash App ( Block , Inc. ) due to inadequate customer service and unfair practices, which violate the Consumer Financial Protection Act ( CFPA ). Specifically, Cash App failed to take timely and effective measures to prevent and address fraud on their platform, leaving my account vulnerable and unprotected. Furthermore, their dispute resolution process was unfair and deceptive, as they did not comply with error resolution requirements under the Electronic Fund Transfer Act ( EFTA ) and Regulation E. These actions have caused significant inconvenience and financial loss, and I seek appropriate redress for these transactions."
3403,Debt collection,"So this XXXX account was previously with XXXX, XXXX. I sent a letter requesting debt verification in with XXXX in late XXXX of 2019. They never responded with debt verification but sold the debt to I C System which they opened the account in XXXX of 2019. I sent a dispute requesting that I C system verify/validate the debt through XXXX and they only said that it was verified, they never sent me the requested proof of validation nor did the send me a notice of debt which is required by US CODE 1692. I have asked for proof that this debt is mine from XXXX, and then this creditor on multiple occasions and they have sent me no proof at all but continue to report this debt illegally and change the dates of the balance being reported. 

I am requesting proof that this debt is mine and proof that they sent me a notice of the debt when they first purchased/opened it in 2019. The debt is not verified and there for should not be reported with out proper verification, including the paperwork from the original creditor ( XXXX ) and proof of their purchase from XXXX, XXXX."
3404,Consumer loan,"am writing to formally dispute the reporting of a XXXX late payment for the student loan account listed below. This derogatory mark is inaccurate, misleading, and must be corrected under the Fair Credit Reporting Act ( FCRA ). 
Account Name : MOHELA/XXXX  Account Number : Unavailable I have been attempting to access this information as I never created an account Reported Error : XX/XX/year> XXXX Late Payment This loan was previously under administrative forbearance during the federal student loan payment pause, and I was under the good faith belief that it remained in deferment or forbearance status at the time the reported late payment occurred. 
I did not receive any communication, billing statements, or past-due notices from the loan servicer informing me that payments had resumed, were due, or that the loan was no longer deferred. 
Up until this error, my credit report has shown On Time payment, even in the month prior to the XXXX late payment status, which directly contradicts the claim that I was 90 days delinquent in XX/XX/year>. Logically, if I was truly 90 days past due in XXXX, there would be no way for XXXX to be reported as on time. This discrepancy proves that the account reporting is factually inconsistent and should be corrected immediately."
3405,Bank account or service,"I opened a checking account with Bank of America in XX/XX/XXXX and made direct deposit totaled {$4000.00} by end of XXXX to qualify for the sign up bonus. The advertised terms state that the bonus would be posted within 60 days after fulfilling the requirement, but it hasn't posted as of today. I first called BoA customer service on XX/XX/XXXX and the representative ensured that I qualified for the bonus and put in an escalation for me. She said the investigation would take 7-10 business days. I called again on XXXX and the representative said there was no update and I should check my account in a week for the bonus and call back if nothing. As of today XX/XX/XXXX, there is still nothing, and I doubt calling BoA customer service for the 3rd time will lead to any progress at this point."
3406,Credit reporting,"Naviant keeps putting on my credit profile a delinquent account every month which is hurting my credit score. The offending account is over 15 years old and should not be showing up on my credit report every month as Collection/Chargeoff. 
Delinquent AccountXXXXXX/XX/XXXX Delinquent AccountXXXXXX/XX/XXXX Delinquent AccountXXXXXX/XX/XXXX Delinquent AccountXXXXXX/XX/XXXX Has went on every month for the past several years!!! 
I want them to stop reporting it as Collection/Chargeoff every month as I'm trying to rebuild my credit. This account should be resolved and even if it was still in collections, it should not show up every month as such, as others don't. It's in there one time when it's happening and it's not reported on a monthly basis. 
Thank you"
3407,Consumer loan,"The company emailed me stating I was pre-approved for an offer. I wanted to look into the offer, but made it known that I did not want a hard pull to my credit. After being approved for the pre approval process, I decided to move forward and attempted to go through the entire process to get approved. I understood my credit would undergo a hard pull for the purpose of receiving funds. I was told I was officially approved for XXXX XXXX dollars online.Then a representative called me and stated, I had to refinance my vehicle under one main financial in order to get approved for the loan and that the loan would be for {$7000.00} and not {$15000.00}. He asked me for additional information which I provided. And then told me, I was not eligible for the loan at all. When I asked why I received an email confirmation stating I was approved for {$15000.00}, he stated he could not tell me why that would happen. He stated there was nothing he could do about. The horror pool to my credit. I feel like I was tricked into providing very sensitive information and having a hard pull on my credit. I feel like this company exploited me during weakness. I can not afford a hard pull to my credit as I am already trying to get out of other debt."
3408,Mortgage,"I have requested to great extent that Wells Fargo who is the servicer on this loan, allow me a work out plan that will be beneficial for all. I am only late four months with this mortgage. After 30 days of my request for a loan modification I received a letter from Well Fargo to say that my application was unsuccessful due to my income. However, at the same time of my request for a loan modification I was also in the process of selling my home at XXXX XXXX XXXX which, its mortgage was consider an expense in my household expenses. 
Just to familiarize you with my hardship, it all occurred during and after the market crashed. The rising cost related to subject property, tenants defaulting on the rent and must painful and horrific the loss of XXXX   XXXX. I am an XXXX. 
Not only did I lose my income, but I also lost my health.. All I could think about it was the devastation that this economy introduce to me. 
Unfortunally, after all the struggling in 2010, I was admitted to XXXX XXXX  in CT. under XXXX care due to circumstances beyond my control. This was a long unexpected journey. I was there for 3 years.. 
I have enclosed medical records to Wells Fargo. Have updated all kinds of documents concerning my financials to no success. 
All I am asking is for Wells Fargo to give me the chance of giving me a lower Trial payment. This is what I can do for the moment. {$5.00}, XXXX. 

Please I want to keep my home. 
I am now competent to make financial decisions and handle my financial affairs. I am determined to maintain my financial current I am also confident that I'm able to afford payment based on my wife 's and my present income. 
Please I need to lower my rate, and extent my terms of the loan and adjust my principal. Refinancing is not an option at the moment. The subject is under water. ( See appraisal ). 
Kindly confirm receipt of this request and advice as to the next step."
3409,Debt collection,"In the complaint XXXX ; The part of Bank of America was closed because they said that I was not authorized to receive information about this loan. The XXXX of XXXX, I spoke by phone with the specialist XXXX XXXX and I explained to her that I had also signed the loan origination documents. They decided to send me by mail the documents of authorization that I never received. 

I am including the documents of origination of this loan to demonstrate that I also signed this loan meaning that I am authorized. I also include a letter of XXXX recognizing that I am part of this loan. I need that Bank of America review carefully this documents to they can cooperative with this complaint I request that the Bank of America send the required information to be able to solve this case. It was not fair that my case gets closed. I request that you talk with Bank of American because I have a right to receive that information, because I was the one who paid that loan and was sued by Countrywide. 

The loan is under the name of XXXX XXXX XXXX XXXX, my ex-husband and I, XXXX XXXX XXXX XXXX."
3410,Mortgage,"I'm a XXXX veteran with a XXXX property credit. Instead of Rocket mortgage viewing the tax detail report sent over by XXXX XXXX here in Ohio. They assumed I didn't have a property tax, even doe they got the escrow taxes correct last year, they assumed I didn't have a property tax this year, so they weren't putting it to the side. Now from their error i have a shortage, which increase my payments by {$870.00} per month. I can't afford this new payment. I've never missed a payment, now an error on rocket mortgage will have me to foreclose."
3411,Mortgage,"My mortgage was transfer to Green Tree Servicing LLC in 2013. I have applied for a modification and also to do a short sale with Green Tree. Green Tree has denied me both options. I have asked Green Tree To validate the debt and they refuse. Green Tree has foreclosed on my house when their statements clearly says that they are a debt collecting agency. A debt collection can not foreclose on a property that is not theirs! BEFORE Green Tree foreclosed on me, I sent them a payment for {$80000.00} ( via USPS via Register Mail ) and they returned it back to me and proceeded with the foreclosure! I am ready to sue and take legal action! How can I get involved with the class suit against Green Tree?"
3412,Credit reporting,"I was enrolled in a forbearance program with XXXX ( XXXX XXXX ) due to XXXX XXXX and resumed payments as agreed. Despite this, they inaccurately reported XXXX consecutive late payments, XXXX, XXXX, XXXX, and XX/XX/XXXX, while I was still under the approved forbearance. This directly violates XXXX XXXX of the CARES Act, which states that any account that was current before entering forbearance must continue to be reported as current throughout the relief period. 

To make matters worse, the reporting itself is inconsistent and shows clear error : the third and fourth months ( XXXX and XXXX ) are marked only as XXXX days late, which makes no sense, those should be showing as XXXX and XXXX days late if they were truly unpaid. This contradiction alone highlights how inaccurate the reporting is. 

Ive been a loyal XXXX cardholder for XXXX  years with a perfect payment history. To be penalized like this during a national emergency is not only unjust... its ludicrous. From XX/XX/XXXX through XXXX, I have made multiple attempts to correct this. I submitted letters, spoke with upper management, and even contacted XXXX XXXX office, spending hours trying to resolve this. I was also battling a serious health crisis during that time, and still acted responsibly by entering the forbearance agreement and honoring its terms. 

This type of reporting is not only in violation of the CARES Act but also falls under COVID related credit reporting abuse, which the Consumer Financial Protection Bureau ( CFPB ) has warned creditors against. The FCRA holds data furnishers accountable for accurately reporting consumer data, and XXXX has failed to comply with those standards in this case. 
Sincerely, XXXX XXXX"
3413,Credit card,"Attatched USAA FRAUD letter XX/XX/XXXX CREDITS FRAUD CLAIM DATE XX/XX/XXXX {$470.00} attatched statement of XX/XX/XXXX ONLY CREDITS FROM MERCHANTS. attatched XX/XX/XXXX statement confirms {$700.00} OTHER **INTERNAL CREDITS. attatched XXXX XXXX OTHER I** NTERNAL CREDITS OF {$2.00}, XXXX = {$3.00}, XXXX. SHOW PROOF USAA PERMANET CREDITS {$3.00}, XXXX EVER LOWERED THE BALANCE. XXXX Please Provide WRITTEN PROOF OF EACH PURCHASE AND WRITTEN PROOF THAT ALL DELIVERIES WERE DELIVERED INTO MY HANDS. Kindly Note ( USPS ) DELIVERIES UNDER CRIMINAL INVESTIGATION. case DOCUMENTATION PROVIDED."
3414,Credit card,"I opened a XXXX XXXX card account in XXXX and received my card and activated it. I called Chase and asked them to move my available credit from an existing card to my new card as I wanted to make a large purchase. I then closed my old card account. 

On XX/XX/XXXX, I attempted to make the purchase. My card was declined. I called Chase and asked why my card was being declined. They could not figure out why it was being declined, It showed my credit limit of {$30000.00}, no outstanding balance, but XXXX available credit. Customer service could not see the transaction trying to post or be declined. They had to refer me to the fraud department. I spoke to the fraud department and they could not determine the status of the decline. I was then told by the fraud department that my case was with an escalation fraud team and they would have to call me back. I specifically asked if i would get a call back that day and was told yes. I was making a purchase that had a XXXX discount if I paid it in full on Friday the XXXX. I did not receive a call back on Friday. 

Today is Thursday XX/XX/XXXX and I still have not had a call back from ANYONE at Chase. So I called in today and closed my account. I will NEVER have another account at Chase. 

I lost the discount on the purchase I set this card up to make and again have NEVER gotten a call from Chase to explain why my card was declined. 

I opened this card in good faith and feel the Chase has treated my unfairly and by not receiving a call back or Chase being able to explain my account, they have deceived me. Now, I have an inquiry on my credit report for this card, and an opened and closed account will reflect. I have an excellent credit score, and this will affect it."
3415,Credit card,"I purchased an item from Home Depot interest-free fro six months. XXXX, XXXX, told me that there would not be any interest for six months. Butas I was making payments, they added interest, back dating the initialdate of purchase. Now without resolving this problem, they have inflatedthe amount by adding interests, which is not proper at all. Additionallythey cut down my credit line to the amount owed to them"
3416,Debt collection,"I received a letter dated XX/XX/XXXX from XXXX XXXX stating that they were hired to collect an alleged debt of {$540.00} that originated with XXXX XXXX. That letter is attached. I received a follow up letter dated XXXX, XXXX. This letter is also attached. I have never opened an account with XXXX XXXX and suspect fraud here. More importantly, there is no such personal loan account on my credit report ( also attached )."
3417,Credit reporting,"I disputed inaccuracies in my consumer report with Transunion and I received a notice back that the errors were not corrected. I have no current contract with  XXXX   XXXX ,  XXXX   XXXX    XXXX   XXXX  ,  XXXX ,  XXXX   XXXX  or  XXXX   XXXX  Credit Card. I am being damaged financially due to this false information in my report. These accounts have been removed from other bureaus due to not being valid. But Transunion continues to harm my ability to participate in commerce."
3418,Bank account or service,"Regarding : XXXX 's response to CFPB XXXX. XXXX states ; "" The Firm proactively charged the clawback on XX/XX/year> and immediately offset the clawback with the goodwill funds of the same amount as a courtesy to you and at your request to keep the full bonus. '' & "" Please note goodwill credits are considered income and are tax reportable. '' It does appear Robinhood has completely misunderstood ( or intentionally disregarded ) the point I have repeatedly made.

1. Robinhood forced the account closed. I did not concur.

2. Without my consent, Robinhood instantaneously withdrew a Clawback fee amount equal to the bonus, without any action taken on my part. I had not initiated an ACAT or any action to close account. 
3. Robinhood you never met the original contract or terms of the offer and forced the account closed.

4. The good will credit helps, but does not meet the obligations of Robinhood regarding the situation.

5. Robinhood should have waived the Clawback fee, they did not and now as a result, I will have to pay {$2000.00} in taxes on money I did not receive, because Robinhood offset the goodwill credit with an instantaneous Clawback of same amount. 
6. The ethical, legal, correct, and clear solution would have been to waive the Clawback fee.

7. To meet Robinhood 's obligations, Robinhood must compensate me for the additional taxes owned on money I never received as you applied a credit and instantaneously applied a Clawback fee of the same amount. 
8, It almost appears to be a trick to punish a customer who met their part of the agreement, because the customer complained when Robinhood failed to honor their side of the agreement."
3419,Debt collection,"My name is XXXX XXXX, this complaint is not made in error nor is it being made by a third party. I declare under penalty of perjury I am alleging that a person or company- without my authorization- from unauthorized use of my social security number and card used my personal identifying information to apply for goods, services, or money ; and, was successful in creating some account. I have no knowledge of this and all is being investigated by the FTC and Under 15 U.S. Code 1681b Permissible purposes of consumer reports I never gave any written consent to report anything on my consumer reports... no consent is fraud. Please delete the account below from my report : NATL RECOVER ( Original Creditor : XXXX XXXX XXXX XXXX ) XXXX Date Opened : XXXX/XXXX/XXXX Balance : {$150.00}"
3420,Credit card,"I am writing this letter to inform you of a concern on my PayPal account XXXX. I made a payment of {$140.00} on XX/XX/year> by contacting my bank ( XXXX ) to use their Bill Payment system to complete the payment. I was able to reach an agent, who confirmed to me that the payment was processed and provided me with a reference number as a record. Unknown to me, the agent did not complete the request, and as a result the bank did not process my payment to your company. I found this out when I received a credit alert on XX/XX/year>, and I made payment immediately online that same day for that past due amount, and then contacted my bank to discuss the issue and find out what happened. In that conversation, that is when it was discovered that the phone agent never completed my request. XXXX acknowledged their error and provided me with a letter to confirm their mistake. The {$140.00} would have covered the past due amount owed by XX/XX/year> and avoided this issue and not reported to the credit agencies. I am providing that here along with this letter, and asking that as a long-term client, you take this into account and consider to remove the negative reporting that this has caused on my credit reporting, as that is now having an impact on a current home refinance. I respectfully ask that you consider the enclosed details to remove any negative reporting due to the error from my bank."
3421,Mortgage,"I fell behind on my mortgage around XX/XX/2017 due to slow work and less money.I am also taking care of a XXXX grandchild. I am really struggling in life. I tried my best to keep up, but the money just keeps accumulating. I became so desperate and stressed out. On XX/XX/XXXX I applied for mortgage assistance with my lender Vanderbilt Mortgage. I then received a letter dated XX/XX/XXXX offering me {$500.00} to vacate my home by XX/XX/XXXX. I received the letter after XX/XX/XXXX. So, they basically gave me a week to vacate for {$500.00}? How dare they? {$500.00}?? What am I going to do with {$500.00}? Then a letter dated XX/XX/XXXX arrives asking for {$2100.00} and then they'd bring me back to current and denied my application because it was their "" belief '' that I can afford the payments with the current terms. So first {$500.00} to basically go homeless and then just magically pay them {$2100.00}? Are they crazy. They are really a nasty bunch. My interest rate is 12.72 %!!! And, I am not by any means wealthy. I just want some payment relief so I don't get into this situation again. These guys are a real bad bunch. I need help. Please."
3422,Mortgage,"Originally submitted loss mitigation application on XX/XX/XXXX. Was informed that paperwork was incomplete ( stated that the pay stub submitted for XX/XX/XXXX had been cut off and was not showing all of the deduction information ). Re-submitted XX/XX/XXXX paystub and XX/XX/XXXX paystub on XX/XX/XXXX. Also informed customer service that I was a XXXX and was paid only once a month. At that point, I was informed to re-submit the application, noting that I was a XXXX  on an 11 month contract. I re-submitted the application on XX/XX/XXXX and included XX/XX/XXXX pay stub in addition to XX/XX/XXXX and XX/XX/XXXX. On XX/XX/XXXX I contacted the company for an update and was told that i needed to provide the correct tax form. I submitted the tax form on XX/XX/XXXX. I contacted the company for an update and was told once again that my pay stub was missing information. I informed the company that my pay stub was complete and that I explained to the customer service rep how to read my pay stub and where to find the info that was needed. The rep made a note in my file for the underwriter. The rep also informed me that I needed to submit a new paystub for the month. On XX/XX/XXXX, I submitted my pay stub for XX/XX/XXXX. I called a week later for an update and was informed that the pay stub was incomplete. I explained once again how to read my pay stub and was told that a note would be put in my file. On XX/XX/XXXX, I received a letter informing me of my denial with the reason being incomplete package. I called the company on XX/XX/XXXX and was told that the denial was due to my pay stub being incomplete. Once again ( for the third time ) I explained how to read my pay stub and informed the rep that I am only paid once a month. The rep put me on hold and came back to the phone to inform me that there was nothing she could do and that I would have to submit a new application and start the process over. A new application was emailed to me on XX/XX/XXXX."
3423,Mortgage,"Payments on my mortgage loan are due on the XXXX of each month. Between the months of XXXX and XX/XX/XXXX payments were wired to my mortgage company, yet they claim that I was late because they did not apply the XXXX payments to my account and returned the wired payments back to me. 
I have no idea why PHH Mortgage Services would do this to me and then report that I was late on my mortgage when I have consistently overpaid my mortgage and am actually paying off the note almost XXXX years before it is due ( its a XXXX  year term ). 
I am including a letter from PHH Mortgage Services where they confirm that they received the XXXX payments on XX/XX/XXXX, XX/XX/XXXX, and XX/XX/XXXX. PHH also confirms in their letter that they returned the payments back to me instead of applying those XXXX payments to my account. 
Whatever reason XXXX gives as to why the payments were returned is irrelevant as payments were wired to XXXX and should have been credited to my mortgage/principal/interest/etc. If any overpayment was made, XXXX should have just sent me a refund check ( just like I would receive if I overpaid my credit card, or car loan, or any other credit account ). 
Instead of XXXX being a good servicer of my loan, they returned the wired funds causing my loan to appear delinquent. This reporting made my score drop by about a XXXX points. 
Of course I have attempted to clear this issue up with XXXX 's customer service, however, XXXX is not taking any responsibility in this matter and continue to show lack of customer service, poor judgment, and refuse to make any corrections to my account and credit reports. 
XXXX claims they are reporting accurate information, however, I did not make my payments late! My XXXX payments were wired to XXXX in a timely manner and they should not be reporting any negative information as they are the ones who returned my payments!"
3424,Credit reporting,"Hello, my name is XXXX XXXX XXXX, and I am writing to delete the following information in my file. I am a victim of identity theft and did not make the charge. I request that the items be deleted to amend my credit report. I reported the theft of my identity to the Federal Trade Commission and I also have enclosed copies of the Federal Trade Commissions Identity Theft Affidavit. Please delete the items as soon as possible. 

Based on, 15 U.S. Code 1681c2 a consumer reporting agency shall block the reporting of any information in the file of a consumer that the consumer identifies as information that resulted from an alleged identity theft, not later than 4 business days after the date of receipt.

It has been 30 days and you are in VIOLATION of this law because I am a victim of identity theft!! Please delete these items as soon as possible!

These accounts should not be furnished on my consumer report as they are in VIOLATION!!! Under, 15 U.S Code 1681b - Permissible purposes of consumer reports ( a ) IN GENERAL Subject to subsection ( c ) any consumer reporting agency may furnish a consumer report under the following circumstances and no other : ( 2 ) In accordance with the WRITTEN INSTRUCTION of the consumer to whom it relates. I NEVER gave any consumer reporting agency WRITTEN CONSENT to report anything on my consumer report which violates my rights as a federal protected consumer. NO CONSENT IS IDENTITY THEFT. As a consumer I am demanding the deletion of the accounts listed IMMEDIATELY."
3425,Debt collection,"Portfolio recovery associates is sueing me for money damages. XXXX, XXXX XXXX On XXXX. They are a collections company taking me to court in XXXX XXXX Tx. XXXX XXXX is the law firm that will attempt to serve."
3426,Credit reporting,"In accordance with the fair credit Reporting Act. 

XXXX XXXX XXXX XXXX XXXX XXXX XXXX  This creditor have violated my rights. 

Under 15 USC 1681 Section 602 states I have the right to privacy.

Under 15 USC 1681 Section 604A section 2 States A consumer reporting agency can not furnish an account without my written instructions.

Under 15 USC 1666 B Section States a creditor may not treat a payment on a credit card account under an open and consumer credit plan as late for any purpose."
3427,Money transfer or service,"I am filling a complaint against Cash App ( Block inc. ) due to inadequate customer service and unfair practices, which violates the consumer financial protection act ( CFPA ) specifically cash app failed to take timely and effective measures to prevent and address fraud on their platform. Leaving my account vulnerable and unprotected.

Further, the more dispute process was unfair and deceptive as they did not comply with error resolution requirement under the electronic fund transfer act ( ETFA ) and regulation E.

These actions cause significantly inconvenience and financial loss and I seek appropriate redress for these violations."
3428,Credit card,"A letter from Wells Fargo was sent to my parents home address ( used to be my address too last about 8 years ago ) stating that identity verification was needed to open a credit card but I never applied for it. My mother sent me a picture of this letter after opening it. I called Wells Fargo today XX/XX/2024 at about XXXX to inquire about whether or not the credit card application was approved. The fraud department collected my information and told me that there was in fact an open application under my information, and that they would close or deny the application and told me to report this incident on XXXX. XXXX redirected me here."
3429,Credit reporting,"I am writing to formally dispute the placement of my federal student loan account into forbearance and/or delinquency without my knowledge or proper notification. These actions, taken unilaterally by XXXX, have significantly harmed my credit score and financial standing. 
According to my records, my loan was placed into forbearance and/or reported as delinquent around XX/XX/year>. I did not request, authorize, or consent to any forbearance status. 
I received no advance notice of this change, nor allowed to contest or opt out of the action. On XX/XX/year>, I received an email stating I was four months behind on payments. However, my credit report from Equifax and XXXX, reviewed on XX/XX/year>, shows that delinquent status had already been reported as of XX/XX/year> ( Contacted by Fasfa via Email XX/XX/year> ). This timing demonstrates that my account was marked delinquent before any communication from XXXX. 
Additionally, my records show that XXXX first contacted me about a forbearance status on XX/XX/year>, in response to my application for an Income-Driven Repayment ( IDR ) plan, which I submitted on XX/XX/year>. That was the first and only communication I received regarding the forbearance, and it came after the status change and credit reporting. 
This mismanagement has resulted in serious negative marks on my credit report, including a reported 90-day delinquency. I was not notified of this delinquency until well after it was reported to the credit bureaus."
3430,Money transfer or service,"I am filing a complaint against Cash App ( Block , Inc. ) due to inadequate customer service and unfair practices, which violate the Consumer Financial Protection Act ( CFPA ). Specifically, Cash App failed to take timely and effective measures to prevent and address fraud on their platform, leaving my account vulnerable and unprotected.

Furthermore, their dispute resolution process was unfair and deceptive, as they did not comply with error resolution requirements under the Electronic Fund Transfer Act ( EFTA ) and Regulation E. These actions have caused significant inconvenience and financial loss, and I seek appropriate redress for these violations. 
I want the CFPB to publish this :"
3431,Credit reporting,"Experian has failed to fulfill its legal obligation under the Fair Credit Reporting Act ( FCRA ) to conduct a reasonable reinvestigation of disputed information on my credit report, leaving inaccurate or unverifiable accounts unresolved. The Consumer Financial Protection Bureau ( CFPB ) has recently filed a lawsuit against Experian, alleging systemic issues such as failing to forward consumer-provided evidence to furnishers, accepting unreliable responses, and failing to adequately notify consumers of dispute outcomes. These failures align with my experience, where Experian has neither corrected nor removed disputed items despite the evidence I provided, causing ongoing harm to my credit standing. I am requesting immediate corrective action to remove or amend the disputed accounts, as Experians inaction violates federal law and my rights as a consumer. 

Decision was sent, but I cant find in my email because it was years ago."
3432,Mortgage,Penny Mac was sent a Notice of Error and Request for Postponement of Foreclosure Sale for XXXX XXXX. The Notice of Error advised PennyMac that it had failed to send XXXX XXXX the required Post Foreclosure Referral Notice and had failed to provide XXXX XXXX with a proper loan modification review. The Notice requested postponement of the foreclosure sale to complete said loan modification review. PennyMac is proceeding with foreclosure.
3433,Debt collection,"National Credit Systems is committing fraudulent practices. This collection Agency has reported to the Credit Bureaus that I owe 2 times more than what was agreed upon. I have disputed this debt with National Credit Systems 2 times, back in XX/XX/XXXX and again in XX/XX/XXXX. Their responses has been a copy of a lease and an itemization list showing fraudulent charges from the apartment complex I was previous with. Not only I have solid proof that the fraudulent charges were added after I have left the apartment complex. But I can prove that the apartment complex gave them the information that lead up to these charges. In addition : 1 ) National Credit Systems are in direct violation of 15 U.S.C. Section 1692 ( g ) ; Sections 808 part 1 and 809 ( b ) of the FDCPA. 

2 ) I do not have a contractual agreement with National Credit Systems."
3434,Debt collection,"Consumer Adj Co has continued to report an alleged collection account to the credit reporting agencies ( XXXX, XXXX, XXXX ) without a DOFD ( Date of First Delinquency ). I disputed the validity of the debt and the lack of a DOFD several times ( XX/XX/22 XX/XX/22 ), but XXXX continues to claim the validity of the debt without providing the DOFD. This give the erroneous impression that I have recently and knowingly defaulted on a debt."
3435,Credit reporting,I am asking for one main to be removed from.credit its being reported multipy times wich is a vilation on my right. It's also incorrent says by balance was about XXXX we had a agreeded amount in the sum of XXXX my reports says write off was almost XXXX that's completey incorrect. And also the accout was not refinanced. This account was from XXXX one main agreed to a certain amount of they wanted more they could agreed to that. This account was also effected my XXXX XXXX wich was also a natural diaster
3436,Bank account or service,"Hello I have {$600.00} stuck with a bank called N26 Checking Account XXXX Name XXXX XXXX I opened the account ... .Read lots of good things about this new type of account online ... 
I deposited only a few {$100.00} per day ... ..And while having the account at most pulled from the atm XXXX per day ... ..there limits are FYI {$750.00} .... 

I have a few college friends who have it and have sent me a few dollars from things owed to each other ... ... OUT of the blue they frooze the account ... .any chance of trying to discuss with them they say funds are frozen I am under investigation ... ..I can't touch the {$600.00} ... ... I said ok ... .Waited 3 more days with out hearing them and they repeated the same blurb ... ... .it 's now been 8 days ... .they have my money no answer and funds frozen .... NOT HAPPY ... ... .Need help XXXX XXXX XXXX XXXX"
3437,Money transfer or service,"On XX/XX/XXXX, my XXXX XXXX XXXX checking account cleared a transaction titled PayPal XXXX XXXX Credit Repaymen XXXX for {$5.00}, then another for {$10.00} that same day. On XX/XX/year>, 2 more of the same type of transactions were pulled but it was labeled XXXX at the end instead, and they were both for {$120.00} totaling {$260.00} in the 2 days. I reported this and opened a fraud case with XXXX XXXX, but PayPal refuses to give me any information about these accounts and who may have opened them using my banking information. They told me they will only work with my bank, not me. I was hung up on."
3438,Bank account or service,"XXXX issued my refund for hardware on XX/XX/XXXX. I reached out to PNC Bank to try to confirm the money was received or the transaction was declined. After being transferred a few times I spoke to a bank representative that confirmed the transaction was declined but couldnt provide anything further. It is now XX/XX/XXXX and XXXX refuses to reissue the funds. I called PNC bank and they said they refused the funds and sent them back. However, PNC refuses to gove me any proof of the transaction even though I have a ARN number provided by XXXX. XXXX refuses to do anything without proof because they said the money was not returned. 

Now Im stuck fighting between two billion dollar companies for what is to them a measly {$130.00}. I need proof the funds were returned back to XXXX. Seems like a simple request."
3439,Money transfer or service,My phone was hacked by someone claiming to be XXXX support for 16 days. They were on my phone using any viewer in any desk at the time they were able to do XXXX transactions to place called XXXX  out of my phone. resulting in {$650.00} in transactions and I have given all the information to them all the evidence turned everything in was total the XXXX that I would get a answer in XXXX days still havent Ive called multiple times asked to speak to supervisor they tell me theres not XXXX available. They were not answering me back on the messages that hed say they will it past 10 days that I turned it in in writing. I turned it in and on the on XXXX XXXX.
3440,Credit reporting,Mortgage initially started with XXXX and I was under FEMA forbearance. I signed modification papers have them notarized in overnight at them back. XXXX never recorded the documents and sold my mortgage to Shell point. I can't get them to understand that there are 3 credit reporting agencies. They have corrected my report on 1 and not the other 2. I reported them to the better business bureau multiple occasions because they won't make the corrections nor will they respond to any emails. Total lack of common sense. This goes way neck to Irma and they still can't get it right. Them and XXXX. Totally shady companies to deal with. XXXX can't even file the proper paperwork. They never even recorded my modification
3441,Mortgage,"I have filled out loan modification paperwork with Ocwen Loan on numerous occasions, trying to get my mortgage modified. I am upside down on the mortgage and have been having problems making payments. Every time that I fill out the paperwork and send it in, they always send me a letter back stating that "" IRS Form XXXX needs to be resent ''. I keep sending it back in, only to get a letter back stating I need to resend it again. Is this their way of not wanting to do a modification and think that after time, I will get tired of constantly sending this in?"
3442,Credit card,"Received notification on my XXXX consumer credit report in XX/XX/XXXX that Target/ TD Bank is still reporting an open 100 % credit utilization store card on my credit report, which was previously disputed several years before, and credit bureau investigation found that the debt could not be validated so it was charged off and closed. 

However, unlike other closed accounts with a zero balance, this one is showing contradicting information including that the account status is "" closed, charged off '' but at the same time also shows that it has a 100 % utilization with an unpaid {$1000.00} balance. This was charged off and closed by Target/TD bank in XXXX ; there should be a zero balance and zero credit utilization reflecting. This account is also reporting 28 Potentially Negative Months. 

Additionally, under 15 US Code 6801, this is non-public personal information that I never authorized to be reported on my credit profile to begin with, and in regards to the remarks of past due late payments, under 15 US Code 1666 B, no company shall report late payments for any account to any consumer credit report for any reason."
3443,Mortgage,"In XXXX of 2015 Nationstar Mortgage LLC who is servicing the loan on my home in California notified me that my flood insurance, which was for more than the amount owed on my home was insufficient. I was required to obtain flood insurance for the replacement cost of my home at a cost of over 133 % of the original premium. Nationstar threatened to place forced insurance on my home if I did not insure it for more than 3 times the amount I owe on the mortgage."
3444,Mortgage,"I regularly send direct principal payments to my mortgage servicing company, Caliber Home Loans. I have been making additional payments for greater then 20 months. For 17 of 20 months the additional payment has been applied the day of or 1 day after to my account. In both XXXX and XX/XX/XXXX ( and another month in XXXX XXXX the mortgage servicing company has directed the funds to "" unapplied funds '' line item ; in practice holding my money and not applying it as directed to the principal of my mortgage in a timely manner ; costing interest. 

I have contacted them on each occasions with different answers from agents on each successive time."
3445,Consumer loan,The vehicle was paid off last year. XX/XX/XXXX. I called in and was told it was mailed by way of an address I never used while dealing with them. The week prior. Sunday XX/XX/XXXX. I was informed by police the vehicle was registered to a company in Maryland. NOT me.. XX/XX/XXXX we spoke again and was told once again it was mail despite them lying with my mother on the phone. To no avail did I recieve my title after re verifying address. I need my title.
3446,Bank account or service,"I opened a Citibank account on XX/XX/XXXX. I recently deposited a check from my salary, and then my online bank was closed. They also said that I can not deposit money with my Citibank card. However, they deduct service fees every month, and the bank card is not allowed to be used normally, and the service fee continues to be deducted. What is the use of this card?"
3447,Debt collection,"XXXX is charging me almost XXXX dollars for an electric bill that I dont owe. The home I was renting has XXXX reading meters and XXXX of those belong to the other business. They charged me for electric I wasnt even using because I dont live there anymore and its a commercial property, not to mention the fact that theyre charging me almost XXXX worth of utilities for a 3 month period. That shouldve raised a red flag. I asked for them to send out a contractor to bill me and they never did. A technician came out and replaced one of the boxes and told me the meter was defective hens they charged me for utilities I wasnt using. I need help, this is violating my consumer rights and I need something to be done about this. XXXX is known for these kinds of practices and they need to be stopped. Theyre charging people these high amounts and then sending them to collections."
3448,Mortgage,"I need your assistance with XXXX. XXXX Mortgage Company. On XX/XX/year>, XXXX XXXX and I received a letter stating our mortgage escrow ( taxes and insurance ) has a shortage of {$4000.00} and our payment will increase by {$360.00} per month. They failed to provide calculations that justified this increase, would not reply to my calls ( XX/XX/year> ) and emails ( XX/XX/year> and XX/XX/year> ), and ignored me. 
This year, our homeowners insurance went up by less than {$1000.00} per year ( increased exactly $ XXXX ), and our property taxes are the same. I feel like theyre extorting money from us just because they can. 

See attachment Pages 1-2 : Mortgage statement for general info. 
XXXX : Mortgage company letter stating my monthly payment will increase. 
9 : Two emails to mortgage company. They failed to reply to the emails or phone call. 
XXXX : Homeowners insurance policy, showing original insurance payment ( {$3500.00} ) and the new amount ( {$4300.00} )."
3449,Bank account or service,I used XXXX to search a customer service number for XXXX to reset my passkey for my XXXX account on my new XXXX. On the phone they told me my passkey was reset and i needed to confirm my account by activating my debit card. They requested a payment of {$5.00} x 3 that would be refunded to my account as soon as they confirmed the payment. I accidentally sent {$590.00} but this did not go through. Believing that this was XXXX i kept trying to submit this amount not realizing it was {$590.00} instead of {$5.00}. My card was then locked by Bank of America. I asked the customer service representative to get on a call with my bank to confirm the transactions and they refused to do this. This is when I realized that I was not talking to a representative from XXXX  but was a product of a scam. In total they scammed {$990.00} from me. I submitted all proof of this information from Bank of America but they were not were able to help with my claim. They said the receiving bank denied reversal of these funds.
3450,Mortgage,XXXX withdrew from my account my XX/XX/2025 mortgage payment of {$7900.00} on XX/XX/XXXX. Mr. Cooper bought the loan. XXXX sent the money via wire transfer to Mr. Cooper. Mr. Cooper did not apply the payment to my loan. XXXX provided wire transfer and batch information to Mr. Cooper on XX/XX/XXXX at XXXXXXXX XXXX EST including the full amount of the wire transfer including all loan information in the batch. Mr.Cooper continues to request that information from me to resolve the missing payment issue. XXXX will not give me wire transfer and batch information directly. Mr. Cooper continues to tell me that I need to provide the information that XXXX provided to them already.
3451,Credit card,Mail offer for 0 % 18 months on purchases and balance transfers and {$0.00} balance fee for first 60 days. Received new card with disclosure summary which reflected same as mail offer but when the card was activated CS rep said no!!!!! card terms were 15 months 0 % and 3 % transfer fee! Was transferred to 6 CS reps for total of 2 hrs and last one only offered to waiver 3 % after transfer posted to account which I refused. I WANT THE TERMS OF THE DISCLOSURE SUMMARY THAT CAME WITH THE CARD APPLIED TO THE CARD WITH WRITTEN PROOF before I do any transfer balance! Clearly BANK OF AMERICA is using this tactic. of bait and switch targeting retired people
3452,Credit reporting,"Equifax and XXXX refuse to remove invalid accounts off my report have called, written and fax in request and proof that the accounts do not belong to me I ve filed police report and submit ID That affavaid and they still refuse after 4 years to remove accounts that do not belong to me the accounts needing to be removed are 2 XXXX  XXXX XXXX ( no monies owed, invalid amount and account status reporting and volition of new public law that went into effect XXXX of 2017 ) XXXX XXXX these 3 items need to be removed and blocked from future reporting."
3453,Credit reporting,I have recently obtained a copy of my XXXX  credit report. it showed a credit inquiry by your company '' SYNCB/XXXX '' that I do not recall authorizing. it is my understanding that you are not allowed to put an inquiry on my file unless I have given you express authorization to do so. Please have this inquiry removed from my credit report because it is affecting my loan applications and making it very difficult for me to acquire credit.
3454,Consumer loan,I am a Massachusetts resident who took out a short-term installment loan online to cover unexpected expenses. I fully intended to repay the loan but I am now trapped in a cycle of debt due to the extremely high interest rate. I borrowed XXXX dollars on XX/XX/year>. The APR is 614.35 percent and I am scheduled to repay XXXX dollars over XXXX weekly payments. That is over XXXX dollars in interest and fees on a XXXX dollar loan. This lender is not licensed in Massachusetts. Massachusetts caps small loan interest rates at 23 percent APR. This loan exceeds that cap by an enormous margin. The lender claims tribal sovereign immunity to avoid Massachusetts consumer protection laws. I have already made XXXX weekly payments of XXXX dollars totaling XXXX dollars. Despite paying nearly XXXX dollars on a XXXX dollar loan the vast majority of that has gone toward interest rather than principal. The weekly payments are consuming a significant portion of my income and I am falling further behind. I revoked my ACH authorization on XX/XX/year> and received written confirmation from the company that same day. I would appreciate any guidance on what steps I should take to protect myself from further collection activity related to this loan.
3455,Consumer loan,"XXXX advertises a 0 % loan on the XXXX plow website XXXX I applied they confirmed then made a "" mistake '' on the contract I called back and they were going to fix it. Instead i told the dealer that I would purchase the plow outright and paid with a check. XXXX never cancelled the original contract, two month into the loan i called to pay it off they charged me a 9.9 % interest. Please let me know what my legal recourse is. 

Thank you,"
3456,Consumer loan,I purchased a vehicle on/around XX/XX/XXXX after purchasing the vehicle I incurred multiple issues. I took it in for servicing multiple times and some of the issues still exist. After the problem continued I reached out the the dealership and the finance company to return the vehicle back for maintenance issues. The vehicle was returned and sold on/around XX/XX/XXXX. The vehicle was sold from the dealership for over {$14000.00}. On my credit report it shows over {$7000.00} remaining as a unpaid balance which is not accurate.
3457,Credit card,"From XXXX through XX/XX/XXXX automatic payments of {$75.00} were issued from my bank electronically to XXXX. At the end of the XX/XX/XXXX billing cycle, and without notice, XXXX no longer accepted electronic payments from banks. This decision placed myself and, I'm sure, countless others in default causing late fees to be assessed to our accounts. I called XXXX  to question why I was not notified of this change and why the change occurred at all. Customer representative explained my due date and that the website is available for payment. I explained that I did not want to use the website due to the only XXXX options available for autopay are "" statement balance '' or "" minimum balance '' and that I paid over the minimum balance, but could not afford the statement balance. I expressed my displeasure that this was forcing customers to pay more interest. I was also told that XXXX  will only credit XXXX late fees a year, which I completely disagreed with because this was not my fault and eventually did receive full late fee credit. Now, the only way I can pay is via paper check through my bank sending it XXXX to XXXX weeks in advance of the due date to the payment processing center. XX/XX/XXXX payment posted late ( XXXX XXXX XXXX, Posted XXXX XXXX ). I notified my bank who contacted XXXX and on a three-way call I authorized XXXX  to speak to my bank regarding this issue. Bank proved payment sent ; XXXX refused to refund late fee due to their policy of only crediting XXXX late fees in a year. XX/XX/XXXX payment posted late ( XXXX XXXX XXXX, Posted XXXX XXXX ). I notified my bank who contacted XXXX and was told that they do not allow third party calls with anyone even if the customer is conferenced in to give authorization. I believe XXXX is using dates of when payments are posted instead of when payments are received. Also, I believe XXXX XXXX  payment practices are forcing customers to pay interest for longer terms."
3458,Credit card,"TD Bank is reporting a charged-off retail credit card account on my credit report. When I contacted TD Bank regarding the account, I was informed that the debt had been sent to a collection agency. However, when I contacted the collection agency, they informed me that the account had been returned to TD Bank and that they were no longer servicing or collecting the debt. Because of this conflicting information, I am unable to determine who currently owns or services the debt, and I have been unable to resolve the account. Despite my efforts to contact both parties, neither has been able to clearly verify who has authority over the account. I am requesting that TD Bank verify who currently owns or services this debt and provide accurate reporting to the credit bureaus. If the debt ownership or reporting can not be properly verified, I request that the tradeline be corrected or removed from my credit report."
3459,Debt collection,"Creditor continues to lie and is violating my rights as a consumer reporting false information to 3 credit bureaus. Creditor states no garnishments have been collected however an attached pay stub indicates I have been garnished a total of {$860.00} in the months of XXXX & XXXX. Reporting false information is in violation. 

This information is false and damaging to my creditworthiness. Under the Fair Credit Reporting Act ( 15 U.S.C. 1681i ), I request that you investigate this matter and either correct or delete the inaccurate information within the 30-day timeframe required by law."
3460,Debt collection,"A few days ago I received an email from a XXXX with a debt collection company called National Debt Relief , LLC. It stated that I had a past due amount of {$1800.00} with the loan business XXXX XXXX and that it was a final attempt to collect the debt. I did recall using XXXX XXXX back in XXXX  and to my knowledge had completely payed off the loan. They also threatened to inform my employer, take legal actions and to charge me {$4600.00} if I didn't accept one of their 3 payment options. 
At that time I began looking into it because at a first glance it looked to be a legitimate email from an attorney and legislator. Even using the XXXX XXXX logo header. 
So I did some searching around and saw that XXXX XXXX is an XXXX Texas congressional representative and there is a National Debt Relief but it's in New York. Also the other attorneys I was told to contact XXXX XXXX and XXXX XXXX appear to both practice law but one in South Carolina and the other in California. 
That's when it became obvious what it really was. 
So I called the business directly where I had gotten the loan from and they assured me I was in the clear and had made all my payments on time and had satisfied the loan years ago."
3461,Mortgage,"Attempted to sell the property after being transferred out of state in late XX/XX/XXXX ( property in XXXX  ) & ( moved to XXXX  ). Home was not selling fast enough. Requested short sale information. Then in early XX/XX/XXXXreceived an offer. Wells Fargo processor gave me fax information to send in sale paperwork. I faxed personally 2 times & she told me that she did not receive it either time. So, I went to XXXX store for them to fax ( cost {$40.00} ). Again she did not receive it. She said try one more time. Again another {$40.00}! Then she told me that she really can't receive the paperwork via fax. It has to be submitted electronically into their system. So, then I went back to our real estate attorney in XXXX. They submitted into the Wells Fargo system immediately. Shortly thereafter I received word that she did not have enough time to review the paperwork and the offer. So, the offer was dropped. Some weeks later we received a second offer, only to be told that the offer was too high to qualify for short sale & that Wells Fargo was refusing the offer. When I called to ask why my customer service person was very rude. I asked "" what do I have to do to get WF to process the paperwork & get the house sold to get it off my plate? "". No response. So, I asked, "" do I have to get an attorney involved to get this done? '' He immediately hung up on me. I tried reaching anyone for months, being put on hold for 45 - 80 min at a time ( nearly losing my job because of it ) with no response from anyone at Wells Fargo. I finally gave up. Now both me & my mother have poor credit & IRS issues due to Wells Fargo 's failure to act on either offer for sale & poor customer service. This has now caused me to lose out on several job offers as well as cause my credit card interest rates to be raised & other cards to be closed."
3462,Credit reporting,"I AM SUBMITTING THIS WITHOUT ANY INFLUENCE AND THIS IS NOT A THIRD PARTY. THE CREDIT BUREAUS STATED MY XXXX WAS PROPERLY INVESTIGATED BUT HOW IS THAT POSSIBLE IF THE OPEN DATE IS INACCURATE, THE DATE LAST ACTIVE IS INACCURATE, AND THE DATE LAST REPORTED IS NOT ACCURATE? THIS GROUND FOR REMOVAL, THEY ALSO VIOLATED MY RIGHTS UNDER 15 U.S.C 1681 SECTION 602 A. STATES I HAVE THE RIGHT TO PRIVACY.

15 U.S.C 1681 SECTION 604 SECTION 2. IT ALSO STATES A CONSUMER REPORTING AGENCY CAN NOT FURNISH AN ACCOUNT WITHOUT MY WRITTEN INSTRUCTIONS"
3463,Debt collection,harvard collections claims i owe them {$2400.00}. i do not owe them any money at all. this is inaccurate and its is very unfair becuase it is damaging my credit report with wrong information. it is creating an issue for me to purchase a home.
3464,Credit reporting,"In the quiet humdrum of everyday life, a sudden jolt shattered the tranquility : I had become a victim of identity theft. Like a thief in the night, unseen hands had stolen my personal information, plunging me into a bewildering maze of uncertainty. With each fraudulent transaction and unauthorized account, the breach of trust cut deep, leaving me grappling with the unsettling reality of a violated identity. Yet, in the midst of chaos, a glimmer of resilience emerged, a resolve to reclaim what was rightfully mine and restore the harmony stolen by unseen adversaries. These are the following accounts need to be removed : XXXX - XXXX XXXX XXXX - XXXX XXXX - XXXX"
3465,Credit card,"Home Depot project loan card says permanent card will arrive between 3-5 business days. When I started to call the customer service number for a tracking number or any updates after the 6th business day ( XX/XX/XXXX ) I was told there was no way to track. I called every day to try to see if I should be worried the new card was so late. They said 10-15 business days was normal now. Finally 2 and a half weeks later ( XX/XX/XXXX ) I was given a tracking number that said the card was returned and signed by someone at their offices on XX/XX/XXXX. They said in the meantime while they print a new card I can use my temporary shopping card printed in store. When I went to the store, the printed copy was unable to be used as the new bar code was not there. Consistently, the credit serving company lied to me on the phone about not being able to track the card, shipping times, and daily temporary card limits and usage. This has been the most frustrating process and I feel completely abused by this company. My renovation is behind and I missed sales on products and even the availability of products. I would not recommend this project loan to my worst enemy."
3466,Credit card,"Goldman Sachs is being discriminatory against me as a XXXX year old XXXX male. 

I have been approved for the Apple Credit Card twice, I have sent in my documents, I have answered questions related to my credit report, I have done everything to identity myself. 

Goldman Sachs still denies my application for "" unable to verify identity ''. I asked if I could send my docs by mail or even send an email. They refuse to accept my identity unless it comes from an XXXX with a higher quality camera than my old XXXX XXXX. 

Basically, Im young, XXXX, with good credit, and willing to send whatever information to verify my identity but Goldman Sachs refuses to give me the ability to verify my identity.

I have already been notified by Goldman Sachs twice, both time saying I was approved. Only to later snatch the hope away from me with word later that I was unfortunately denied. 

I can not afford a new XXXX, they must accept documents via fax, mail, or email to allow me to verify myself. Making an XXXX which is not in my budget the only way to verify my self is extremely illegal and XXXX on Golman Sachs behalf."
3467,Money transfer or service,"My name is XXXX XXXX and on XXXX XXXX I got paid also my money got took out my bank account by someone I didn't know are authorized them to not do.i paid some bills on that day and some of my money got took and transfer over to caspapp that day.the amount of XXXX $ cashapp saying I authorize that XXXX are someone to send my money to XXXX and to a place call XXXX I didn't authorize it someone open an application in my name and XXXX company call it fraud and stop the application I have sent cashapp documents and they will not investigate it just saying the case close because I did try to file a fraud on cashapp they want look at nothing I sent them documents and they just keep saying its my fault that this fraud happen.I don't have a chance to present proof to them cause they saying it's nothing they will do for me I think it is unfair to just say this fraudulent is my fault and didn't look into but a few minutes and sent me an email saying it's my fault. They got it from my XXXX XXXXXXXX bank they reimburse me cause I sent them documents thats proof and they seen it was fraudulent so they close the account and made funds permanently but cashapp want let me close the account cause they say I owe them XXXX $ from fraud activity that XXXX XXXX took back from them, it was XXXX $ the person did the fraud but cashapp got a percentage of the XXXX activity and saying I owe XXXX $ please help me resolve this matter through cashapp cause they want take no documents from me and they also said any suspicious email I get to send it in I did that and they still say isn't anything they can do. I will be sending these documents that shows the iphone went into my account and added they info to steal my information to do this fraudulent transaction and XXXX says it was suspicious, they hack my XXXX account, my XXXX, and my bank to transfer it ti cashapp cause they kno cashapp wouldn't do the work."
3468,Credit card,"I bought a car on XX/XX/17, and they sent me a XXXX XXXX card. I used the card for about a year and noticed the card kept going up they had signed me up for a card security plan. I tried calling but never got a response that made any sense. I finally requested a payment history, and when I talked to someone over there they refunded me XXXX but they did not refund the interest from 2017 until the present. I want the interest refunded, and they should be reprimanded for signing people up without them knowing. In a lot of places, they would call that forgery."
3469,Credit card,Us bank added Interest changes to my credit card for no XXXX  reason I told them that I had wonted to cancel my credit card because they did that to me I sent letter 's in the mail telling that I guess they cant read I am mother XXXX XXXX off at them they sent me another bill today in mail adding more Interest and late fees they are hassing me and I wont it stop because I am not pay those XXXX  XXXX any money XXXX them!!!!!!!!!!!!!!!!!!!!!!!!!!!!
3470,Mortgage,"On XX/XX/XXXX I called Santander to get my HELOC payment due XX/XX/XXXX as it did not appear on the app. I was told it was {$770.00} and that I could go ahead and make a payment. On the same day, XX/XX/XXXX, I paid {$850.00}. As of today, XXXX, that amount is still pending as an unapplied payment and I am accruing interest on a principal balance that should have decreased with my payment on XXXX."
3471,Consumer loan,"I have tried making my payments every month since the payment pause ended. I have paid my student loan multiple times and on my bank statement it shows that I paid. But on the student loan ( MOHELA ) website it says that I have missed two payments and I owe {$800.00} and that there was a payment reversal, but there is no reversal shown on my bank account. They have added {$530.00} interest fee for this month. So instead of owing XXXX I now owe XXXX and this is their fault. I am afraid that it will go on my credit report!!!"
3472,Bank account or service,"On XX/XX/XXXX, I opened a Netspend Debit Account under a promotional offer advertised as : "" Receive a {$200.00} credit when you Direct Deposit {$400.00} in 60 days. '' The terms stated that to qualify, I had to : Open a new Netspend Debit Account and pass identity verification between XX/XX/XXXX, and XX/XX/XXXX ; Enroll in direct deposit and receive a minimum of {$400.00} in qualifying direct deposits within XXXX days ; Receive the {$200.00} credit within XXXX business days of fulfilling those requirements. 

I completed all required steps : Opened and activated a new Netspend Debit Account on XX/XX/XXXX Passed identity verification Enrolled in direct deposit Received qualifying direct deposits totaling more than {$400.00} on XX/XX/XXXX According to the promotional terms, I should have received the {$200.00} credit by XX/XX/XXXX at the latest. As of the date of this complaint ( XX/XX/XXXX ), I have not received the promotional credit. 

I have contacted Netspend support to resolve the issue but have not received a satisfactory response or resolution. This is a clear case of failing to honor advertised promotional terms."
3473,Mortgage,"iam disgusted that everytime i disput what wells fargo say and tell why i disput what they say the system never allows me to progress forward i have a least XXXX compaint casses all diputed and you have not done anything about it? yet you have fined wells fargo bank for falsifying documants mis acounting, fraud and perjury committed in court .why have you nomade compensation claims against then for the consumer that have not been protected iam disgusted in your prceedure"
3474,Money transfer or service,"I am writing to formally express my concerns regarding XXXX handling of disputes, particularly in light of the recent CFPB lawsuit highlighting significant issues with the platform. Despite using Zelle numerous times and reprinting discrepancies, my financial institution and Zelle failed to investigate my claims adequately. They informed me that receiving lost funds was impossible and that tracking these transactions was unfeasible. The CFPB findings indicates that Zelle has not only neglected to protect consumers but has allowed repeat offenders to exploit the system, leaving users vulnerable to scams. The lack of accountability and transparency is unacceptable and raises serious concerns about consumer safety"
3475,Bank account or service,"I am filing a complaint against Capital One regarding the deceptive practices related to their 360 "" high yield interest '' savings accounts. Capital One misrepresented the 360 Savings account as having one of the nation 's highest interest rates, yet failed to notify accountholders about the superior rates offered by the 360 Performance Savings account. This deliberate obscurity and lack of transparency violated consumer trust and resulted in significant financial losses for many, breaching the Consumer Financial Protection Act and the Truth in Savings Act. I seek redress for the misleading practices and failure to fulfill their obligations."
3476,Money transfer or service,"I am filing a complaint against Cash App ( Block , Inc. ) due to inadequate customer service and unfair practices, which violates the consumer financial protection act ( CFPA ). Specifically, Cash App failed to take timely and effective measures to prevent and address fraud on their platform, leaving my account vulnerable and unprotected. Furthermore, their dispute resolution process was unfair and deceptive, as they did not comply with error resolution requirements under the electronic fund transfer act ( EFTA ) and Regulation E. These actions have caused significant inconvenience and financial loss, and I seek appropriate redress for these violations"
3477,Debt collection,Three collection companies are trying to collect a debt not owed and have not provided validation of the debt. Its a FTC Violation that all three are showing up at open accounts and under 15 U.S.C. 1692g these need to be deleted
3478,Debt collection,"Midland Credit Management is reporting multiple collection accounts ( Account # XXXX and Account # XXXX ) for what appears to be the same underlying debt. I previously disputed these accounts and requested validation, including documentation, itemization, account history, and proof that these accounts represent separate and valid obligations. The company responded to a prior complaint but failed to provide any documentation supporting the validity or separation of the accounts. Specifically, the company did not provide : Any itemized breakdown of charges Any account history or transaction-level detail Any documentation showing that the accounts are separate obligations Any proof of ownership or authority to collect each account Any documentation establishing my legal obligation for each account Instead, the company stated that verification information was mailed and directed me to access documents through their website. This response does not constitute proper validation and does not address the issue of multiple accounts being reported for what appears to be the same obligation. The company continues to report duplicate or overlapping collection accounts without documentation to support the accuracy, completeness, or legitimacy of the reporting."
3479,Credit card,"On XX/XX/2023 I applied for a BestBuy Credit Card at the physical store and was approved and I made a purchase on the same day.

I was told that I would receive my card in 7-10 days. I never received my card as of today XX/XX/2023. I have called the company "" CITI bank '' who is the issuing credit card company and notifying them that I did not receive my card. They said they would cancel the card on file and then would have to verify my account through sending me a letter in order to send me another card. I have made about XXXX calls to the company in the past couple of weeks regarding not receiving this letter and only to meet with resistance that they would need to send a verification letter to verify my account and they couldn't help me any other way. Last week I get a phone call that my account is past due, I told them that I have never received a statement either. I tried to make a payment over the phone and was told that I was still pending verification. I am frustrated with CITIBANK and am getting nowhere with the multiple different people that I am speaking to who sounds like they come from XXXX. I have tried to go online to access my account and make a payment but unable to log in as they system can not recognize me without my credit card. I called again to ask for assistance and was met with the same verification excuse. If this shows up on my credit report as a late payment I will be even more furious as of 2 months, I have gotten no statement, no credit card, no verification letter, no help or assistance, and I can't even get tech assistance from their customer service to go online.

Please help me with this issue because I am at my wits end with this company and can not believe what is happening. All of my personal information was on the original application when I got approved and now I feel that their incompetence will have a negative impact on my credit score and my personal well being."
3480,Money transfer or service,"On Saturday XX/XX/XXXX, I attempted to withdraw my Bitcoin ( XXXX ) from mXXXX XXXX XXXX XXXX XXXX XXXX XXXX XXXX XXXX XXXXXXXX # XXXX ; also known under Winklevoss Exchange LLC ). 

XXXX  denied my withdrawal request, citing a "" security hold '' was in place. 

XXXX  directed me to customer support, where I filed an initial ticket. Over several exchanges, I was asked to provide : 1. A selfie containing a full view of my face, the ID I used to register with XXXX, and a handwritten security code they provided over email in addition to the current date ( the date the selfie was taken ). 

2. Documentation that evidenced my source of wealth for my XXXX investments, which I provided in the form of a current paystub ( as directed by XXXX  ). 

After providing the above, I was questioned further- XXXX informed me that after reviewing my pay slip, "" XXXX  noticed that the volume of your [ my ] activity in your [ my ] XXXX account was much higher than the income received from your [ my ] salary. XXXX XXXX  then asked for further proof to explain the supposed "" difference. '' This is patently false. I explained that my salary for the year provided ( XXXX ) very clearly showed that it was more than sufficient to seed my activity ( my yearly salary is more than XXXX the amount of my cumulative buys in question, made over XXXX ). I then provided my tax return from XXXX as further proof. 

As of this writing, the matter remains unresolved and I'm unable to withdraw my XXXX. I'm requesting help so that I can take my XXXX off of the XXXX XXXXXXXX ASAP."
3481,Mortgage,"Nationstar acquired our mortgage from XXXX in XXXX of 2015 and immediately began showing delinquency of monthly payments, which was not the case. They then began sending me letters indicating payments were missed altogether and further action would be taken to collect the debt if this was n't corrected immediately. sent statements showing two months worth of payments were due even though their own transaction history on the website showed no missed payments and all payments completed. To make matters worse, my credit report now shows XXXX missed payments and several late payments and has ruined my credit worse than it already was. Each month I receive a nasty letter saying my payment has n't been received, even though it has been deducted from my account and shows up on their own transaction history. attempts to contact them have been completely futile as the XXXX or XXXX person on the phone barely understands me nor I them. My last actual conversation with them was a XXXX minute explanation by me of their own transaction report showing all payments made and absolutely no comprehension on their part of what I was trying to illustrate. I 'm ready to sue and have consulted with an attorney on the matter, but my costs will be ridiculous in order to get this matter resolved. Please help if you can to clear this up. I feel as if the company is not a mortgage holder, but a debt collection agency which is trying to squeeze something from me they are not entitled to. I never had a single issue with XXXX by comparison, but these people need to make it right and stop harrassing me about their own incompetence. Thanks"
3482,Bank account or service,"Citibank : XXXX XXXX XXXX XXXX, XXXX, IL XXXX, United States In late XX/XX/XXXX, I deposited a check through a Citibank ATM. Because Accounting forgot to write my name on the front of the check, the deposit was rejected, and the check was returned to me ( I have proof of this ). 

On XX/XX/XXXX, I re-deposited the same check at a Citibank branch with the assistance of a teller. Shortly after that, I received a letter stating that my account would be closed. On XX/XX/XXXX, Citibank officially closed my account. 

After the closure, I waited for the remaining balance to be refunded. I received a final statement showing my total balance was XXXX XXXX XXXX XXXX XXXX Later, Citibank only mailed me a check for XXXX XXXX XXXX XXXX XXXX I contacted Citibank in early XXXX to ask about the missing XXXX XXXX XXXX XXXX XXXX  and I was told the bank suspected that the deposited check was fraudulent. 

On XXXX XXXX, I immediately contacted my employer, who confirmed that the check was legitimate. After Citibank verified that the check was indeed genuine, they told me that they had already notified their internal department to issue a refund check to me. However, it has now been over a month, and I still have not received the remaining balance. Every time I call, I am told to wait another XXXX hours and check back, but no action has been taken. 

Citibank has confirmed that the check is real but continues to withhold my funds without any explanation. I am requesting immediate return of my remaining balance of XXXX XXXX XXXX XXXX XXXX  and an investigation into the banks improper handling of my account and funds."
3483,Debt collection,"XXXX XXXX allowed a fraudulent loan ( # XXXX ) to be taken out online on XX/XX/XXXX. Information given was all incorrect phone number, address, and employer. They did not verify anything correctly. The money was transferred to a XXXX XXXX account ending in # XXXX. XXXX XXXX then turned the unpaid loan balance into a collection agency in XXXX of XXXX called NATIONAL CREDIT ADJUSTERS. They also have completely false information and can only match my name, and old street address from over 30yrs ago. This was fraudulent activity."
3484,Money transfer or service,"On XX/XX/XXXX, I was the victim of an imposter scam involving XXXX. I received an email falsely claiming to be from XXXX, stating my account was being "" upgraded to a Business user account '' and that I needed to refund an "" accidental overpayment '' of {$500.00}. The email instructed me to send {$500.00} via XXXX to complete the upgrade. I was tricked into sending {$500.00} from my Wells Fargo account. I reported the fraud to Wells Fargo on the same day ( XX/XX/XXXXXXXX ) and provided the original scam email as evidence. My claim number is XXXX. On XX/XX/XXXX, I submitted additional evidence to Wells Fargo. On XX/XX/XXXX, I filed a police report ( Case Number XXXX ) in Maryland and submitted it to Wells Fargo. On or around XX/XX/XXXX, Wells Fargo declined my fraud claim. The bank refused to reimburse the {$500.00} despite the XXXX XXXX XXXX XXXX ( effective XX/XX/XXXXXXXX ) requiring participating banks to reimburse consumers for imposter scams. Wells Fargo has violated Regulation E of the Electronic Fund Transfer Act because my authorization was obtained through criminal deception, which is not valid consent under federal law. The bank failed to properly investigate the context of the scam and wrongfully denied my claim. I am requesting that Wells Fargo reverse the denial and reimburse the full {$500.00}."
3485,Money transfer or service,"you and your account. 
I am filing a complaint against Cash App ( Block , Inc. ) due to inadequate customer service and unfair practices, which violate the Consumer Financial Protection Act ( CFPA ). Specifically, Cash App failed to take timely and effective measures to prevent and address fraud on their platform, leaving my account vulnerable and unprotected.

Furthermore, their dispute resolution process was unfair and deceptive, as they did not comply with error resolution requirements under the Electronic Fund Transfer Act ( EFTA ) and Regulation E. These actions have caused significant inconvenience and financial loss, and I seek appropriate redress ( Block, Inc. ) due to inadequate customer service and unfair practices, which violate the Consumer Financial Protection Act ( CFPA ). Specifically, Cash App failed to take timely and effective measures to prevent and address fraud on their platform, leaving my account vulnerable and unprotected.

Furthermore, their dispute resolution process was unfair and deceptive, as they did not comply with error resolution requirements under the Electronic Fund Transfer Act ( EFTA ) and Regulation E. These actions have caused significant inconvenience and financial loss, and I seek appropriate redress for these violations."
3486,Bank account or service,Non authorized charges to my checking account using my debit card number. Called same day the charges happened and said will be two days to get the charges reversed. Fraud department has not called me and when I call in can not talk them directly always get will call you. Three days have gone by with no emails or phone calls. The money in my account was there to pay mortgage and electric which I did online before this happened. Have not heard from them yet. Do n't understand how the charges went thru with out any questions being from an Airline overseas.
3487,Mortgage,"Our mortgage is thru PNC, we have attempted to remove the PMI insurance repeatedly. According to the XXXX County board of equalization statement ( property taxes ) we receive yearly we have had the required 20 % equity in our home for over a year. 
We first contacted PNC by phone in XX/XX/2019, we were told that our account would be sent to the appropriate department. We never heard or received anything. 
We called again one month later ( XX/XX/2019 ) and the rep said that if we waited one month our PMI would automatically be removed as we would be at the required 20 %. 
When we called again now 2 months later ( XX/XX/2019 ), We were told that we were only at 18 % and if we we wanted to remove it we would then need to pay for an appraisal from their authorized people. At a cost of {$500.00} to us. This was the first time this was mentioned. 

We have the Property Market Evaluation and a Competitive Market Analysis ready for review."
3488,Mortgage,I was late paying my property taxes. the county notified bank of america.Bank of america paidthe taxes by setting up an ascrow account causing my monthly mortgae payment to increase. subsequintly the county notfied Bank of America that I had indeed payed the taxes albeit late and refunded BofA. I asked BofA to remove the escrow account that is noe included in my mortgage payment. I explained that I am on a fixed income and can not afford the payment increas BofA refuse remove the escrow account
3489,Bank account or service,"I am XXXX XXXX XXXX a XXXX XXXX  at the XXXX XXXX XXXX. I opened a checking account in Chase Bank on XXXX XX/XX/2023. Chase Bank had offered that If I enrolled for the direct deposit within 90 days, I would get a bonus of XXXX XXXX I enrolled for the direct deposit on XXXX XX/XX/2023 which is before the validity of 3 months but my check got deposited into the account on XXXX XXXX because of some issue between the bank and the university. Chase Bank claims that I won't be getting a bonus since the check git deposited after the validity. I feel this is unfair since I was just asked to enroll for the direct deposit within 90 days no matter when the check gets deposited. I request that some action be taken against them. I called them multiple times but the bank is not responsive."
3490,Money transfer or service,"I am filing a complaint against Cash App ( Block , Inc. ) due to inadequate customer service and unfair practices, which violate the Consumer Financial Protection Act ( CFPA ). Specifically, Cash App failed to take timely and effective measures to prevent and address fraud on their platform, leaving my account vulnerable and unprotected.

Furthermore, their dispute resolution proce was unfair and deceptive, as they did not comply with error resolution requirements under the Electronic Fund Transfer Act ( EFTA ) and Regulation E. These actions have caused significant inconvenience and financial loss, and I seek appropriate redressIng of funds."
3491,Mortgage,"XXXX months ago when i made my last complaint i hoped this issue would be resolved finally but it hasn't. My family and i have been going through this nightmare for about 3 years with this company and it is clear that they are only interested in a outcome that benefits them and only them. There is no way the practices can be legal and something must be done about it. They seem only interested in stealing our money and coming up with excuses why they are not going to honor these agreement. First they demanded the same documents repeatedly for almost a year to even start the re-modification process. Then once they were forced they put an agreement on the table and refused to honor it by delaying for months then saying we hadn't made the requisite payment. Then it happened a second time now its happening again. They have collected XXXX  with the false promise that it would be resolved after but they absolutely refuse to do what is right. When will this borderline criminal behavior be reigned in. XXXXXXXX XXXX XXXX XXXX XXXX XXXXXXXX XXXX XXXX XXXX XXXX XXXX XXXX XXXX XXXX XXXX XXXX XXXX XXXX XXXX XXXX XXXX XXXX XXXX XXXX XXXX XXXX XXXX  so i deeded my house to my son to help my son and my family avoid a long costly probate fight. My son agreed to help XXXX XXXX XXXX XXXX XXXX XXXX XXXX XXXX I XXXX XXXX Now they expect me go back to my son and reverse this with absolutely no guarantee this nightmare will end. My son has seen them make agreement after agreement that they did not honor, how is he supposed to believe this company now? WSFS is tied to XXXX and need to force them to honor this agreement."
3492,Consumer loan,"My issue is with Chrysler Capital. I leased a XXXX XXXX, and recently bought it out of the lease for {$23000.00}. Of that amount, {$1500.00} was sales tax. 
When I received the bill of sale and title, I took it to our county title office to have it put in my name. I was told at the office that they had not received my sales tax, and that I could not own the vehicle until it was paid. I called Chrysler Capital for advice on how to proceed. I spent over an hour on the phone that day trying to be directed to a person in the title department. Once you no longer have an account with them, it 's nearly impossible to get through their automated process, as your SSN is no longer recognized. 
When I got someone on the phone, she checked in to everything and assured me that the sales tax would be coming back to me. I was very clear that I needed it to come to me, a check in my name. She said yes - 7-10 days and I would have a check in my hands. She told me that I could wait for it, or pay the Sales tax again to have the vehicle put into my name that day. I decided to pay it. 
Two weeks later, I have no check. I have now spent the better part of 2 hours trying to reach someone at Chrysler Capital. The first woman in the title department looked into it, and then told me that there was no check coming to me. We were then conveniently disconnected when I questioned it. She never called me back. I called back three more times, after going through the automated process each time, I was hung up on again three times. I have a complaint in to my dealer. Please help me resolve this issue and get my missing sales tax. I would love to hear a copy of my phone calls that are 'monitored and recorded ' each time, as they will confirm my side of the story."
3493,Consumer loan,"This loan was granted to me while I was still in an active bankruptcy, which I believes makes it unlawful. I was in an active bankruptcy XXXX XXXX from XX/XX/XXXX through XX/XX/XXXX. 
I got the title loan XX/XX/XXXX."
3494,Debt collection,"XXXX XXXX XXXX has placed a collection debt on my credit report for what seems to be a home security system for an address I've never lived at nor been to. It is completely fraudulent. I have sent certified letters disputing the collection, as the address is completely foreign to me. Upon recent of my letter, a XXXX representative spoke with me regarding my concerns. The representative stated that the address listed for the home security system was not known or associated with me, ever, nor was it on my credit report. The representative further deceitfully asked me for my address to verify that the account and address on file was not mine. Upon giving the representative my address, she then, unbeknownst to me, updated the account information to reflect MY address and mailed the collection papers to my house. Now the bill has my name and address on it to further their illegal and deceitful attempts to collect a debt for a home system I have never been to, owned, or been associated with."
3495,Money transfer or service,"I am filling a complaint against Cash App ( Block , Inc. ) due to inadequate customer service and unfair practices, which violate the consumer Financial Protection Act ( CFPA ). Specifically, Cash App failed to take timely and effective measures to prevent and address fraud on their platform, leaving my account vulnerable and unprotected. Furthermore, their dispute resolution process was unfair and deceptive, as they did not comply with error resolution requirements under the Electronic Fund Transfer Act ( EFTA ) and Regulation E. These Actions have caused significant inconvenience and financial loss, and I seek appropriate redress for these violations."
3496,Credit card,"We were three days late in paying on our Barclaycard XXXX XXXX XXXX credit card, issued by Barclays Bank Delaware. We ordinarily pay the full balance each month, but we had been on vacation and our schedule was off, so we expected to be assessed some sort of late fee and/or interest. But I was shocked and disturbed to learn what must have been hidden in the fine print : on a total statement balance of {$26.00}, we were assessed a late fee of {$26.00}. This was so disturbing ( and confusing ) that we called to complain. The explanation from a supervisor : the late fee was SUPPOSED to be {$27.00}, but apparently the bank 's policy was to lower it for a smaller balance. When I noted that this was equivalent to charging us 100 percent interest for three days, the supervisor said he understood but that there was simply nothing he could do. In fact, I assume that we will also be assessed interest for the carried balance, so the ultimate cost of this will be more than the total balance. On an annualized-interest basis, that seems equivalent to charging us more than 10,000 %. I do n't know if this is legal, but it should n't be -- it 's an abhorrent, "" gotcha '' charge of the worst sort."
3497,Bank account or service,"Hello, I need to dispute 3 transactions made with my debit card due merchandize not received. I couldnt reach the dispute department by phone. 
XXXX ) XXXX XXXXXXXX XXXX XXXX XXXX XXXX XXXX XXXX XXXX XXXX XXXX  ) XXXX XXXX XXXX I should have received all on XX/XX/year>, I tried to reach the seller several times but they never answered, please proceed with the chargeback request due merchandize not received. 
Thanks"
3498,Credit reporting,"in accordance with the Fair Credit Reporting act. The list of accounts below has violated my federally protected rights to privacy and confidentiality under 15 USC 1681. 

The XXXX XXXX XXXX XXXX XXXX XXXX has violated my rights. 

I looked at my Equifax credit report on XX/XX/2024 and noticed somethings are incomplete and not accurate. And according to the fair credit reporting act whenever a consumer reporting agency prepares consumer report it shall follow reasonable procedures to assure maximum possible accuracy if the information concerning the individual about whom the report relates according to 15 USC 1681 ( e ) ( b ).

And according to 15 USC 1681i 5 they are supposed to do this ( 5 ) treatment of inaccurate or unverifiable information ( A ) in general after any reinvestigation under paragraph ( 1 ) of any information disputed by a consume, an item of the information is found to be inaccurate or incomplete or can not be verified, the consumer reporting agency shall- ( I ) promptly delete that item of information from the fie of the consumer, or modify that the information as appropriate based on results of the reinvestigation : and ( ii ) promptly notify the furnisher of that information that the information has been modified or deleted from the file of the consumer.

and according to 15 USC 1681s-2 they are supposed to not furnish any information relating to a consumer to any consumer reporting agency if the person knows or has reasonable cause to believe the infrmation is inaccurate."
3499,Bank account or service,"I sold a stock on XXXX for {$54.00} on XX/XX/XXXX, and my bank account was mysteriously removed from the app. XXXX reversed the transaction as a result and took my earnings from the stock, and also charged a {$9.00} fee for reversing the transaction. The app 's service used for connecting bank accounts to XXXX, known as XXXX, has not allowed me to connect my bank account to XXXX. Over the past three weeks, I have tried connecting my bank account to XXXX, but to no avail. 

I also tried to pay a friend on XXXX because he put a down payment on an XXXX  we rented for vacation. XXXX also uses XXXX to connect bank accounts. For some reason, PNC is unable to connect to XXXX as well, and I haven't been able to make transactions on XXXX during the same time frame as the encounter with XXXX. 

Today, XXXX  gave me the option to file a complaint to the CFPB, and I'm hoping this can solve the issues I've been dealing with regarding my bank account and other applications."
3500,Consumer loan,"My monthly installments are due on the XXXX of each month. Due to unforeseen financial crisis, I have not been able to reach the payment on that date, however able to make the payments the following pay period. I requested to change my due date but was told I wasn't able to. Due to my financial situation I am able to make the monthly payments towards the principal loan, unfortunately this incurs late fees, which I am unable to pay in addition to the principal at this time. 

One Main Financial continues to call my personal cell during work hours at least five times a day from several anonymous phone numbers : XXXX XXXX XXXX XXXX XXXX XXXX XXXX XXXX XXXX XXXX XXXX XXXX XXXX XXXX XXXX XXXX XXXX XXXX XXXX XXXX XXXX XXXX XXXX XXXX XXXX XXXX XXXX XXXX XXXX XXXX XXXX XXXX XXXX XXXX I've requested them to please stop calling during work hours threatening to confiscate my vehicle."
3501,Bank account or service,"USAA is holding funds from a check issued by USAA itself that I deposited on XX/XX/year> via mobile deposit.

I attempted deposit at another institution XXXX XXXX XXXX  That deposit was rejected because USAA placed verification/security controls on the check that prevented other banks from accepting it.

On recorded calls, a USAA agent read an internal knowledge-base policy aloud that states the hold applies to checks from other institutions ( examples given : XXXX XXXX XXXX XXXX XXXX XXXX  XXXX XXXX This was confirmed three times by two Member Resolution Specialists and one Executive Escalations representative.

Despite acknowledging that the policy applies to external-bank items, USAA stated it will enforce the hold anyway under the Mobile Deposit Agreement and that internal policy does not override that agreement.

USAA has not identified : fraud settlement failure ledger discrepancy processing error I believe this constitutes unreasonable funds unavailability and unfair treatment because USAA : made the check unusable at other banks, and then restricted access internally without factual justification.

Requested resolution : Immediate release of funds and a written explanation of authority for holding internally issued instruments. 

Name : XXXX XXXX Account : XXXX XXXX XXXX XXXX XXXX Address : XXXX XXXX XXXX XXXX XXXX XXXX XXXXXXXX, FL XXXX Phone : XXXX Email : XXXX XXXX"
3502,Mortgage,"Single Male lived in a home 30 years. Fully employed and got injured lost my job. Attempted to modify a mortgage. XXXX Wells Fargo they refused and tacked forclosure Memos on my front door. I fought for a long time. I am XXXX and my mind is not as sharp so forgive me.. The assessed value of the home was {$280000.00}. I was granted a 2 week extention from the XXXX sale, as I was out gunned and had to short sell. for {$130000.00}. 
I was homless for XXXX years and most of my records are gone. Have some like the notices they taped on my door and some old statements. My question is whom over sees ther XXXXXXXX XXXX court settlement?"
3503,Debt collection,"Lockhart , Morris & Montgomery XXXX XXXX XXXX XXXX, XXXX XXXX XXXXXXXX XXXX XXXXXXXX ( XXXX ) XXXX Subject : Cease and Desist Request Regarding Debt Collection To Whom It May Concern, This letter serves as a formal notice to cease and desist all collection activities related to any alleged debt associated with my account. I am asserting my rights under the Fair Debt Collection Practices Act ( FDCPA ), 15 U.S.C. 1692c ( c ), and I hereby request that you cease all communication with me regarding this matter, except as permitted by law. 

Case law has affirmed my right to request the cessation of debt collection communications. In XXXXXXXX XXXX XXXX XXXX XXXX XXXX XXXX XXXX XXXX XXXX XXXX XXXX XXXX ), the court ruled that a consumers request to cease contact must be honored by the collection agency to avoid further violation of the FDCPA. Any additional communication that is not expressly permitted constitutes a breach of my rights under federal law. 

Additionally, the case of XXXX XXXX XXXX XXXX XXXX XXXX XXXX XXXX XXXX, XXXX XXXX XXXX ( XXXX XXXX. XXXX ) reinforces the consumers right to privacy and the obligation of debt collectors to honor requests for cessation of contact. Ignoring this cease-and-desist demand will constitute harassment and a violation of the FDCPA. 

Please be advised that failure to comply with this notice may result in further legal action. This could include filing complaints with the Consumer Financial Protection Bureau ( CFPB ) and the Federal Trade Commission ( FTC ), as well as pursuing other remedies to protect my rights. 

Thank you for your immediate attention to this matter. I expect written confirmation that you have received this cease-and-desist demand and that you will comply with it accordingly. 

Sincerely XXXX XXXX XXXX"
3504,Debt collection,"To W hom It May Concern, I am disputing the validity and accuracy of the alleged debt referenced in your correspondence. Please provide the following information in writing : The name of the original creditor The date the debt was allegedly incurred The amount of the original debt Documentation showing that I am legally responsible for this debt Documentation showing your legal authority to collect on this account The date the account was transferred or purchased by your company To the best of my knowledge, any valid debt associated with this matter should have been included in and XXXX through XXXX XXXX. In addition, I have been unable to obtain proper verification or supporting documentation regarding this alleged account. Furthermore, I do not recognize your company as a creditor, nor do I believe I have ever had a direct account or agreement with your company. Under the Fair Debt Collection Practices Act ( FDCPA ), I am requesting validation of this alleged debt. If you can not provide proper verification, I request that you cease all collection activity and stop sending correspondence to my address regarding this matter."
3505,Debt collection,"Caller ( Ph # XXXX ) claimed to be with Arcadia Recovery Bureau, asked for me by name, then asked for my birthdate as a verification. Caller refused to disclose the nature of the call unless I furnished her w/ my birthdate. I terminated the call. I have no knowledge of the agency named, but it 's evidently a collection agency. I 've no knowledge of any debts that would have been given to such an agency."
3506,Money transfer or service,"I am writing to formally express my concerns regarding Zelle 's handling of disputes, particularly in light of the recent CFPB lawsuit highlining significant issues with the platform. Despite using Zelle numerous times and reporting discrepancies, my financial institution and Zelle failed to investigate my claims adequately. They informed me that recovering lost funds was impossible and that tracking these transactions was also impossible. The CFPB 's findings indicate that Zelle has not only neglected to protect consumers but has also allowed repeated offenders to exploit their system, leaving users vulnerable to scams. This lack of accountability and transparency is unacceptable and raises serious concerns about consumer safety."
3507,Bank account or service,"Im a US bank customer for more than 10 years. I mailed two checks to the county of XXXX on XX/XX/XXXX for my property taxes. I dropped off the mails in the mailbox in front of the post office. Both checks were stolen. One with the amount of {$9900.00}. I filed an investigation with US bank on XXXX  The other check with the amount of {$5700.00} filed on XXXX I am following up with the bank by phone and in person to a branch. Every time I receive different information regarding how soon I can receive my money back. Last conversation with XXXX XXXX the fraud supervisor was today, he said that it can take up to 4 months to complete the investigation. And bank is not liable to give me provisional credit. Please kindly assist me. Since I am paying interest on this amount, I have already had {$550.00} delinquency fee. Sincerely"
3508,Money transfer or service,"I am filing a complaint against Cash app ( Block, Inc. ) due to inadequate and unfair practices, which violate the Consumer Financial Protection Act ( CFPA ). Specifically, Cash App failed to take timely and effective measures to prevent and address fraud on their platform, leaving my account vulnerable and unprotected. Furthermore, their dispute resolution process was unfair and deceptive, as they did not comply with error resolution requirements under the Electronic Fund Transfer Act ( EFTA ) and Regulation E. These actions have caused significant inconvenience and financial loss, and I seek appropriate redress for these violations."
3509,Debt collection,"i had complaint to the state of education about this? i dont know who is this third company COAST professional they have a XXXX XXXX XXXX XXXX XXXX LA XXXX. this company doesnt even say where its from. I have disputed this was cancel and i inform the state of educ. I have a XXXX  and there were no loan borrowed? all this was cancel and they wrote the wrong name. very unprofessional acct XXXX for XXXX. all this is wrong?? no school, no loans, this company is fraud. i spoken to XXXX. But i never borrow anymoney from them so how can they say i own them money. im not sure where this from .should be all cancel, no name, no endorse loans. I have a XXXX. this dedt company is trying to go around it because it was discharge. i never borrow any money and they have someones wrong information. i dont know if this is vocational or third party. I never took a test or sign anything."
3510,Debt collection,On XX/XX/XXXX I got a call from XXXX XXXX XXXX about a debit from XXXX that I have no clue about. She said they weee going to take legal action about this old debit and file collections and one of the charges were XXXX XXXX?? These were for my partner they were trying to get ahold of not even me. It was for World Finance Company. XXXX XXXX for that type of loan? Even if they can send me proof of the debit as I requested via email to them I think something as serious as wire fraud is crazy!! That is a federal offense and I feel they were trying to scare me into just paying without proof of the debit.. this is wrong on so many levels! I also attached a copy of the email that they sent to me that is not even made out to the correct person. No idea who XXXX is.
3511,Bank account or service,"We ordered a book from XXXX on XX/XX/XXXX through a 3rd party seller. The next day that seller took my wifes name, card number and address and charged {$200.00} on what they said was a charging doc. ( We didnt order that ) we contacted chase to. Cancel card because it was fraud. The company ended up sending us three tape measures the cheap kind you can measure your belly so that they had a tracking number ( decoy ). We were so confused as to why we recorded this because once again we didnt order it. We then put it all together. The location of the purchase was in XXXX we had all the information from Chase and XXXX. However so once the decoy was delivered no one wants to help us. XXXX has been so hard to work with and hung up on us multiple times. We have been customers of chase for over 16 years and they arent helping. We just want our money back that we didnt not spend I have attached picture of the decoy package that was sent and our ring camper to prove that it was not what we were charged ( once again we didnt order it ) also the location of the XXXX placed XXXX again we live in XXXX"
3512,Consumer loan,"I have sent three separate emails stating that they are unlicensed lending. You are not licensed under Floridas Consumer Finance Act ( Chapter 516 ) to make loans here.

Excessive APR. Florida Statutes Chapter 687.03 caps allowable interest at 18 % per annum simple interest, unless the principal exceeds $ XXXX threshold clearly not met here. They kept ignoring my emails. I sent emails on the dates XX/XX/XXXX, XX/XX/XXXX, and XX/XX/XXXX. I did not realize the amount of APR when I took the loan."
3513,Credit reporting,"I have been trying for months to get my credit score from this company, they never help me, all they do is tell me to send copies of my identification to the credit company and nothing ever gets solve, first I wasn't able to get my credit score now I cant even log in to my account ... .this is ridiculous"
3514,Consumer loan,I would Like to File a complaint On behave of Wells Fargo bank. I called the Bank to asked for a One time late payment fee forgivness. I was Told By the Rep That she couldn't do it since My Payment was due on the XX/XX/XXXX Of the Month and today is the XX/XX/XXXX. Poor Banking wells fargo I been a Customer at Your Bank for exactly 10 Years. If you are that Hard up for {$27.00} late Fee bless You and Your bank. From your past Experience of opening up Fradulent accounts in fake people Name Your bank is No Good! I will ask your business to Please remove the the late payment Fee as a 1 time courtesty and I will Give you 30 Days to DO IT if you fail to do so watch How QUICK I WILL CLOSE EVERY ACCOUNT IN MY NAME WITH YOUR COMPANY! I deal with alot of Banks and I have never in my life seen one quite as dirty as Yours to a customer of 10 years very sad WELLS FARGO
3515,Money transfer or service,"Wired {$15000.00} to  Coinbase  on  XXXX / XXXX /   2017  for use on their  XXXX  digital currency exchange. Wire transfer was processed next day from my bank checking account, details show in my account. I had previously transferred {$5000.00} to Coinbase from the same account with no issues.     Funds were transferred to : Recipient Na me Coinbase, Inc  Recipient Address  XXXX   XXXX   XXXX , #  XXXX ,  XXXX   XXXX , CA  XXXX  Bank  Name    XXXX   XXXX   XXXX   Bank  Address   XXXX   XXXX   XXXX   XXXX   XXXX    XXXX   XXXX  , NY  XXXX  Routing/ABA Number  XXXX  Account Number  XXXX  ( additional identifier for my consumer account was added in the 'instructions ' field ) Coinbase states on their website : "" Bank wire transfers may be credited to your   XXXX   account on the same day if submitted by  XXXX  PT. Otherwise, funds will be available after  one  business day. '' As of  XXXX , funds from this wire transfer are not available in my account.     I have attempted to contact  Coinbase  customer support through their online support system, by email and  XXXX  direct message since  XXXX . No other channels for contact are available. Company has not responded or provided any information on the missing funds . Case ID  in company 's helpdesk system is  XXXX ."
3516,Credit reporting,"My identity has been compromised by theft awhile ago, the after effect still has me compromising with the credit agencies. It's my believe the credit reporting agencies should physically verify any information that report and pass that same information by way of physical documentation to the consumer, if not then the accounts should be blocked permanently and instantly. The following inquiries needs to be blocked from my credit report someone obviously used me information. The following inquiries are XXXX   ( XX/XX/XXXX ), XXXX  ( XX/XX/XXXX ), XXXX XXXX ( XX/XX/XXXX ), XXXX ( XX/XX/XXXX ). In addition the following accounts also need to be blocked for the same reason, XXXX XXXX  ( XX/XX/XXXX ), XXXX XXXX XXXX   ( XX/XX/XXXX ) ( XX/XX/XXXX )"
3517,Money transfer or service,"On XX/XX/2026, an unauthorized wire transfer of XXXX was sent from my Wells Fargo account to an individual named........... I did not authorize, initiate, or provide credentials for this transaction. A XXXX investigation has since confirmed that a malware-based background client program infected my device and harvested my passwords, enabling this unauthorized access. Although the account is accociated with my business trade name, it is my primary personal account tied directly to my Social Security Number, making me personally liable for these funds. I have disputed this with Wells Fargo, but they have erroneously claimed the transaction was "" authorized. "" I have already filed an identity Theft Report with the FTC and IC5 and provided supplemental technical evidence of the breach to my protection services. I am seeking a full reversal of this fraudulent transfer as i was a victim of a technical security breach, not a willing participant in the transaction. Also Police report and Detectives still have the case open."
3518,Mortgage,"XX/XX/XXXX Credit Limit was {$50000.00} and unauthorized Banking Transfer of {$49000.00} was added to account. Homeowner was confused so stopped making payments. On XX/XX/XXXX, homeowner and I called lender and were told the XXXX Department would research and put a hold on foreclosure, XXXX. On XX/XX/XXXX and XX/XX/XXXX, the homeowner was contacted by the lender 's Fraud Department but they would not allow the HUD certified housing counselor to join the call and would only speak to the homeowner. Difficulty reaching the Fraud Department through many transfers and no answers about investigation given. On XX/XX/XXXX, told there was no person handling the account and there was a charge off, but the homeowner 's monthly statements continued to include the extra {$49000.00} plus interest and late fees. Homeowner submitted a Request for Mortgage Assistance and her Point of Contact noted the Fraud investigation and said he would try to get the balance down to {$50000.00}. On XX/XX/XXXX, the Fraud Department stopped communicating with the homeowner. A 3-month trial payment plan was offered including the entire disputed amount."
3519,Credit card,"Credit Card : Banana Republic Rewards XXXX Issuer : Barclays XXXX I openened the card in XXXX of XXXX at a Banana Rebublic store after seeing that there was an ongoing promotional offer of XXXX Banana Republic rewards points for all NON-BRAND credit card spend, anywhere XXXX is accepted, through the XX/XX/XXXX. 

In XX/XX/XXXX, I purchased {$1100.00} of goods that count towards that non-brand spend. They were for goods and NOT cash equivalents. Per the terms and conditions, I should have received XXXX points ( XXXX ) within XXXX billing cycles but have not. Additionally, on XX/XX/XXXX, I made another NON-brand spend of {$7200.00} ( also of goods ) of which I am expecting XXXX points as well. 

To date, I have not received the XXXX credit card bonuses that I should have received. 

In order to rectify and investigate this, I reached out to both Banana Republic and Barclays XXXX customer service on XX/XX/XXXX and was given the case number from Barclays of XXXX. 

I reached back out to Barclays on XX/XX/XXXX for an update and was told that upon reviewing my account they could not find any such XXXX non-brand spend reward points bonus for my account and that I would need to send proof. I have received multiple emails with the offer up to this point ( which I will attach ) and so at their direction I PRINTED out the email and mailed it to their po box XXXX in XXXX DE on XX/XX/XXXX and confirmed with XXXX tracking that it arrived XX/XX/XXXX. 

Today as of XX/XX/XXXX, I have had no updates from Barclays and do not see any of the points yet that I should have received. I am hoping that reaching out through a complaint here with the CFPB will net me a positive result, that I won't have been gypped out of hundreds of dollars worth of points."
3520,Credit card,"I made a significant purchase using my Best Buy Citi account, 2 years ago. I took advantage of the 0 percent interest financing opportunity for 24 months. I made payments on the card, each month. What I did not realize was that Citi was not applying the payments I was sending in to my promotional balance. They were applying it to other balances. I did n't realize this until I received a finance charge of over {$3100.00}! Obviously, I was shocked by this and immediately called in and they told me if I could pay off the promotional balance ( ~ {$4400.00} ), they would waive the finance charges. I actually paid {$6000.00} to Citi and I had to borrow money from my son in order to do this. I called them to make sure they were going to waive the financing charges after they received the {$6000.00} from me, and they told me that I only had until XX/XX/XXXX to do it. They received the money on XX/XX/XXXX and told me that "" there was nothing we can do. '' First of all, their payment processing is deceptive, as I thought I was paying down the balance. Second, they TOLD ME that they would waive the finance charges if I paid them {$4400.00}. I paid {$6000.00}! If I knew they were going to go back on their word, I would n't have paid that much! I would have used the money for other bills. I, in good faith, made the payment and now Citi is charging a XXXX year old widow a huge finance charge. Please compel Citi to honor their word."
3521,Consumer loan,I contacted XXXX on XX/XX/XXXX because too much money was garnished from my wages. I was then told to contact Navient. I contacted them and was told that I would receive a check for the over paid amount ( XXXX and XXXX ) within 30-60 days. I contacted them again on XX/XX/XXXX because the second amount was garnished. I was then told it would be 60-90 days for my refund. I contacted Navient again on XX/XX/XXXX and told that now it would be 90-120 days and the money would be sent directly to my employer. I was never notified in writing or by phone call of the change in policy.
3522,Mortgage,"On XX/XX/XXXX I called KeyBank to know the status of the loan with an agent. I provided my Social Security number and verified myself with the agent. Then the agent asked me for my phone number to send a text to me for further verification. However, I had never had to to this before and it appear strange. When I gave my phone number, he stated that it was not the right phone number. So, I asked what phone number did the agent have and he refused to tell me. So I gave him another number that was a old landline that would have been the only number that I had ever gave KeyBank and the agent stated that was the wrong phone number which was weird. The KeyBank agent then stated that I would have to go to a branch in-person to verify myself. I then told the agent that there are no key banks in the state of Illinois. The agent stated that would be the only way to get any information regarding the account. I then requested to speak with a manager. The manager came on the phone with a language barrier who was also no help. She advised me that I would have to go to the nearest bank that was XXXX hours away in Michigan. I stated are you serious I do not travel and Im a XXXX XXXX Veteran. The agent stated that was my only option to get any information to my account. 

Im dealing with ongoing fraud with my home which I informed the agent. It appears that someone used my personal information to reach out to KeyBank pretending to be me, and provided a phone number that is not mines to prevent me from obtaining any information to my KeyBank account My reason for contacting KeyBank is because I recently looked in the recorder of deeds and noticed that I have a satisfaction of the loan in XX/XX/XXXX for the KeyBank home improvement loan, and I never received a notice of this prior. So, I wanted to know was the loan charged off and why was I not notified of this previously?"
3523,Consumer loan,"I had given the run around that I would be able to pay but when I finally told them that I did not have the money and that I would pay it off as soon as I got my taxes and that they had been filed they said they would have to continue the collection. I told them ok I understand. They have been calling me daily and I tell them the same thing daily, that I am unable to pay but I will be able to do something at least by the XXXX. Today I did n't even receive a call and XXXX, the manager, said that she just decided to call my references instead because I was going to tell her the same thing. I have been answering now and being honest and now I am at the point that this is harassing and it is very stressful because I am doing the right thing now by being honest and I answer and I tell them as soon as I get paid I will pay it. She told me that it was policy to call my references when I continue to give them the same answer every time. This was for Western Shamrock in XXXX, XXXX. I talked to one of my friends that has a loan with them that she still owes them and they do n't do this to her. XXXX, has even called my job wanting to know what she needed to do put a garnishment on an employee that worked for my company. I am fed up."
3524,Money transfer or service,"My issue is mainly with Zelle, to some extent XXXX is a related party but they tried everything in their power to help, and are unable to due to the account being closed with them. 

I had a XXXX online banking account. I also originally had a stand alone Zelle account. I had transferred this Zelle account to work with XXXX, but I had unfortunately done this after XX/XX/year>, which during the time XXXX with Zelle had increased fraudulent activity, causing all XXXX  accounts made/Zelle accounts linked after XX/XX/year> to have those linked Zelle accounts restricted. The issue never really resolved itself in my case. Many back and forth calls at the time of the issue, and recent back and forth calls, and neither Zelle nor XXXX are able to help. In the case of XXXX, they did everything in their power to help, but were unable to due to the account with them being closed. Zelle on the other hand constantly tells me to contact XXXX, even after explaining that there is nothing XXXX can do. At this point I really just want my information removed from Zelle all together but they refuse to even do that because of the restriction reported by XXXX, with which I don't have an account and therefore have no way to get resolved on their end. This is an issue that has affected many, and I'm not sure if it was ever resolved for anyone."
3525,Mortgage,"I am filing this complaint because Nationstar Mortgage LLC purchased hazard insurance when my mortgage was transferred from XXXX in XXXX of 2015. I have had continuous homeowners insurance coverage through XXXX XXXX. I have provided proof of insurance to Nationstar, and I am still waiting for confirmation that the hazard insurance payments will be waived. When I call Nationstar Mortgage LLC, the phone bank employees : a ) can not find proof of insurance documents that I uploaded to their website, b ) can not locate documents that were FAX 'd to Nationstar by my insurance company, c ) can not locate the documents that I mailed by certified mail, d ) claim that my insurance has had a lapse of payments, e ) refuse to escalate phone calls to supervisors, and f ) if they have trouble speaking fluent english they refuse to transfer the call to someone who can speak fluent english."
3526,Debt collection,"Resurgent Receivables LLC is reporting an erroneous and inaccurate Collection account with a balance amount Past Due of {$2100.00} listing XXXX  XXXX as the original creditor to XXXX and XXXX. In violation of FCRA and FDCPA, a Collection should not have a balance amount reported as past due. This matter is inaccurately and incorrectly listed as a collection and also a balance amount past due at the same time. 

I previously disputed this same Collection to XXXX regarding Resurgent Receivables LLC reporting an erroneous and inaccurate Collection account with a balance amount Past Due of {$2100.00} listing XXXX XXXXXXXX as the original creditor. XXXX removed the Resurgent Receivables LLC erroneous and inaccurate Collection account. 

I hereby further dispute Resurgent Receivables LLC pursuant to The Fair Credit Reporting Act 609. Disclosures to consumers [ 15 U.S.C. 1681g ], Section 609 ( a ) ( 1 ) ( A ), and FCRA 611 ( 15 U.S.C. 1681I ). PROCEDURE IN CASE OF DISPUTED ACCURACY. 

Resurgent Receivables LLC is not my creditor. 

I also dispute XXXX XXXX as my original creditor. XXXX XXXX doesn't appear on my credit reports and this isn't my creditor. 

I dispute the entire balance currently and updated balance/ updated balances pursuant to FCRA Section 623 ( a ) ( 1 ) ( C ), FCRA 623 ( a ) ( 2 ) ( B ), and FCRA 623 ( a ) ( 5 ) ( A ). Pursuant to FDCPA Section 809. Validation of debts ( 15 USC 1692g ) requires validation of debt before reporting information on my credit file."
3527,Debt collection,"To Whom It May Concern, The reason for my dispute is XXXX # XXXX was required to notify me no later than 30 days after furnishing the negative information to credit bureau reports, in writing ... under such section 623, subsection ( 7 ) ( A ). However, in my records, I am unable to locate documentation that they complied with this requirement, which is a violation of the FCRA & FDCPA. Also, XXXX XXXX XXXX  failed to give me my "" Mini-Miranda '' five days prior to placing this derogatory item on all of my credit reports, per Section 807 ( 11 ) & FDCPA 809, Under 809. Validations of date and Mini-Mirandi under Section807 ( 1 ) XXXX XXXX XXXX failed to send me my initial communication before placing this alleged item on my credit reports further violating the FCRA, with {$1000.00} per violation XXXX XXXX XXXX  is held liable as well for defamation and in the state of OHIO indebtedness with those of other creditors against an individual debtor or co-debtors. FDCPA I fail to see where XXXX XXXX XXXX is in compliance with OHIO LAW. I also have report this account to the FTC, and XXXX Police Dept.I need this collection account to be removed from my credit report. XXXX XXXX XXXX has not even tried to contact me regarding this Fraudulent collection account. Please have them remove this collection account immediately."
3528,Credit card,"I signed up for a southwest rapid rewards credit card through Chase. They were running a promotional offer, an offer they are still promoting today, of which if you spend {$1000.00} within the first three months of opening your account, they will add 40K bonus points to your card. After opening my card, I spent the next few months spending the required amount. On their site it states that it may take up to 8 weeks for the points to be added to your card. After the eight weeks had passed, I still had n't received my bonus points. I reached out to them to ask why my points had n't been added to my account. As it turns out, to get the bonus points, I had to spend {$2000.00} within the first three months to receive 50K bonus points. This was not the offer I was believed to have signed up for. They clearly are running a bait and switch promotional offer to get customers to sign up. Customers believe they only need to spend {$1000.00} to get the points, when in reality they need to spend {$2000.00}. It is false advertising and misleading."
3529,Credit card,"My Uncle and I opened a Bank Of America credit card last year. Bank of America mailed out new credit cards without advising us. They said the cards went out activated. They said the cards must have been intercepted per Bank Of America 's customer service representative. Fraud charges were charged on the card, they all but accused us od doing it. The person that did the fraud was able to make charges, make fraudulent payments and charges in another country. Bank of America did not do their due diligence in protecting the account and our information. They also sent info to the credit bureau closed due to fraud by credit grantor which made it look like we did the fraud. So after all of this they are telling us they closed the account and we would have to reapply for a card. This should be illegal, so if they deny the credit card being reopened it 's negative and if they open it it 's a ding on our credit report. We should not be penalized for this. I am not going to ra apply, we should just be issued another card and we should be able to close the account not them. They punished us the customer for something we did not do. This is less than a bank and I believe the fraud is an inside job. Too much happened on the account for it to be an outsider. Please help us resolve this issue."
3530,Credit reporting,"USCB America is reporting a debt on my credit file that I do not owe. I recently checked my credit and noticed this debt, I called and paid it immediately. I was very confused about this debt because I had no idea it even existed. I never received any calls, notices, or letters about this debt which violates my 30 day right to dispute. Not only did they fail to notify me for one of the debts but TWO. How does this happen? After paying and giving them some time to update I check my credit again to find that the debt is still being reported. This is ridiculous!!! I don't understand how this company can add these items to my credit without notifying me and continue to report debt when I have paid them. This is erroneous and ridiculous. I need this removed from my credit file IMMEDIATLY."
3531,Money transfer or service,Sometime in XX/XX/2022 I fell victim to a multilayered scam orchestrated by XXXX.XXXX. This involved transfer of a sum of XXXX dollars from my account in Bank of Oklahoma to a recipient in XXXX XXXX XXXX  for investment purposes. I have been cheated of that amount.
3532,Credit card,"I applied for a chase business credit card on the chase mobile app. Because it was an offer on my portal. We currently have a chase checking account for our business and wanted to get the credit card to avoid being charged monthly maintenance fees. We applied for the card and got a generic processing response. 

We got a phone call from a rep stating we needed to verify the business. ( The business should already be verified since we are a customer of chase already. ) on top of that, when we applied through the app, all of my information was already on the app. All I did was really hit submit. 


The rep stated I need to show proof of address and my EIN. I faxed those documents in which was a previous credit card statement and my EIN from the IRS. 

The fraud department reviewed that information then stated they couldnt accept my EIN from the IRS. But yet this is CHASE fraud department? They cant identify my business with a letter from the Irs? Insane. 

The rep said she would put the docs back through and have the re-look because apparently someone wasnt doing their job. 

The reviewed the docs and Im still getting letters they needed my EIN. At this point, chase is being annoying and I wish I never applied because it was a terrible experience. 

I then called again, they stated lets review your application. I waited on hold for 20 minutes while the rep reviewed my app just for him to say unfortunately youve been denied. After going back and forth about submitting documents to verify my business address and EIN, for weeks. To just be deny was a WASTE of time. When I sent in everything that was needed. I was given the run around. Chase is wrong for this. 

The way the processing went for application was just all wrong. So now I will be moving my money to a new account because chase doesnt care about me or my business."
3533,Credit card,On X/X/17 at XXXX XXXX I went online to make a payment to pay my XXXX XXXX XXXX balance to a {$0.00} balance. I then reviewed my account and saw I was hit with a {$27.00} late fee And a {$1.00} Finance charge. When I contacted comenity I talk to 3 separate account managers all of them who said they will not remove my late fee because I paid the account 32 minutes after there cut off time. There is no where on the website that states their is a cut off time.
3534,Credit card,"Complaint is with American Express platinum Card and loan department. On XXXX I reported a fraudulent loan that was taken in my name. AmEx assured me they had my ba Note my USPS mail was forwarded to a different address 3 time by the person who received the loan. To this day I do not have any information in print on this loan. 

On XX/XX/2020 I was billed {$550.00} for the annual service fee for my Platinum CreditCard. On About the end of XXXX of 2020. My credit cards with AmEx were frozen due to this fraud loan ; and remain frozen. 

I was unable to use the service for which the annual fee was billed. When I reported the fraud AmEx assured me there was no doubt it was not me who took the loan. I have detailed files regarding USPS complaint regarding my mail theft. However all have detailed personal information. attached is the information that i feel safe sending at this time. The Inspector General Reference number is XXXX and XXXX. AmEX would not Email or Special deliver vie, XXXX or XXXX XXXX or even USPS Registered of which I offered to pay. Also my address in the AmEX system was changed almost daily to cover for the fraud. 

I was billed for services I did not receive. And the loan was due to their error. The person who did these things only needed my ss # and name to change my information, and receive this loan."
3535,Mortgage,"Regarding complaint # XXXX, Ditech 's answer is quite misleading. The payments were submitted as their customer service rep advised. Later, the story changed and electronic payments are now the problem. Which is correct? XXXX never addressed the question of whether my information was sent to another customer, just as another customer 's information was sent to me. I would hope in this day and age, they would be more careful with private information but they sent me another customers papers twice. I would like a written statement from them that my information was never revealed to another customer. Thank you for finally getting to the truth and getting them to admit they changed their platform. I was told several times there were no changes made."
3536,Credit card,It appears that Chase does not stand by its cardholders. Once again we received a XXXX answer from Chase ruling in the favor of the XXXX  in XXXX that scammed us for {$18000.00} and performed no services. We cancelled within less than an hour after we were coerced into giving him our credit cards because he indicated that I might die if his services were not performed. Under great duress we gave him 2 of our Chase cards but soon after cancelled within less than an hour ( see proof on file ) We are in disbelief that Chase chooses to stand by this merchant with no proof of services performed. Where is there compassion for 2 XXXX  people ( my wife and I ) against an unscrupulous doctor that extorted {$18.00} from us. Where is the justice. We hopeChase executives will review this case with some compassion for this situation and put a stop to this from this extortiinist. The final letter we received from Chase states while you have a valid complaint with the merchant the results of our investigation confirm that the transactions are valid This response from Chase is another indication that investigation does not include proof of services rendered. This is so unfair and shows us and others that Chase operates only by the book and does not take into account extending circumstances
3537,Mortgage,"I would like to file a complaint on FREEDOM MORTGAGE. I hold a mortgage loan with Freedom Mortgage in XXXX XXXX, FL. I have been unsuccessfully trying to contact someone in the XXXX XXXX department for several days. The online system is down and it instructs one to call to speak with someone at XXXX. I have called that number several times and have been on hold collectively for over 4 hours this week alone. The phone disconnects around 48 minutes, and I have to start over. I have spoken with customer service several times and they claim they can not speak with anyone either. Customer service tells me that I have to "" just wait on hold for someone to answer ''. Customer service also told me that Freedom Mortgage does not call customers back, because they are too busy. How long should one have to wait on hold and how many phone calls do I need to make to show/prove that I have done my diligence? I've waited hours and hours to speak with someone about this to no avail. I am unable to take my bank account information off my account also. I would like to take it off so when I miss my next payment, they will call. I'm at a loss on how else to speak with someone about my loan. I have documented all times of attempted contact by me."
3538,Mortgage,"I accidentally paid my property taxes and Newrez Mortgage refuses to refund my escrow account. I was not able to get the money back from the Government. They said once Newrez paid my property taxes they would refund Newrez and Newrez would refund my escrow account. They claim they have refunded me, but a lesser amount of money then I paid. They still owe me money. They claim they are paying my insurance, but I am paying insurance from XXXX. I paid {$3200.00} but they only refunded me {$2200.00}. They still owe me {$1000.00}. XXXX said that my insurance has not gone up. There is no reason we can find for the money missing from my escrow account. I have called many time and submitted all the documentation via their website, but I unable to resolve this matter."
3539,Bank account or service,"The Discover Bank refuse to provide me a monthly statement including ONLY the transactions for that month for XXXX and XXXX ( say quarterly end ). 

They do provide monthly statement on XXXX, XXXX and XXXX, but for the XXXX statement and the anticipating XXXX statement, they include all activities in that quarter ( say it becomes a quarterly statement ). 

I asked them to provide me a monthly statement in addition to the quarterly statement. But they refused to do so."
3540,Credit card,"DISCOVERBANK is reporting on my personal credit file. This account was opened fraudulently. Ive informed all parties of the issue & provided the necessary documentation to support my claim. The data furnisher ( DF ) is not complying with federal law in regards to identity theft. Additionally, the data furnisher has not provided me with any evidence of an open contract, signed contract or any valid proof this was opened, authorized or created by me. 

( DISCOVERBANK XXXX, DISCOVERBANK XXXX )"
3541,Debt collection,"b'I have been trying to deal with this collection agency and they don\'t seem to be using fair business practices.  I called them on XXXX  at XXXX to ask them where they got the final number because it didn\'t seem correct.  I had received an email from XXXX  on XXXX saying the amount was near $XXXX.  When I spoke with XXXX XXXX at the collection agency, he said that that offer was no longer available and that he would send me an email with the current amount.  I have yet to receive any email communications from him regarding this business other than for him to say for me to call in. There would be no way for me to have a record of any phone calls and was clearly ""burned"" on the first call.  They continued to call me repeatedly until I sent them a certified letter which they received on XXXX XXXX XXXX at XXXX. This letter requested the information and I have still not received anything regarding the account. \n\nI have a couple more attachments but the system will not let me add them:  \n1). Copy of the certified mail receipt - No. XXXX XXXX XXXX XXXX XXXX XXXXn2). Copy of the XXXX  bank email with the offering of $XXXX.'"
3542,Bank account or service,"On XX/XX/2022 an electronic draft request was issued by XXXX XXXX XXXX on my behalf for our car insurance premium in the amount of {$220.00} to USAA. On XX/XX/2022 USAA refused this charge despite having a sufficient balance in the account. My insurance company cnacelled the policy and refused to cover damage dpne to the car after the policy was cancelled. I now have a significant amount of damge on both vehicles and because of this, i can not have the car insured at all. This leaves me vulnerable to legal and financial action against me if I drive my vehicle without coverage. I have tried to work with the bank to get the damages covered. They refuse to give me contact with anyone other than the resolutions department and refused to provide me with any proof that there were insufficient funds at the time of the attempted withdrawal. I am now forced to seek legal representation at my cost to resolve the issue."
3543,Credit reporting,"Hello I'm a XXXX person trying to get by on a very low income. 
In XXXX XXXX XXXX XXXX XXXX in Florida for XXXX XXXX XXXXXXXX XXXX XXXX happened during a car loan I had with XXXX XXXX from XXXXXXXX XXXX XXXX XXXX XXXX {$9700.00}. 
They took all my worldly possessions, as well as, my car, and auctioned it off in Texas. 
My current credit score is XXXX Which is very poor and causes me financial hardship. 
The loan is now in possession of a collection company. 
I'm trying to get on with my life, yet I can not receive any sort of loan or checking account Please help Sincerely XXXX"
3544,Debt collection,"Portfolio Recovery Associates ( PRA ) recently started calling me daily, I answered a call on XX/XX/2026 and the woman I spoke to said they were attempting to collect a debt from XXXX XXXXXXXX after I disputed it via XXXX, I explained I was the victim of identity theft and explained that I could provide my FTC report my reference number is XXXX. I also filed a police report with XXXX XXXX XXXX  XXXX  my case number is XXXX. Also in accordance with the Fair Debt Collection Practices Act, I demanded they stop collection proceedings against me and remove the fraudulent account. The debt is the result of identity theft. I'm submitting a complaint today because they are persistence about this debt which was the result of identity theft and I will consider legal action if they continue to disregard the fraud."
3545,Credit reporting,""" I was shocked and devastated to see credit inquiries without my knowledge. I have reached out

to the creditors to ask the following but they have FAILED to provide such. Inquiry Details : Ask the creditor to provide specific details about the inquiry, such as the date it was made, the purpose
of the inquiry and the type of credit product or service associated with the inquiry. Application Documentation : Request copies of any credit applications or other documents related to the inquiry. This may include application forms, agreements, o
r disclosures that you would have completed or received when applying for credit.

Authorization Documentation : Ask the creditor to provide evidence of your authorization for the inquiry. This could include signed consent forms, agreements, or disclosures that demonstrate you provided permission for the creditor to access your credit report.

Communication Records : Request copies of any correspondence or communication between you and the creditor regarding the inquiry. This may include emails, letters, or notes documenting your interactions with the creditor.

Internal Records : Ask the creditor to provide internal records or notes related to the inquiry, including any decision-making processes or reasons for initiating the inquiry.

Identity Verification : If identity theft is a concern, request verification measures taken by the creditor to confirm your identity before initiating the inquiry. This may include verification of personal information or identity documents provided during the application process. 
Compliance Documentation : Inquire about the creditor 's compliance with relevant laws and regulations governing credit inquiries, such as the Fair Credit Reporting Act ( FCRA ) and Equal Credit Opportunity Act ( ECOA ). 
"""
3546,Consumer loan,"I am filing a formal consumer compliance complaint against Upstart Network , Inc. for the wrongful retention of consumer funds and accounting non-disclosure following a canceled vehicle loan contract due to dealer non-delivery. The Facts and Accounting : The original loan contract was executed with Upstart for a total of {$14000.00} involving the dealership XXXX XXXX ( Illinois ). Due to vehicle non-delivery by XXXX XXXX, the vehicle loan framework was officially canceled and an active Upstart XXXX XXXX ARL Dealer Buyback was initiated. While the loan framework was active, I made XXXX ( XXXX ) consecutive biweekly payments of {$160.00} each, paying a total of {$810.00} out of pocket to Upstart. To execute the formal ARL Buyback and close out the canceled framework, XXXX XXXX issued a direct buyout payment of {$14000.00} to Upstart. Following this dealer buyout payment, Upstart executed a final automated ACH draft of {$33.00} from my checking account to close the file. The Violation : The total sum of funds received by Upstart Network , Inc. across this transaction equals {$15000.00} ( {$810.00} in personal payments + {$14000.00} in dealer buyout funds + {$33.00} in the final account draft ). This cumulative amount exceeds the original loan value by {$460.00}. Even factoring in accrued interest during the brief active window of the account, Upstart Network , Inc. is wrongfully withholding my out-of-pocket fundsa total of $ 850.96on a nullified finance framework where the asset was never delivered to the consumer. Upstart has refused to issue a breakdown or a refund via standard customer channels, stating that "" all pertinent information was contained in previous emails. '' Desired Resolution : I demand a formal, line-item ledger statement of the closed account and an immediate refund of my out-of-pocket payments totaling {$850.00} via check or direct deposit from Upstart Network , Inc . They can not legally retain consumer payments on a nullified contract."
3547,Credit reporting,"Over the past two years, I have reached out to the credit reporting agencies to correct errors on my profile. They have not been very helpful with removing unverifiable items, which they continue to post to my profile without doing a proper investigation. XXXX is not showing any of the accounts the other two are showing, and all information on my credit needs to be accurate. I dont have student loans but they are posted as collection accounts on XXXX and Experian. Ive sent out 3 different letters to them, certified mail and havent received a response. My most recent letter was sent on XX/XX/XXXX, the letter before that was sent in XX/XX/XXXX."
3548,Credit reporting,"Dis attorney off XXXX XXXX XXXX XXXX XXXX XXXXIs a account that is opened by mistake, this account is in XXXX current and payments are being paid on time for a few years now. XXXX opened the same amount and is reporting negative remarks and late payment history. 60-90 days late payments on a account that 's being paid in XXXX"
3549,Mortgage,"XXXX sold my mortgage to Specialized Loan Servicing on  XX/XX/2019. Since XXXX, Specialized Loan Servicing has repeatedly refused my mortgage payments. They have  inaccurately changed the amount owed to reflect a significantly higher amount. The escrow itemization is also wrong. I emailed and repeatedly called SLS attempting to pay and explain the inaccuracies without success. I even emailed the CEO asking for his assistance to correct our escrow and accept payment. I received a reply from his email stating he was on vacation and would respond when he returned. Unfortunately he never responded. Our home 's value is almost {$100000.00} more than what we owe SLS. The law firm XXXX XXXX XXXX XXXX located in XXXX is representing SLS, and auctioning our home tomorrow at XXXX XXXX in XXXX county, Alabama. Last month, I was forced to file the attached lawsuit because SLS refused to accept our payment and explain to us why we owe the inflated amount. In XXXX, XXXX and XX/XX/2019 I was told by SLS representatives repeatedly they didn't have all of the documents to confirm the accurate amount which is why they couldn't accept my payments. How could they foreclose on my property when they admitted to not having the proper documentation yet from the recent sale from XXXX? It has come to my attention that an associate of XXXX XXXX XXXX XXXX has a vested financial interest with Specialized Loan Servicing. Is that a conflict of interest? It appears SLS purchased my mortgage with the expectation of foreclosing on my property without allowing me an opportunity to question the inconsistencies. I argue that our lenders and servicers have exploited our mortgage account for financial gain with intent to cause my family financial harm. I ask CFPB to fully investigate this matter, and know that I am prepared to pay what I accurately owe. I beg for your immediate assistance investigating this matter to the fullest extent possible."
3550,Money transfer or service,"I am filing a complaint against CashApp ( Block, inc. ) due to inadequate customer service and unfair practices, which violates the Consumer Financial Protection Act ( CFPA ). Specifically CashApp failed to take timely and effective measures to prevent and address fraud on their platform, leaving my account vulnerable and unprotected.

Furthermore, their dispute resolution process was unfair and deceptive, as they did not comply with error resolution requirements under the Electronic Fund Transfer Act ( EFTA ) and Regulation E. These actions have caused significant inconvenience and financial loss, and I seek appropriate redress for these violations."
3551,Mortgage,"I have had nothing but bad service with First Mortgage Corporation ( "" FMC '' ). A few months ago I was told they sold my loan to another servicer. I began calling the other servicer for an address to send my payment. They told me they did not have me in their system. Finally after calling for a FULL month, I called FMC and was told that my loan was NOT sold and it was still with them. 
Fast forward to XXXX XXXX, 2016. I was told again that my loan was being sold to another servicer. I went ahead and paid the XXXX payment to FMC to avoid the issue of waiting for an address to mail the payment to the new servicer. I then on XXXX XXXX received a notice in the mail from the treasury department telling me that my taxes were never paid in XXXX and that they would be publishing my information if it was not paid by XXXX XXXX. I called FMC and left a voicemail and said that my taxes were not paid and for someone to call me. I never received a call back. I then began calling the new servicer to let them know of the tax situation and was told that my loan information has to be in their system before they can do anything about the taxes. I have been calling for weeks and my loan is still not in their system. I began to wonder if my loan was transferred or if I was again told that it was sold but it actually was not. I again called this morning to FMC and received a voicemail over and over again. Unless I know an extension I have no one to talk to. I do n't want to pay my taxes directly as I have already paid it in my mortgage."
3552,Money transfer or service,"I am filing a complaint against Cash App ( Block , Inc. ) due to inadequate customer service and unfair practices, which violate the Consumer Financial Protection Act ( CFPA ). Cash App failed to take timely and effective measures to prevent and address fraud on their platform, leaving my account vulnerable and unprotected. Furthermore, their dispute resolution process was unfair and deceptive, as they did not comply with error resolution requirements under the Electronic Fund Transfer Act ( EFTA ) and Regulation E. These actions have caused significant inconvenience and financial loss, and I seek appropriate redress for these violations."
3553,Consumer loan,"Santander has been involved in a class action lawsuit based on consumer records from XXXX loan was started in XXXX and I show no accurate reports of my Loan being reported on my report from the time it was started. Loans that were open between this time should have qualified for a class action lawsuit on predatory lending. I have been hit with a large amount in interest on a loan that should have been paid off this year but instead I have been a victim of predatory lending making it impossible to pay off my car loan. 
Georgia Attorney General XXXX XXXX stated Santander "" violated consumer protection laws by exposing subprime consumers to unnecessarily high levels of risk and knowingly placing these consumers into auto loans with a high probability of default. ''"
3554,Bank account or service,"I just read this article XXXX XXXX XXXXXXXX I do the best that I can to earn money, and I also am human and I do like to shop and sometimes Wells Fargo excepts withdrawals without my consent to pay back XXXX companies that I plan to pay on a different date and I might pay off my overdraft fee if they charge me a ridiculous amount of overdraft fees"
3555,Debt collection,"Around the middle of XX/XX/XXXX I acquired a vehicle in a consumer credit transaction through XXXX XXXX Mazda and Mazda Financial Services ( also Toyota Motor Credit Corporation ). I asked quite a few questions about my rights as a consumer but I was basically told they do not exist. I never received full disclosure among other things such as no documents to rescind the contract nor the fact that I had the ability. Furthermore, the documents actually say there is "" no cooling off period '' which violates rescission in federal law, and as such I was never told I have 3 years to do so. 

Around XX/XX/XXXX I mailed by certified mail, a debt validation letter to Mazda Financial/Toyota Motor Credit ( attached ). They responded on XX/XX/XXXX that the debt validation letter was a "" fraudulent form of payment '' and threatened legal and physical actions against my property. 

On XX/XX/XXXX they then sent a cease and desist of their own volition saying the would "" cease all communications regarding the account ''. They lied, and sent another bill the next month ( attached ). 
AFTER THE 30 DAY WINDOW FOR VALIDATION I NEVER SO MUCH AS RECEIVED A WORD REGARDING IT. I EVEN CALLED, THEY LIED SAID THEY SENT IT, AND SENT ANOTHER ONE THAT DAY PER MY REQUEST ( late XXXX ). I NEVER RECEIVED THAT ONE EITHER. They continued to attempt to collect the "" debt '' during the validation period/dispute and continue to do so. 

They were also "" assigned '' the "" debt '' which was never properly disclosed to me either, nor did i receive any consideration for my signature. Assignment is for Creditors in bankruptcy, and Debt collectors and creditors must be the same person as well.

Mazda continues to collect a debt illegally, continues to violate their own cease and desist, and can not and has not validated the debt they claim I owe after more than 30 days."
3556,Debt collection,"I submitted a dispute for LOCKHART , MORRIS & MONT located at XXXX XXXX XXXX XXXX XXXX XXXX XXXX XXXX XXXX. I spoke with a XXXX and XXXX XXXX. They informed me that XXXX XXXX XXXX bought this account from XXXX XXXX XXXX and the parent company XXXX XXXX handed this over to Lockhart , Morris & Mont. I asked about this alleged debt first and got no where with XXXX. XXXX was also adamant about sharing information although he told me on a recording line that he could access a detailed statement for my alleged medical visit in XXXX. I have never visited a hospital by the name of XXXXXXXX XXXX XXXX. I even called my local hospital to ask them on XX/XX/2023 and they knew nothing about this. 

I am asking that this company provide the proper documentation to provide validity of this alleged debt. I am asking that they provide original documentation that supports I owe debt to Lockhart , Morris & mont located at XXXX XXXX XXXX XXXX XXXX XXXX XXXX XXXX XXXX  I would also like to see the bill of sale and documentation where I have given consent for this company and XXXX of family companies to access any information on my person. This is a direct violation of HIPPA in regards to protecting my medical and personal health information. This also violates my consumer rights to privacy."
3557,Consumer loan,"Subject : Urgent Complaint Regarding Title Release Delay After Loan Payoff Dear [ CFPB / California XXXX XXXX Westlake Financial Customer Support ], I am writing to file a formal complaint regarding an unreasonable delay in releasing the vehicle title for an auto loan I fully paid off with Westlake Financial. 

Account Holder : XXXX XXXX XXXX XXXX Loan # : XXXX Vehicle : XXXX XXXX XXXX XXXX XXXX Payoff Date : XX/XX/XXXX Amount Paid : {$8900.00} ( see attached screenshot ) Payment Method : ACH bank transfer via Westlakes online portal Issue : Westlake Financial is refusing to release the vehicle title until XX/XX/XXXX, claiming that the payment was not made using certified funds. However, the funds were pulled directly from my bank account and have already cleared. It is unclear what additional certification could be more secure than a cleared bank account withdrawal initiated through their own system. 

I need the title released immediately because I am relocating permanently to XXXX, and the title is required for the vehicle export process. 

Request : I respectfully request that Westlake Financial expedite the release of the vehicle title, as the loan has been paid in full using verified bank funds. Delaying the release based on arbitrary fund certificationwhen the funds have already clearedappears unreasonable and could prevent lawful cross-border transportation of the vehicle. 

Please find attached the transaction confirmation as evidence of payment. 

Sincerely, XXXX XXXX"
3558,Mortgage,"Seterus can not seem to calculate the escrow payment properly. The escrow balance is {$500.00} to {$700.00} short each year. They want me to pay a lump sum rather than charge the proper amount. An alternate to paying the lump sum, they add the shortage to my principle balance spread out three years. This causes my principle to decrease at a snails pace. I called last year and advised them the "" new '' escrow was not enough to cover the year without going less than the XXXX and even it goes negative XXXX or three times during the year. They have to borrow from somewhere to pay the county taxes or hazard insurance and the person I talked to seemed to think that was OK."
3559,Debt collection,"Received a phone message with message of intent to sue for non-payment. Multiple family members and friends received the exact same message with my name, at the exact same time that day. I was unaware of this debt, having thought it was included in our bankruptcy. Upon some research I was able to determine this debt was over 9 years old. I am unable to pay as I am the only working and my husband is out on a medical injury, soon expecting surgery. I am unable to make such a substantial payment, and they have indicated I need to do so within 48 hours or they will take me to court and I could 'lose everything '. When contacted, the company would not allow me to speak to any of the named individuals ( each family member gave me a name of who called, all were the same first name but different last name ) only telling me that, that person was not available. I got the distinct feeling no such person existed.The number came up on everyones phone as blocked or restricted, however the number was quickly mentioned on the phone message."
3560,Debt collection,"Account info Account name XXXX XXXX  Account number XXXX Account type Auto Lease Dear [ Creditor or Credit Reporting Agency ] , I am writing this letter in response to the information provided in my credit report. Pursuant to 15 USC 1681e ( b ), I am exercising my right to dispute the accuracy of the information contained in my credit report. 
I have reviewed my credit report and found that there are errors and inaccuracies that need to be corrected. Specifically, [ describe the errors or inaccuracies in detail, including the account name and number, and any other relevant information ]. I have attached copies of supporting documents that prove the inaccuracies in my credit report. 
According to 15 USC 1681i ( a ), the credit reporting agency has 30 days from the receipt of my dispute to investigate and correct any inaccurate information. I request that you investigate and correct the inaccurate information in my credit report as soon as possible. 
Furthermore, I also request that you provide me with a written report of the results of your investigation, as well as a copy of my updated credit report. If you need any additional information from me, please let me know. 
I would like to remind you that it is your legal obligation under 15 USC 1681e ( b ) to ensure that the information in my credit report is accurate and up to date. Failure to comply with these code compliance procedures may result in legal action. 
Thank you for your prompt attention to this matter. 
Sincerely, [ XXXX XXXX ]"
3561,Credit card,"Dear CFPB, I am submitting this complaint regarding Chase Bank and the handling of my XXXX  card account. 

In [ insert month/year ], I was placed on what I was told was a payment plan with Chase to XXXX my outstanding balance. I was proactive and called XXXX to confirm my account status and to ensure I was complying with the agreement. Chase accepted my payments during this time, and I was actively trying to settle the debt in good faith. 

However, despite my consistent efforts and communication, Chase closed my account before the XXXX period I was told I had. I was later informed that I was never on an actual payment plan but instead on something referred to as a payment arrangmentwhich was never explained to me at the time. 

This miscommunication led to significant financial and legal stress, including a lawsuit from XXXX attorneys. I believe I was misled and that Chase acted in bad faith by accepting my payments while planning to close the account anyway. 

I respectfully request that this situation be reviewed. I am willing to cooperate fully to provide additional details if necessary. 

Thank you for your time and attention. 

-XXXX  XXXX XXXX XXXX"
3562,Consumer loan,"Almost 2 years ago, I submitted a request to have the payments I made during XXXX refunded. Since that time, I have received {$41000.00} out of {$46000.00}. I am still entitled to receive the remaining balance of {$4500.00}. There were two servicers of which I made payments to. I have received the full balance of refunds from Mohela in total of {$23000.00}. However, I have only received a partial amount from my previous servicer XXXX. I have made numerous contacts with Mohela and they have been of no help, especially the managers. Several requests have been put through with Mohela and there is still no progress toward receiving my remaining balance of {$4500.00}. After requesting my paperwork from Mohela from payments made to both servicers, I was able to determine the missing amounts were still from XXXX. I, again, contacted Mohela to provide them this information to see if it could help to speed up the process. Again, they were unhelpful and said that "" it can take a while '' and they "" could not follow up with the Accounting Department '' to see the status. The balance however, has already been applied back to my loan and I have not received the refund for it. It is for XXXX loan sequence # XXXX, currently Mohela loan sequence # XXXX. XXXXXXXX XXXX and escalation case had been submitted and still no refund and no one can tell me what's going on."
3563,Credit reporting,"XXXX XXXX XXXX of birth : XX/XX/XXXX Social Security Number : XXXX Address : XXXX XXXX XXXX XXXX XXXX PA XXXX After reviewing my credit report I noticed some inaccurate accounts on my credit report. I am requesting that you investigate the following accounts to ensure accuracy. 
Please investigate the following accounts : Negative Accounts Account Name : XXXX Account Number : XXXX Date Open : XX/XX/XXXX Account Balance : {$0.00} Account Name : XXXX Account Number : XXXX Date Open : XX/XX/XXXX Account Balance : {$0.00} Account Name : XXXX Account Number : XXXX Date Open : XX/XX/XXXX Account Balance : {$0.00}"
3564,Money transfer or service,"I created a coinbase account. 

I verified my identity, XXXX XXXX 

I did a XXXX currency recharge from my bank without problem. 

I made a change from XXXX XXXX XXXX without problem. 

Now they have my money withheld, they won't let me send the XXXX outside of Coinbase, they have restricted my sending, and they don't tell me why, they don't give me a solution, and they have my XXXX in their possession. 

Please help"
3565,Debt collection,"I settled this debt on XX/XX/XXXX. Requested a lean release to be removed on my property. They have not completed the lean release so I can not refinance my house. I now have to pay for a second appraisal since the first one expired. They will not commit to remove the lean or give me any other information. 
Company : XXXX XXXX XXXX, XXXX XXXX my Account # XXXX"
3566,Money transfer or service,"I am filing a complaint against Cash App ( Block , Inc. ) due to inadequate customer service and unfair practices, which violate the Consumer Financial Protection Act ( CFPA ). Specifically, Cash App failed to take timely and effective measures to prevent and address fraud on their platform, leaving my account vulnerable and unprotected. 

On XX/XX/year>, I provided Cashapp chat support with sufficient information on being scammed for {$230.00} on XX/XX/year>, with evidence to validate my claim including timestamps. I was not provided with adequate support and suffered a loss of that money. I was never given that money back. 

Furthermore, their dispute resolution process was unfair and deceptive, as they did not comply with error resolution requirements under the Electronic Fund Transfer Act ( EFTA ) and Regulation E. These actions have caused significant inconvenience and financial loss, and I seek appropriate redress for these violations."
3567,Bank account or service,I deposited a large check on XX/XX/XXXX. The teller advised that funds would be available on XX/XX/XXXX. It states this on the deposit slip ( attached ). It is now XX/XX/XXXX and Chase advises me that funds may not be available until XX/XX/XXXX. The check was drawn on XXXX XXXX and I have been advised by them that Chase has received the funds.
3568,Money transfer or service,"On XX/XX/XXXX, I deposited a cashiers check for {$11000.00} into XXXX of my business accounts. The check was issued by me, funded from another business account I own at a different financial institution. In other words, this was a transaction where one of my companies was paying another company I own, with both accounts under my name and full control. 

Upon deposit, the receiving bank placed a hold on the check under their Regulation CC allowance of 27 business days, citing that the transaction was considered unusual activity for the account. Since then, I have spoken with the bank three times both over the phone and in person. At each interaction, the staff has been professional and courteous, explaining that no individual at the bank has the authority to approve the release early and that the full seven-day hold must run its course before the funds are made available. 

My concern is not with their professionalism, but rather with their decision to use the maximum hold time allowed when this transaction is straightforward and easily verifiable. This is a cashiers check moving between two accounts owned by the same individual, with documentation and legitimacy that can be readily confirmed. In my view, the bank should be able to release the funds much sooner closer to two days rather than holding them for the full seven days without necessity."
3569,Debt collection,"Debt was for repairs done to a home after a water leak. The company who did the work ( XXXX ) and XXXX were disputing the final amount for the repair. The final amount of the invoice was decided on XXXX. An invoice was sent several weeks later and the balance was sent on XXXX, email communication with XXXX XXXX, president and owner of XXXX confirmed the balance was paid on their end as of XXXX. 

Kinum, a debt collection agency, then contact me via letter dated XXXX and received XXXX. I called Kinum and spoke to a woman who did not give her name who said they were first contacted by XXXX  XXXX and asked to collect a debt in the amount of {$2100.00}, I explained that the amount of the repairs was not decided on until XXXX and it was impossible for them to have been given that number in XXXX. I then asked if they had done a debt verification and if so on what date it was done, she then refused to answer and directed me to contact XXXX, which I had already done. 

I believe a reasonable person would interpret the statements made by the Kinum representative as false and inaccurate and in violation of the Fair Debt Collection Practices Act. I would like to stress that I believe XXXX did not intend for the paid debt to go to collections and they will correct that issue, however this complain is pointed solely at Kinum who has not complied with federal regulation regarding their attempt to collect a debt that does not exist."
3570,Consumer loan,"Republic Finance agreed to a reduced payment amount and but still continued to call repeatedly while I was making payments. They then filed a lawsuit in XXXX while I was paying. They started coming to my Mothers house and They filed a law suit on XXXX XXXX. But was still taking monthly payments. I became distressed due to this. I have a court date for XXXX XXXX. But I would like to be given a settlement option of 50 %. I believe Republic Finance acted inappropriately and improperly. I was paying them monthly the agreed amount of XXXX. 

Thank you"
3571,Credit reporting,"Hi. I have contacted Equifax, XXXX and XXXX several times asking them to update my address to XXXX  XXXX XXXX XXXX # XXXX XXXX, Florida XXXX because all other addresses that are listed are incorrect. They are all still showing incorrect information on my credit reports."
3572,Money transfer or service,"I am filing a complaint against cash app ( block, inc. ) due to inadequate customer service and unfair practices, which violate the customer financial protection act. Specifically, cash app failed to take timely and effective measures to prevent and address fraud on their platform, leaving my account vulnerable and unprotected. 
Furthermore, their dispute resolution process was unfair and deceptive, as they did not comply with error resolution requirements under the electronic fund transfer act and regulation e. These actions have caused significant inconvenience and financial loss, and I seek appropriate redress for these violations."
3573,Money transfer or service,I am writing to formally express my concerns regarding Zelles handling of disputes particularly in light of the recent CFPB lawsuit highlighting significant issues with the platform. Zelle failed it investigate my claims adequately. They stated tracking these funds were unfeasable and recovering lost funds impossible. The CFPB finding indicate that Zelle has not only neglected to protect consumers but left them vulnerable to scams
3574,Bank account or service,"I received a series of email notifications from chime.com that an account had been opened, accessed, and that a debit card was sent to me. 

I had not opened this account or authorized one to be opened for me. 

I contacted chime.com customer service and they verified that an account had been opened with my email address, but in someone else 's name. They could explain how it was opened. 

They removed my email from the account but did not explain if there were any risks of identity theft."
3575,Credit reporting,"I have a collection placed on my experian credit monitoring by : XXXX. I sent a letter to the collection agency with a request for full debt validation on XXXX XXXX, XXXX. They received my request on XXXX/XXXX/XXXX ( I have all receipts sent by registered mail ). They sent back the total charges billed provider. However that is not a validation of the debt as described with the Fair Debt Collection Practices Act. There is no description of services rendered, explanation of how the alleged amount was calculated including interest, no copy of any signed agreement between me and the billing agency, nor was a complete payment history present with the original creditor. I sent out another letter again, requesting for validation of the debt, they had thirty days to respond according to the FAIR CREDIT REPORTING ACT. They received the second request on XXXX/XXXX/XXXX and never responded. I sent the receipts and a letter to experian that the thirty days passed and I received no validation of my debt and I had asked experian to remove this collection immediately. Experian however did not delete it from my credit and wrote that it is under investigation for 45 days That was on XXXX XXXX, XXXX, where two months have passed from that date. This is not a valid collection and it needs to be removed of my credit, there are many violations in place here."
3576,Credit reporting,"Company name : XXXX XXXX XXXX XXXX XXXX XXXX XXXX XXXX XXXX XXXX XXXX This account is closed and is reported by their company for a balance of {$610.00}. I have not agreed to or signed a contract with this company and I asked it be removed from my credit report. 

Company name : XXXX XXXX XXXX XXXX XXXX XXXX XXXX XXXX XXXX XXXX XXXX XXXXXXXX This account is closed and are reported twice in my credit report. your company for a balance of {$1000.00} and {$810.00} and the balances are incorrect. I have not agreed to or signed a contract with this company. I fell on hard times and communicated this with XXXX XXXX so I asked that this be removed. 

These 2 companies are relentless and refuse to remove anything that is a result of falling on hard times."
3577,Consumer loan,"I used Santander Consumer for a car loan. 

My payments were roughly {$460.00} a month, in which i was paying {$500.00} a month. {$250.00} on the XXXX and {$250.00} on the XXXX. 

They wouldn't process my payment until after the XXXX claiming I was paying my payments late. 

Multiple times the company filed towards my credit that my payments were between XXXX and 90 days past due when they were not. 

The company also never called me but said they called some other number to contact me that I've never heard of. 

In XXXX I paid off the car and the manager there said she was going to fix all the negative remarks that went towards my credit.

Instead even after the car was paid off they filed that my payment was 90 days past due.

Over the period of almost 5 years that I had this car loan Santander Consumer has ruined my credit.

My credit score was almost XXXX again and now even after the car is paid off my credit is at XXXX making it impossible to get a home loan."
3578,Credit reporting,"XXXX XXXX XXXX XXXX XXXX XXXX XXXX is being reported on my credit report. Under Section 604 15 U.S. Code 1681 B, it states none of the credit bureaus have the right to report anything on my credit report. 15 U.S. Code 1692 states that upon any disputed item on a consumers credit report, the debt collector shall cease collection of the debt, or any disputed portion thereof. Therefore, this is in violation! According to 15 US Code 681s-2, a person shall not furnish any information relating to a consumer to any consumer reporting agency if the person knows or has reasonable cause to believe that the information is inaccurate. This collection, by law, MUST be DELETED from my credit report immediately."
3579,Credit reporting,"I am sending to bring to your attention the presence of inaccurate information on my credit report with your agency. The incorrect details are as follows : XXXX XXXX  - XXXX, XXXX XXXX XXXX, XXXX - XXXX, XXXX - XXXX The aforementioned inaccuracies are materially affecting my creditworthiness and causing harm to my financial well-being. I believe it is crucial to rectify these errors promptly.

I have conducted a thorough review of my financial records and can provide supporting evidence to substantiate my claims regarding the inaccuracies. Attached to this affidavit are copies of relevant documents that demonstrate the discrepancies, including but not limited to : Bank statements, payment receipts, and correspondence with creditors I request that you undertake a complete and fair investigation into these matters and take appropriate action to remove the inaccurate information from my credit report. According to the Fair Credit Reporting Act ( FCRA ), it is your responsibility to ensure the accuracy of the information you maintain and report.

Furthermore, I request that you provide me with a written notification upon completion of your investigation, including details of the actions taken, any changes made to my credit report, and a revised copy of my credit report reflecting the accurate and updated information."
3580,Mortgage,"I refinance my mortgage on XXXX XXXX, 2012 with Quicken Loans and I feel was excessively over charged to refinance my mortgage. My mortgage was with XXXX, XXXX but they do not refinance so they referred me to Quicken Loans to refinance my loan. My loan balance with XXXX XXXX was {$77000.00}, the total fees, cost, and charges by Quicken Loans were {$8300.00} which my new loan balance was {$85.00}, XXXX. I did voice my opposition to the {$8300.00} charges but the loan officer had the attitude and position of take it or leave it. About two months after my closing, Quicken Loans did refund me {$1200.00} admitting their error in over charging fess and cost that should not have been rolled into my mortgage. Quicken Loans since sold my loan back to XXXX XXXX."
3581,Money transfer or service,"We have been declined XXXX to XXXX times regarding the fraudulent transfer of funds through XXXX. I filed complaints through XXXX as well. The phone numbers are now all blocked on XXXX due to fraud. 
My bank fraud number last rejected is # XXXX. I have requested their documentation for the investigation, they have not provided the information. 

Here was the issues ; On XX/XX/2021, their was XXXX transactions which were fraudulent scam, the parties disguised themselves as XXXX, which they were not. The information is as follows that I received XXXX value from : XXXX. ( XXXX ) transactions in the amount of XXXX to XXXX XXXX XXXX phone number XXXX ) disguised as XXXX XXXX, totalling {$2100.00}. 

XXXX. ( XXXX ) transaction in the amount of {$660.00} to XXXX XXXX XXXX ( phone number XXXX ) disguised as XXXX REFUND Police report was filed immediately the same day with XXXX XXXX Police Department, where I live, the case is now with Detective XXXX. His investigation has turned up with many aliases to these scamming parties. The police Detective was also reached by the same scammers personally to get access to his accounts. I did not receive any products or anything from the transactions. 

FDIC reviewing a bankEvery fraud transaction is applicable to XXXX XXXX regardless of who pushes the button. 

Unauthorized Electronic Fund Transfers and Error Resolution, Question XXXX, electronic fund transfers ( EFTs ) initiated using account access information obtained through fraud or robbery fall within the Regulation XXXX"
3582,Consumer loan,"My loan amount was for {$600.00}, the was {$210.00} which equals to a payoff of $ XXXX.i did n't know that the APR was gon na be 786.51 % before I summit my loan, cause it does n't show you that when you apply."
3583,Bank account or service,I would like you to investigate my account for overdraft fees and late fees I dont believe its fair on my behalf to have to pay extra money I dont have .. please look into my account 24 months out however far back you can please and thank you.
3584,Mortgage,"I applied for a mortgage to refinance my home. The process started on XX/XX/2020 when the loan official at Popular XXXX XXXX XXXX first check my credit after I signed an authorization. After an ardous process which included sending all required documentation the loan was denied on XXXX XX/XX/2020, based on information that I provided the Bank on XX/XX/2020. The information had to do with a payment moratorium provided by Popular XXXX based on the CARES ACT. However, the mortgage I was seeking to refinance is not in forebearance. The payments are up to date. The moratorium is on another property that is under-contract and about to close. Popular XXXX assured me in writing that following the CARES ACT they were not going to affect my credit nor report the moratorium to any credit agency. Nonetheless, the letter entitled "" Disclosure of Specific Reasons Regarding Denial of Credit Application '' received on XXXX XX/XX/2020 states that the reason for the denial is "" Mortgage account in forbearance-Not allowed by XXXX ''. This must mean that Popular XXXX reported to a credit agency ( XXXX XXXX ) the moratorium thus affecting my credit. My credit score is over 800 and my income to debt ratio is solid. After months of sending the same documents over and over ; it's not just for Popular XXXX to deny me credit based on an information that was not supposed to affect my credit according to the CARES ACT. Moreover, the only way this information could have ended on a credit agency is if Popular XXXX divulge it, since they are the loan owners and they were the ones that offered the moratorium as well as the extension. Popular XXXX knew I had another loan on moratorium ( not the one I was seeking to refinance ), not only because they offered it, but also because they asked for evidence about it and I sent it on XX/XX/2020."
3585,Consumer loan,"Only assign my case to the person in HIGHEST AUTHORITY!!! 

OR THE CEO IF you have too!! 
Do not assign my cases to XXXX as she is non compliant and rude and mean and doesnt listen nor has she read my complaints nor investigated them. I do not like her."
3586,Credit card,"I received a letter from Chase Bank on XX/XX/XXXX, that state as follow : "" After careful consideration, we decided to close your accounts because of your association with a Chase credit card, deposit or investment account that was previously closed. '' 1- I am a Chase customer since XXXX. I have one credit card since XXXX ( Freedom Unlimited credit card ) and other one that I is 7 months old ( Chase Sapphire Preferred ) Also, I have a personal checking account that I recently opened in XX/XX/XXXX. 
2- During the past 12 years as a Chase customer I have never been late in payments, always pay my credit cards on time and the full amount every month.

3- I have a clean credit score of 800+.

4- I have never closed any type of account ( credit, deposit or investment ) with Chase in the past.

5- I went to my nearest Chase branch twice to try to fix this issue and ask them to make a reconsideration looking again on my profile, also called the customer service phone once, with no positive outcome.

6- I ask them if they can explain why they are closing my accounts, but they only said, the decision is final, and Chase will not reconsider my case, and no explanation given because the decision is "" confidential ''.

7- I ask to speak with a supervisor and they told me no one can help me with that, because is "" confidential '' 8- This unfair decision from Chase will have a big impact on my credit score, because XXXX XXXX is one on my oldest credit account. Also, my revolving credit limit will be less than half of what I currently have.

8- They are going to close all my accounts effective XX/XX/XXXX XXXX"
3587,Credit reporting,On friday XX/XX/2024 i received an inquiry on my Transunion credit report from XXXX XXXX I strongly believe this is a Mistake because that is my credit union but that inquiry is not attached to an open account.
3588,Debt collection,"XXXX XXXX XXXX XXXX XXXX XXXX XXXX XXXX, California XXXX XXXX ( Date ) Consumer Financial Protection Bureau XXXX XXXX XXXX XXXX Washington , DC XXXX Re : Complaint Against Preferred Credit for FDCPA Violation To Whom It May Concern : I am submitting this complaint against Preferred Credit for violating the Fair Debt Collection Practices Act, specifically 15 U.S.C. 1692g. 

On my on XX/XX/XXXX, I received an email stating that my complaint had been rejected and identity was verified____so I am filing a second complaint on this date XX/XX/XXXX XXXX, I received a communication regarding an alleged debt. On that debt was fraudulently made by a salesman from XXXX XXXX XXXX who use a variety of peoples information to up his sales and was eventually caught XXXX XXXX XXXX  has removed this item from my credit the perpetrator in this crime obviously had someone on the inside of preferred credit to be able to get the loan approved without my signed authorization__I XXXX XXXX XXXX , I mailed a debt validation request via certified mail, requesting verification, original creditor information, and supporting documentation. 

The collector has failed to provide proper validation and has continued collection activity, including : _________________________ _________________________ I request the CFPB investigate this matter and take appropriate enforcement action to ensure compliance with federal law and cessation of unlawful activity. 

Enclosures : Copy of validation request Certified mail receipt Any collector correspondence Sincerely, XXXX XXXX XXXX ( Signature ) XXXX XXXX XXXX XXXX ( Contact Info )"
3589,Debt collection,"I contact American Collections Enterprise , Inc. the same day I received an invoice for a XXXX medical invoice for my daughter. 

The invoice had an address to mail checks to but no payee information. 

I had overlooked the invoice and was calling to request to whom I should make the check out. They immediately started giving me the run around even though I was saying that I would pay them in full immediately. They wanted to send me to a web site ( I do n't think they have one ) to find out. The person on the phone got combative when I pointedly asked for the answer to a simple so that I would not have to waste time looking through a web site. Further it was not a confidential piece of information ( my daughter is over XXXX. ). She then hung up on me. I called again and got the same behavior from someone else although not quite as combative but combative still the same. She avoided answering the question, claiming that my daughter would have to call, but eventually did provide the information. 

Given the conduct, the many previous complaints about this company in your database, I am extremely concerned about identity theft or some other kind of fraud. I have never heard of trying to collect money and then refusing to tell you how to make out the check."
3590,Consumer loan,"15 USC 1666B A Time to make payments A creditor may not treat a payment on a credit card account under an open end consumer credit plan as late for any purpose, unless the creditor has adopted reasonable procedures designed to ensure that each periodic statement including the information required by section1637 { b } of this title is mailed or delivered to the consumer not later than 21 days before the payment due date.

[ credit acceptance corporat ] Never sent the period statement along with the disclosures from section 1637 [ b ].

I have requested proof that this information was mailed or delivered 21 days before the payment due date and this information was requested in good faith pursuant rule 1002 and it was never provided. 

This is unfair, illegal, fraudulent, and not equitable to me as a consumer! 

Delete the late payments from my consumer reports."
3591,Debt collection,Received an email stating if they did not receive a response to the email in 2 hours they would email/fax my employer to make them aware I owe money. The email also stated my SSN had been put on hold by the government.
3592,Debt collection,"Between XX/XX/XXXX and XX/XX/2025, I received 9 unsolicited and unauthorized phone calls from Wilber Group after I had already revoked consent. I verbally revoked consent on XX/XX/2025, during a phone call with a representative from the company. 

Despite that revocation, the company continued calling me during working hours ( typically between XXXX XXXX  and XXXXXXXX XXXX XXXX, which caused repeated disruption to my job and personal stress. I documented the calls and provided the company with a clear written demand, along with a screenshot of my call log. 

This behavior constitutes willful and knowing violations of the Telephone Consumer Protection Act ( TCPA ), which prohibits calling a consumer after consent has been revoked. I requested a resolution and submitted a settlement offer, but have not received confirmation of receipt. 

I am filing this complaint to formally document these violations and to request regulatory review and intervention."
3593,Bank account or service,"My account was closed by Chase Bank in XX/XX/2023, and they have frozen and are holding onto my life savings for six months now without providing any specific date or reasons for when they will release my money. I have been trying to follow up on my account status every week since it was closed, but every time I receive the same response : "" The funds are under investigation by our legal department, and no release date can be provided. '' Chase is refusing to provide any further information, and there is no agreement that states Chase can hold customer funds without specifying a release date. Chase 's representatives also refuse to provide any protocol or agreement that grants them the right to hold funds indefinitely ; instead, they claim Chase can hold customer funds at their discretion. This situation is seriously affecting my current life and making it hard to pay my bills."
3594,Credit card,"Subject : Cease and Desist Request Regarding Capital One - False Late Payment Reporting To Whom It May Concern, I am writing to formally request the intervention of the CFPB regarding an issue with Capital One. The bank has falsely reported a late payment on my credit report, which has negatively affected my credit score and financial standing. 
I wish to bring to your attention that this action may violate 15 U.S. Code 1666b, which governs the timing of payments and the assessment of late fees for credit transactions. According to this statute, creditors must comply with the requirements regarding the posting and timing of payments to avoid the unlawful imposition of late fees. In my case, I have made all payments on time and in good faith, and the reporting of a late payment is erroneous and without basis. 
Despite my attempts to resolve this matter directly with Capital One, they have failed to correct the mistake. I respectfully request that the CFPB take immediate action to cease this false reporting by Capital One and require the removal of this incorrect late payment from my credit report. 
Thank you for your prompt attention to this matter. I trust the CFPB will help ensure that my rights under federal law are protected."
3595,Debt collection,"* * RE : CEASE AND DESIST VIOLATION OF FEDERAL LAW ( 15 U.S.C. 1692c ) * * To Whom It May Concern, This letter serves as formal notice that you must * * immediately cease and desist * * from all forms of communication with me regarding any alleged debt you claim I owe. This includes, but is not limited to, phone calls, emails, text messages, and written correspondence. Under the Fair Debt Collection Practices Act, specifically * * 15 U.S.C. 1692c ( c ) * *, once a consumer notifies a debt collector in writing to cease communication, the collector must stop all further contact except under very limited circumstances defined by law. Furthermore, your continued actions may constitute harassment and abuse under * * 15 U.S.C. 1692d * *, and unfair practices under * * 15 U.S.C. 1692f * *. In addition, I dispute the validity of this alleged debt. Your continued reporting or verification of this account to any consumer reporting agency, including but not limited to XXXX, XXXX, and XXXX, without proper validation may constitute a violation of the Fair Credit Reporting Act. * * You are hereby instructed to : * * 1. Cease all communication with me immediately. 2. Cease reporting this account to all credit reporting agencies. 3. Remove any existing negative reporting related to this account. Failure to comply with this notice will result in me documenting all violations and pursuing legal remedies available to me, including filing complaints with the Consumer Financial Protection Bureau, the Federal Trade Commission, and my State Attorney Generals Office, as well as seeking civil damages. This is an attempt to correct your records and resolve this matter without further escalation. Sincerely, XXXX XXXX"
3596,Consumer loan,"MOHELA is not acknowledging and correcting payment count from my XX/XX/XXXX XXXX XXXX XXXX as one loan for the purposes of the XXXX XXXX. 

According to MOHELA 's website my qualifying payment count is INCORRECT. 

The overall Payment count is incorrect as they have not certified my Employment, from a period of XXXX XXXX ( XXXX XXXX hours a week ) of employment from a qualifying employer during a qualifying time period, fro XX/XX/XXXX to XX/XX/XXXX, which would put me well over the qualifying XXXX payments for XXXX XXXX XXXX XXXX. 

I have resubmitted all the ( corrected ) forms to be processed due to an original error by the employer to submitting incorrect hours. However it has not been acknowledged or corrected. 
I have made multiple attempts in the last 3 months with MOHELA to acknowledge this significant oversight and for payment counts to be corrected. I have even applied for XXXX reconsideration due to the incorrect count. 
I have submitted all the forms to be processed and corrected and it has not been corrected. That is a total of 65 months of payments that needs to be added to the overall payment count for XXXX."
3597,Credit card,"In XX/XX/year> I requested the XXXX XXXX Citibank account to be closed. I called customer service and spoke to XXXX Reps in the XXXX ... .Got bounced around to 3 different people. One even said, I see you closed this account in XX/XX/year>. The bil is now {$130.00}. Late fee and membership. 
Under my name XXXX XXXX XXXX XXXX digits from the bil is all I have because the card has been gone for at least 18 months. I never used the account. 
Last XXXX card digits are XXXX I have tried calling and no help has been offered. 
They intend to keep charging me late fees HELP."
3598,Bank account or service,I had over drawn my account by XXXX dollars in XX/XX/XXXX so I didnt no they closed the account in XXXX of of XXXX so XXXX of XXXX my tax check for XXXX dollars went to capital one and they didnt return it to the irs they took the overdraft and then three checks third party checks I cashed in XX/XX/XXXX they withheld only the amount of two of those checks then they said the irs told them to take XXXX and XXXX I was told the irs wanted that money returned to them so they closed the savings and they kept the checking account open with the amount of two of those third party checks total XXXX and I was only givin XXXX dollars XXXX XXXX so I called the irs and found out they never told capital one to with hold any money from my tax return they sent transcripts of my tax account capital one has not sent any funds to the irs at all I have left emails and phone messages for a year now to capital one and no one has called or emailed me back about my money I went to the bank on XXXX XXXX asking were is the money they took saying the irs has it I have proof that the irs never asked capital one to hold money or send any money and as of now they wont tell me were my money is the amount capital one took from my tax check is XXXX dollars XXXX is unaccounted for and XXXX is setting in a checking account and I get a statement from capital one with a balance and 14 cent interest
3599,Money transfer or service,"I am filing a complaint against CashApp ( Block , Inc. ) due to inadequate customer service and unfair practices, which violate the Consumer Financial Protection Act ( CFPA ). Specifically CashApp failed to take timely and effective measures to prevent and address fraud on their platform, leaving my account vulnerable and unprotected.

Furthermore their dispute resolution process was unfair and deceptive, as they did not comply with error resolution requirements under the Electronic Fund Transfer Act ( EFTA ) and regulation E. These actions have caused significant inconvenience and financial loss and I seek appropriate redress for these violations."
3600,Credit reporting,"I am appreciative of your attention to this matter and look forward to a swift resolution within the stipulated timeframe. Your cooperation in this regard not only safeguards my financial standing but also upholds the integrity of the credit reporting system as a whole. Thank you for your understanding and prompt action on this matter. 
XXXX XXXX XXXX XXXX XXXX CA XXXX XXXX XXXX XXXX XXXX XXXXXXXX ca XXXX XXXX XXXX XXXX XXXX XXXX ca XXXX XXXX XX/XX/year>"
3601,Debt collection,"On XX/XX/XXXX, I noticed a medical debt that I did not recognize added to my credit report. I immediately found the company, Summit AR, and contacted them to get additional information about this debt. They emailed back and verified the debt. On XX/XX/XXXX, I answered a phone call which happened to be from Summit AR, the collection agency. I said I'd happily pay the debt, but I had never received notice of the debt and thought it was inequitable that it was added to my credit report before I received a bill. I said that I would like for the account to be removed from my credit report. They refused. As mentioned, I never received a bill from them, though they claimed to send a single bill in XX/XX/2020. When I mentioned that I never received the bill, they told me to contact the postal service. I escalated to a number of supervisors, all of whom said I ignored bills and ignored my mail, and they would refuse to address the credit report."
3602,Money transfer or service,"This is to obtain a return for money wired through Chase Bank by me, XXXX XXXX, on XX/XX/20. The amount wired was {$2500.00}. I spoke with a bank executive and he recorded the details, then said I would be notified by mail if they could help. I was never notified. When I went to the bank to ask them about it, they said they would not be able to help me any further. I feel like they could have done more to help me. 
The money was sent from a request of a scam artist. I, did not know that it was a fake anonymous person. That's my complaint and I'm sorry for the inconvenience but I'm still would like to get my money back."
3603,Credit card,"I applied for a Home Depot credit card on XX/XX/XXXX. The card was approved, and website had a promotion for {$50.00} off of my purchase amount. Due to not receiving an immediate email I called HD credit and was told not to worry as {$50.00} would come off on my first statement so order was processed. When the {$50.00} did not come off of my first statement, I called and received an apology telling me to pay the balance less the {$50.00} and it would clear ASAP. That did not happen and when I received a follow up statement, I called again and was assured they were working on it. Yesterday I learned they are unwilling to honor this promotion as I qualified for a another promo, which I assume relates to interest rate however I paid the card in full within 30 days and they would not explain the promotion? Regardless I went ahead and paid this undue money and closed the account due to extreme dishonesty XX/XX/XXXX. I did file a formal complaint with the Home Depot organization, complaint number XXXX. At this point the fraudulent activity needs to stop with this extremely dishonest organization, which is the reason for this complaint. 
Thanks, XXXX"
3604,Mortgage,"Mr. Cooper has acknowledged that my mortgage loan is paid in full as of XX/XX/2021. ( Please see attachment # 1. ) Mr. Cooper has also sent me correspondence showing that the Escrow Account Balance is {$1000.00} and that there are Unapplied Funds in the account in the amount of {$1600.00}. In the same correspondence there is verbiage about returning excess funds. ( I included it below and highlighted it in attachment # 2. ) How will I know that the payoff is complete and final? 
Upon processing of payment in full, and within State specified guidelines, the necessary documents will be forwarded to the Trustee and/or County Recorder 's Office to release our lien. When applicable, and as mandated by state guidelines, any overpayment or remaining escrow funds will be disbursed off the loan no more than 20 business days after the payoff has occurred and will subsequently be mailed thereafter. 

**We recently sold another home ( paid off the loan with another lender ) and received a refund of the escrow account balance within 10 business days. I am not sure what the hold up is with Mr. Cooper."
3605,Mortgage,"My escrow account shows that on XX/XX/2023 my home insurance was paid in full. However, my insurance company has not received this payment. 

I'm trying to communicate with the mortgage company but their phone number automated answering system does not allow for home owners to talk to a representative. The system keeps stating a payment was made on XXXX ( XX/XX/XXXX )."
3606,Debt collection,"I reached out to Portfolio Recovery with the intents to settled several credit card debts. XX/XX/year> the debt was settled and paid with XXXX XXXX Credit Card. 
However, I still received a letter from the XXXX XXXX XXXX XXXX on XX/XX/XXXX for a contested hearing on XX/XX/XXXX I reached out to Portfolio XX/XX/XXXX and learned the letter of dismissal was drafted back in XX/XX/XXXX, but was never escalated to the next level to be approved or signed. Since ; nothing but conflicting stories."
3607,Mortgage,"Our mortgage payments were 4 months late as XXXX us were unemployed. We called Chase bank who holds the mortgage, and they told us that "" if we pay {$10000.00} XX/XX/XXXX, we can then resume monthly payment ''. I made the representative repeat that statement at the end of the call. The call was on XXXX XXXX 2015, When we called back to pay ( well prior to XXXX XXXX ), Chase refused our payment and told us they were starting foreclosure proceedings. We reminded them of the fact that they confirmed multiple times on XXXX XXXX that if we paid {$10000.00} XX/XX/XXXX, that we could resume regular payments. The representative said we needed to call Escalations which we did. Escalations took several days to find the tape of the the call ( we provided the call date ), and Chase claimed that NO DATES we discussed on the call! This is is a complete fabrication. If you can not help us we will have to get an attorney to subpoena the tape as they are lying."
3608,Money transfer or service,Cash app allowed XXXX to take XXXX out my main bank account while my card is locked and it happened on XX/XX/year> at XXXX I emailed them and told them about it and they still have not put my money back. This is not the first time they access my account.
3609,Money transfer or service,"This complaint stems from a dispute to a charge on my PayPal account. The primary reason use PayPal is for the protections I thought they provided. That and until very recently had no choice when using ebay although I still chose to use PayPal for the protection. I found myself in a bad situation where a seller on ebay sent a defective item and in the end, PayPal refused to provide the protection that they are compensated for. Processing companies make insane money for what are mostly automated transactions. They earn their money when consumers need protection and that includes against unreasonable policies where in this case, it ended up being PayPal 's policies and inability to apply common sense to the situation. After spending {$130.00} on the water heater which was defective upon arrival, the seller and PayPal found it reasonable that I would then be required to spend {$90.00} in return shipping since the seller was out of the country but yet chose to do biz in the US and knowingly is offering products where such issues will be inevitable from time to time ( no manufacturing process is perfect ). This is the perfect situation where consumers need the protection that a processing company should provide."
3610,Mortgage,"I was unaware that my autopay failed and Selene cancelled my autopay. As a result, I was hit with an exceptionally high interest rate that is more than double the contract rate. Now they are trying to make me pay attorney and other junks fees. 

The company claims that they reached out to me, however I have no phone records or voicemails of such. They also did not send notices to the correct address, as I have not received any physical foreclosure notices."
3611,Mortgage,Please see attached documents with full details : In short we hired Fidelity National Title to help us sell our home and they tried to take all our equity and service themselves and the buyer. Instead of voiding the transaction of the sale because we did not clear marketable title with the buyer they instead called the sale complete and tried to use our funds to service what all the buyer wanted which we did not agree upon. After having to get legal involved they finally released our equity but not before having to accumulate another {$5000.00} in debt.
3612,Money transfer or service,"On XX/XX/year>, I submitted a claim to Cash App ( Block , Inc. ) requesting a refund of {$1500.00} after being scammed while using their platform. I paid for a service that was never provided, and upon attempting to contact the merchant for a refund, I received no response. The merchant subsequently blocked me from further communication, prompting me to file a claim with Cash App, as the transaction occurred through their platform. I provided Cash App with supporting evidence ; however, my claim was denied the following business day. I resubmitted the claim, but it was denied once again."
3613,Credit card,"I sent a letter via US mail on or about XX/XX/2023 to the following mailing address : XXXX XXXX  XXXX XXXX XXXX XXXX, DE XXXX This was a request to open a dispute for a transaction with XXXX made on XX/XX/2023 in the amount of {$390.00} I submitted this dispute within 30 days of the transaction. As of today, I have not received any correspondence regarding this dispute. I request that the full amount be credited back to my account and that all the interest charges accumulated over the time be credited as well."
3614,Credit card,"Chase XXXX Credit Card was offering a cash back promotion on the purchase of a XXXX for the month of XX/XX/XXXX. I added this promotion to my account ( confirmed by Chase ). I used the link in the Chase website to go to the XXXX website and purchased my XXXX. The purchase amount had to be at least {$1000.00} in order to qualify for the {$250.00} cash back. My total purchase was {$5600.00}. I split the payment into 2 payments, one payment through my XXXX XXXX XXXX card in the amount of {$2500.00} and the remaining balance on my Chase credit card. The charge on my credit card shows "" XXXX XXXX ''. I contacted Chase and they stated that because the payment was processed through "" XXXX XXXX '' and not "" XXXX XXXX XXXXXXXX '', I was not eligible for this offer. I think it is unfair and misleading, as the consumer has no control over how XXXX processes the payment. It still clearly shows that the purchase was through XXXX on my credit card statement. I waited until 30 days after my transaction to inquire with Chase. The purchase date was XX/XX/XXXX. The cash back offer should have been processed by XX/XX/XXXX. Chase has declined to honor the cash back offer. The representative I spoke with did say that he would escalate, but that it will be another 3 weeks for them to review and they will send me a letter. At this point, I do not have any confidence that Chase will help resolve this complaint timely."
3615,Consumer loan,"I, XXXX XXXX XXXX, went to the XXXX XXXX dealership with my brother to look at a car on XX/XX/XXXX. We talk with an associate and start the process on the XXXX XXXX. The dealer system was down with a data breach. They insisted that we pay the XXXX and take the car and come back and sign the contract at a later date. The dealer never contacted me for the contract. I got a letter in the mail from American credit acceptance. I later retrieved the contract from the dealership XX/XX/XXXX to discover that the contract was forged by the dealer and sent to the loan agency also. I have a copy on hand of the documents. A FTC report was filed on XX/XX/XXXX XXXX"
3616,Consumer loan,"I am a co-signer on my stepsons student loan with Navient. I have sent them multiple messages now to contact XXXX ( stepson ) about past due amounts. I have supplied his contact info both cell, alternative phone, and new address. I even explained he was without a job for a few months. Now Navient is calling my cell phone 5+ times a day, everyday. I have already spoken to them, why the excessive calls?"
3617,Consumer loan,XXXX XXXX XXXX XXXX XXXX XXXX XXXX # XXXX XXXX Texas XXXX repossessed my vehicle after only being 20 days late due to unexpected expenses. I reached out to the lender and I was told the vehicle was going to auction and there was nothing they could. They did not reach out to me or any of my 5 references that they demanded I provided. Came and picked up vehicle on the middle of the night and refuse to reinstate it.
3618,Money transfer or service,"Hello, my name is XXXX XXXX. 
I have funds on the XXXX platform that I can't withdraw to my bank card. 
I checked my emails and they initially promised to unblock my account on XX/XX/year>. Later, I received another email saying there would be another 180-day delay. Now, 270 days have passed, and I still can't withdraw my funds."
3619,Credit reporting,"This CFPB complaint has been filed to request pursuant to FCRA 605B ( 15 U.S.C. 1681c-2 ) that you, the Bureau credit reporting agency , block information appearing on my consumer credit report that is the result of identity theft and fraud within 4 business days of you receiving this complaint. This fraudulent, inaccurate, and false information consists of : XXXX XXXX - XXXX XXXX XXXX - XXXX XXXX  - XXXX XXXX BANK XXXX - XXXX XXXX  - XXXX XXXX  XXXX XXXX  XXXX  - XX/XX/2025 These accounts have resulted in several fraudulent hard inquiries and fraudulent collections appearing on my consumer FICO credit report. All of the aforementioned accounts, collections, and hard inquiries are the result of identity theft and fraud. I have attached a copy of FTC Identity Theft Criminal Complaint as proof from the US Federal Trade Commission that all the aforementioned consumer credit accounts, collections, and hard inquiries are the result of identity theft and fraud."
3620,Money transfer or service,"Unauthorized transaction on PayPal that was linked directly to my bank account. I have no idea who the person is that the money was sent to and I'm also scared my information may have been leaked. 

I've looked this person up and some scary documentation comes up. 

XX/XX/2023 approx {$42.00} was sent to an unknown user and taken directly from my bank account. PayPal denied that it was unauthorized."
3621,Consumer loan,In 2020 I struggled to make payments due to covid and I reached out to GM asking them for a deferment and they still reported my account late even though it's been paid off. I would ask if you could please honor my request since the late history is incorrectly reporting on my credit and really hurting my credit.
3622,Credit reporting,"Ive been in communications with this company about inaccurate personal information on my credit report. Even after notifying them many times about this error they still continue to report this incorrect personal information on my le. Not only is it unfair, its also illegal. By law 15 U.S. Code 1681 ( b ) it clearly states that your reporting agency must follow these Reasonable procedures : require that consumer reporting agencies adopt reasonable procedures for meeting the needs of commerce for consumer credit, personnel, insurance, and other information in a manner which is fair and equitable to the consumer, with regard to the condentiality, accuracy, relevancy, and proper utilization of such information in accordance. 
This whole thing is unfair. This has been stopping me from being able to move forward in my life because of this inaccurate information being reported on my credit report. I have told ( TransUnion, XXXX or XXXX ) many times I do not consent to the inaccurate personal information listed below to be reported on my consumer report. This in clear violation of 15 U.S. Code 1681 & 15 U.S. Code 1681c2 Inaccurate Personal Information ; XXXX XXXX XXXX XXXX XXXX XXXX XXXX XXXX XXXX XXXX XXXXXXXX XXXX XXXX XXXX XXXX XXXX XXXX XXXX XXXX XXXX 
My only name XXXXXXXX XXXX XXXX  My only address is XXXX XXXX XXXX XXXX XXXX XXXXXXXX My only date of birth is XXXX My only employer is XXXX XXXX XXXX XXXX XXXX are required to do what I am asking and block the following personal information from being reported to my consumer report within 4 days from the date of the receipt of this notice. I look forward to your response. 
Thank You XXXX XXXX"
3623,Credit card,"on XX/XX/scrub>/2025 {$650.00} was fraudulently charged from XXXX in multiple transaction. 
{$150.00} {$150.00} {$150.00} {$50.00} {$150.00} totaling {$650.00} These were not my charges and not authorized by me. I even offed to sign legal documents to verify they were not me. I was pushed off in a rude manner by Capital One and told that they couldn't do anything to help. 

* see document attached"
3624,Money transfer or service,"I am writing too formally express my concerns regarding XXXX XXXX handling of disputes, Particularly in light of the recent CFPB lawsuit highlighting significant issues with the platform. Despite using XXXX numerous times and reporting discrepancies, my financial institution and XXXX failed to investigate my claims adequately. they informed me that recovering lost funds was imposible and that tracking these transaction was unfeasible. The CFPB 'S findings indicate that XXXX has not only neglected to protect consumers but has also allowed repeat offenders to exploit the system, leaving users vulnerable to scams. This Lack of accountability and transparency is unacceptable and raises serious concerns about consumer safety."
3625,Credit reporting,"There are XXXX hard credit hits on my report. One is from XXXX XXXX ( XXXX ) XX/XX/XXXX. Another is ONEMAIN ( XXXX ) XX/XX/XXXX. 

I reported these as fraudulent and they said they could not do anything about it. After getting more information from both of the companies, they informed me that my estranged wife attempted to use my credit to gain loans through these companies. She did the XXXX XXXX via online and the ONEMAIN via XXXX XXXX online. 

I informed both that I did not authorize these credit checks and want them removed from my credit but they both told me that they can not do anything to help with that as I would have to report it to the agencies myself. 

I do not know how to go about having these removed. They have made it impossible for me to get loans as well as refinance my vehicle. I did not authorize my wife to use my credit and she did it after we split from each other. 

What can be done to help me with this issue. I don't even care if she has to be brought up on fraud charges. I don't deserve to have my credit screwed up because she is screwing up her life. Any help will be appreciated. 

I have attached a copy of my basic report on which you can see XXXX hard checks which includes the XXXX I mentioned that I never authorized."
3626,Bank account or service,"I am writing to formally file a complaint regarding multiple overdraft fees charged to my account. These fees were assessed despite having sufficient funds at the time the transactions were authorized. However, due to delayed posting charges and credits I was unfairly charged overdraft fees. 
This issue appears consistent with recent findings by the CFPB, which identified similar practices by Navy Federal Credit Union, where transactions settled with insufficient funds. I believe these practices are deceptive & unfair."
3627,Mortgage,I am a victim of identity theft. I lost my bag and now I am receiving a bank statement I did not make. Someone who has taken my things took advantage of and made this fraudulent account under my name. The fraud was opened on XX/XX/2019.
3628,Money transfer or service,"I am constantly being locked out of my venmo account, when I try to sign in it will just literally not let me and I have a lot of money sitting in there, essentially they are withholding me from my funds, it has caused me so much problems so over this not being able to access my funds"
3629,Credit card,"Please TAKE NOTICE that several correspondences has been sent to this company since XXXX. This account has been paid in full. Yet nothing has reflected that the account has been paid, in addition to I continue to receive bills that does not adequately reflect that this account has been paid. Further interest fees has been charged and it is reported on my credit that I have not paid, when I have in fact paid this off in full. Please be advised that if this matter is not settled within the next 30 days that legal action may be pursued."
3630,Credit reporting,"I HAVE MADE NUMEROUS REQUESTS TO HAVE TRANSUNION CORRECT MY CREDIT REPORT. THEY CLAIMED THE VERIFIED THE INFORMATION AND THIS INFACT IS NOT TRUE, BECAUSE I CONTACTED THE COMPANIES MYSELF WHO AGREED THAT I WAS NEVER LATE ON ACCOUNTS, AND HAVE CONFIRMED THAT CERTAIN ACCOUNTS WERE NOT MINE. I HAVE WENT SO FAR AS TO CONTACT XXXX WHO ADVISED I WAS NEVER LATE AND PROVIDED ME WITH STATEMENTS SHOWING I WAS NEVER LATE. YET TRANSUNION CLAIMS THAT MY INFORMATION WAS VERIFIED. THIS IN FACT IS FALSE SEE ATTACHED INFORMATION BELOW. FURTHER MORE, THEY HAVE MULITPLE ADDRESSES AND PHONE NUMBERS WHICH ARE NOT MINE AND EMPLOYERS THAT I DO NOT WORK FOR AND I REQUESTED REMOVAL OF THEM AS WEL. I have not HAD ANY SUCCESS WITH THEM. I THEN ASKED THEM TO PROVIDE EVIDENCE OF ALL FACTUAL INFORMATION TO SHOW THEY TRULY DID IN FACT PERFORM AN INVESTIGATION AND TRULY DID VERIFY THIS AND I HAVE NOT HEARD A RESPONSE BACK. I FILED A REPORT WITH THE CFPB BACK IN XXXX AND TRANSUNION CLAIMED THEY ADDRESSED THE PROBLEMS WHEN INFACT THEY NEVER DID ANYTHING. I HAVE BEEN A VICTIM OF IDENTITY THEFT, MY INFORMATION WAS LEAKED OUT ON THE WEB AND THEY CONTINUE TO LEAVE FRAUDULENT INFORMATION ON MY REPORT. I NEED SOMETHING DONE ABOUT THIS NOW."
3631,Bank account or service,I received a refund deposit from my college XXXX  via there payment system XXXX. I went into bank to withdraw funds for big purchase so my card would not lock. The teller withdrew funds from account than was told by someone speaking a foreign language to put it back. Now account has been locked and have no answer from XXXX XXXX ywt
3632,Credit card,Fortiva credit card started charging me a maintenance fee without my knowledge. It wasn't in the annual fee or anything not sure when it was even snuck into my billing. I paid the credit card off over a month ago and I get a statement today saying that I have to pay them a maintenance fee!! For what there is no balance! I then told them I will be cancelling the card because I will not pay for something I'm not using! Which in turn will hurt my credit because of cancelling the card.
3633,Mortgage,"Equifax told me I have a mortgage, considering the fact that I am currently homeless and on unemployment through the state of Texas would you be so kind as to give me the address to my house so I can XXXX out of the people who have stolen my identity please and move in to my XXXX house that apparently they qualified for with out my permission"
3634,Debt collection,"I am filing a complaint against CR SYST INTR regarding the alleged XXXX XXXX XXXX XXXX collection account ( Account # XXXX ). I have multiple concerns regarding the legality of how this debt is being collected and reported. 
First, I never received any written notice of this debt within five days of the collectors initial attempt to collect, as required under FDCPA 809 ( a ).

I was never informed of : The amount of the debt The name of the original creditor My right to dispute within 30 days This debt simply appeared on my credit report without any legally required notice or validation.

Second, I requested full validation from this company, and it has been well over 30 days with no response. The FDCPA requires that all collection activity must cease until proper validation is provided. That did not happen. 
Third, the only thing this company sent was an invoice, which is NOT verification. 
Under the FDCPA and XXXX XXXX, proper validation must include : The original contract or service agreement with my signature A full itemized accounting showing how the balance was calculated Proof that this agency has the legal right to collect ( chain of assignment ) All documentation relied upon to verify the accuracy of this debt None of this has been provided. 
Therefore, this debt is unverified and illegally being collected and reported. 
Fourth, reporting this account to the credit bureaus without validation violates : FCRA 607 ( b ) ( maximum possible accuracy ) FCRA 611 ( reasonable investigation ) XXXX XXXX guidelines, which require all furnished data to be accurate, complete, and fully verifiable CR SYST INTR is reporting an account it can not validate and never proved was mine."
3635,Consumer loan,"This was a Private Student loan that was issued by XXXX XXXX, and now NYSHESC is garnishing my salary for this loan. NYSHESC has never taken any legal action against me to retrieved the funds, and the statue of limitation has been expired over 16 Years ago. NYSHESC does not owned this loan nor was it sold to them. I have send numerous letter to them and they have disregard them. For garnishment Process. Unlike federal student loans, a private lender must proceed by filing a complaint on the defaulted student loan in federal or state court. That means typically the borrower will receive personal service of the summons and complaint, with an opportunity to answer, raise defenses, and appear in Court. This never happened. They are trying to collect on a loan that they do not own. Private student loans can not directly garnish wages without a judgment. So, for a private student loan servicer or collection agency to garnish your wages, that entity must first sue you and obtain a judgment. Guaranteed student loans ( e.g. federal, state, or non-profit guaranteed loans ) can directly garnish your wages without a judgment. there are no Judgment against me."
3636,Bank account or service,I submitted a dispute because my account was hacked multiple times using chimes easily accessible online banking platform.They make it easy to hack your account and still dont want to pay you your money back. This platform should be closed.
3637,Credit reporting,"In accordance with the Fair Credit Reporting Act. The List of accounts below has violated my federally protected consumer rights to privacy and confidentiality under 15 USC 1681. 

Account Name : XXXX XXXX Account XXXX Account Name : XXXX  XXXX  Account NumberXXXX Account Name XXXX XXXX XXXX Account NumberXXXX has violated my rights. Or a list of inquiries : 15 U.S.C 1681 section 602 A. States I have the right to privacy.

15 U.S.C 1681 Section 604 A Section 2 : It also states a consumer reporting agency can not furnish a account without my written instructions 15 U.S.C 1681c. ( a ) ( 5 ) Section States : no consumer reporting agency may make any consumer report containing any of the following items of information Any other adverse item of information, other than records of convictions of crimes which antedates the report by more than seven years.

15 U.S.C. 1681s-2 ( A ) ( 1 ) A person shall not furnish any information relating to a consumer to any consumer reporting agency if the person knows or has reasonable cause to believe that the information is inaccurate."
3638,Credit reporting,"Having issued with the  XXXX  credit bureau 's.  XXXX  place a Fraud Alert on my credit account. I contacted   XXXX   via fax, to remove the Fraud Alert. I was told that it would take up to 48 hrs. for removal, I also contacted Experian and  XXXX , was it would be removed by the end of the business day. Around the beginning of  XXXX  I contacted   XXXX   again requesting the removal, I was giving a case number of  XXXX  and a conformation number of  XXXX  stated from them that the Fraud removal was done. I contacted the other   XXXX    agencies requesting the same, I was told by  XXXX  agencies that they could not remove the alert until  XXXX  remove it. Contacted   XXXX    again requesting the removal, was told that the alert was removed and that he would put in another request in because I could still see the alert attached to the account that was monitored through them, given the conf. no.  XXXX . also mailed in a request on   XXXX   XXXX  ,2017. as of today the Fraud Alert still stand on the accounts. Today I received correspondence 's from Experian and  XXXX  stating that I requested an Extended Alert to be place on the account, to which I placed no such requested. Contacted the bureau 's was told   XXXX    and a third party requested  XXXX / XXXX /17 and  XXXX / XXXX /17"
3639,Mortgage,"on XX/XX/2019 I made an online payment from XXXX XXXX bank to MyLoanCare. The records online showed that the payment went through, however I found out on XX/XX/XXXX that the payment did not go through. I transferred some other funds XXXX XXXX to another mortgage because I thought that the payment for MyLoancare had already gone through. However since the funds were below by {$50.00} the payment had not gone through. I spoke to them on XX/XX/XXXX to see if there were any issues and I was not told about the NSF ( insufficient funds fee ) but then on XX/XX/XXXX I see there was a {$25.00} fee charged. 
I politely asked to see if this fee can be reversed as I was paying additional amount and that I had not been behind on my payments ever. However I was told that they would not reverse this charge. 
I politely asked to speak to a supervisor and they said the supervisor will also say no and I never got to speak to supervisor. I was just told the answer is no. 
I dont feel that I should be charged {$25.00} dollars because of a bank error in regards to transfer of funds. The online payment system for Myloancare is never updated and it kept showing that the funds had transferred and the site was never updated until XX/XX/XXXX. I had even called to see if there were any issues with the payment and I was told that they payment had gone through. Because of their misinformation the insufficient funds issue arose. However I have to bear the fees, the amount is small but I am more upset with the way they treat a customer that has always paid on time and that they do not take responsibility for their mistakes and failure to update their website and account information shown on their website when I log in to my account."
3640,Credit reporting,"I am writing to express my concern regarding the inaccurate negative items on my credit report. I have submitted multiple complaints to the credit bureaus requesting verification of these items, as per the Fair Credit Reporting Act ( FCRA ) Section 609. However, despite my repeated requests, I have not received the necessary proof to validate these entries. According to FCRA Section 609, if verification is not provided, the credit bureaus are obligated to remove these disputed items from my credit report. 

XXXX sent a letter saying they located and removed the following records from the consumers file with XXXX : Bankruptcy Record : Bankruptcy record case number XXXX Bankruptcy record case number XXXX Bankruptcy record case number XXXX Bankruptcy record case number XXXX I kindly request that the credit bureaus promptly investigate and rectify this matter in accordance with the FCRA guidelines to ensure the accuracy of my credit report. Thank you for your attentiontothisissue. Attached you will also find my ID as proofofmyidentity, my Proof of Address, and SS Card"
3641,Money transfer or service,"I am filing a complaint against Cash App ( Block , INC IN. ) due to inadequate customer service and unfair practices, which violate the Consumer Financial Protection Act ( GFPA ). Specifically, Cash App failed to take timely and effective measures to prevent an address fraud on their platform, leaving my account, vulnerable and unprotected. Furthermore, their dispute resolution process was unfair and deceptive, as they did not comply with air resolution requirements under the Electronic Fund Transfer Act ( EFTA ) and Regualtion E. These actions have caused significant inconvenience and financial loss, and I seek appropriate redress for these violations."
3642,Debt collection,"No record of debt paid from previous agency. Lied, told me contacting the business directly to pay would lead me straight back to them. I called to get to the bottom of why a debt I paid a previous collection agency wasn't reported. Because of the age of the debt and a relocation, I don't have much to work with in terms of receipts/validation. I was told I was on a recorded line, I informed them I was also recording the line with my attorney and got transferred to a supervisor. After discussing options, the man I spoke with told me that if I contacted XXXX customer service to address the payment directly that my account was no longer handled by them and that XXXX would lead me back to Credence for payment. I see in their replies they review calls and provide their own account of what happened, but since I have my own recording of the call I'm happy to provide a direct and complete transcript ( with audio ) if need be. Prior to calling Credence today, I called XXXX and they offered to take my payment. On the same call with Credence, he pulled up my XXXX call log. I asked if he could see the notes and see where XXXX offered to take my payment directly, he said yes. I then told him that his indication that XXXX would direct me back to Credence to pay the debt was misleading and a lie. He tried to lie to me about XXXX being able to receive payment to coerce me into paying Credence. As a creditor, using misleading tactics is a complete violation. Combine that with the fact that they're trying to collect a debt I already paid once. This occurred on XX/XX/2020."
3643,Mortgage,On XX/XX/2023 I made my mortgage payment to Mr Cooper aka Nationstar mortgage. I made a major error over paying my account # XXXX The payment was for {$1300.00} I made the huge error of paying them {$13000.00}. I notified them of my mistake on XX/XX/2023 By phone and ask for my overpayment to be returned. They said they would said it would take 3-7 business days.Did not get my money back. Called them a few days later. Was told to send a canceled check with the Banks information. Waited a few more days and called to ask where was my money. They Told me because it was over {$10000.00} dollars they needed a copy of my monthly statement which I faxed and emailed copies to the number that was given to Me. It is XX/XX/2023 and still have not received my money to Me. Please help me get my money back. Received my mortgage statement today they paid my XXXX payment. Put the rest of the money on my Principal.It cost me {$25.00} dollars to fax the bank statement to them at XXXX. Not to mention the cash advance from my bank.Called today was told the person handeling this now is XXXX XXXX her phone is XXXX Please Help Me XXXX XXXX
3644,Money transfer or service,I have every XXXX i have in a XXXX account. I have the same accounts linked i have always had and in my home area. I have tried for XXXX  days to use my debt card as well as transfer my money to my bank account that has been linked. I have no money and had to sleep on a park bench last night. I can get no answer from they as to why and how to get my money.
3645,Consumer loan,"I graduated from the XXXX of XXXX. When I graduated in XX/XX/2008 the housing the market crashed jobs were slim to none to come by. I did manage to find freelance work to make ends meet. I was struggling to pay my student loans. When XXXX XXXX sold to Navient the rates changed on my loans as high as 7.25 % variable rates. I called Navient and they agreed I could pay interest only payments at {$400.00} a month. I struggled for the past 12 years making these payments and yet my loan balance grew greater. 
I had to give up my apartment and move in with my sister. I had to stop my car insurance because of lack of money. I take the trolley to my various jobs. I 'm now paying {$100.00} a month for mandatory medical insurance or I will be penalized on my income tax. I set up payments plan with XXXX but stopped paying {$400.00} a month to Navient. I was starving. I have tired several times to set up a pay plan based on my income with Navient. No one will help me and they have now sent my loan to a collection agency. I tried to set up a plan with the collection agency they said I must pay {$850.00} a month. So it has come down to I must eat first and forced to pay the XXXX medical. This ca n't be XXXX that I was born and raised in."
3646,Credit reporting,"XX/XX/XXXX Re : XXXX Experian Credit Report I, XXXX had experienced, yesterday ( XX/XX/XXXX ) in an attempt to retrieve my Experian credit report, two questions suggested that I had taken a mortgage loans from one of the four banking institutions and the other question suggest I had taken a car loan for which, I had answered both of those questions as none of these above then I was denied access to my online dispute service provider for answering one or both question ( s ) wrong. I had not taken any financial mortgage, credit cards and [ or ] car loans in the past or present since, my last credit report number XXXX dated XX/XX/XXXX. I had frozen my credit report information therefore, any person should have not been approval for any mortgage, car, or credit card loans against my credit report accounts for which, I have no credit history. 

I would gratefully appreciate your investigation into that matter and please provide me with a free credit report. 









XXXX"
3647,Debt collection,"XX/XX/XXXX Columbia Debt Recovery XXXX XXXX XXXX XXXX XXXX XXXX Subject : Request for Debt Validation under FDCPA To Whom It May Concern, Im writing for the XXXX time to you regarding a debt that appears on my credit report under your company name, Columbia Debt Recovery, with a balance of {$4000.00} and an original balance of {$3700.00}, allegedly opened on XX/XX/XXXX. I am formally requesting a validation of this debt, as is my right under the Fair Debt Collection Practices Act ( FDCPA ), 15 U.S.C. 1692g. 

Pursuant to this law, I respectfully request the following information : 1. Proof of the original debt and itemized accounting of the total amount, including how interest, fees, or other charges were calculated. 
2. A copy of the original signed contract or agreement with your company or the original creditor showing that I agreed to this debt.

3. The name and address of the original creditor, along with the original account number.

4. The date the account was opened, and the date of the last payment made, if any.

5. Proof that you are authorized to collect debt in the State of California.

6. A copy of the debt validation notice as required by 15 U.S.C. 1692g ( a ) if one has been sent. 

Until you provide the requested validation, including all documentation proving the debt is mine and legally enforceable, I request that you cease all collection activities, including reporting this account to credit reporting agencies. 

Please consider this letter a formal dispute of the alleged debt, and a request for full validation. If you can not provide this information, you must remove the account from all credit reporting agencies per the Fair Credit Reporting Act ( FCRA ). 

Thank you for your time and cooperation. 

Sincerely, XXXX"
3648,Money transfer or service,"Unauthorized transaction on Cash App card. I tried to address this with cash App and they haves refused to clear up problem. Their response is that I must have done it. The amount in dispute is only {$20.00}. However, whomever, accessed my account my try to get more cash."
3649,Debt collection,"XXXX is attempting to discount Consumer Protection that is available to me from complaint XXXX. I have requested that they communicate with my attorney only, yet they refuse and have not contacted. I have provided his information again in this complaint and I want them to contact him ASAP. 

1. HRRG had multiple contacts with this consumer, took updated health insurance information and attempted to bill for the patient. 

I verbally told XXXX to stop calling me yet they called me anyways it was only later that I had put it into writing. Regardless of multiple contact info they have the revocation is a global request to cease and desist. 




2. She never asked for phone calls to cease until receipt of the letter from her attorney was processed on XX/XX/2019. 

This is false! I verbally told them to stop yet they continued to harass and threaten me. 


3. HRRG has not violated the TCPA and the consumer provided the number at the time of service. 

False - The use of pre-recorded messages to solicit payment and for non-emergcy purposes is a violation of TCPA. Please call my attorney as previously requested. 

I dont know why I must spend so many countless hours trying to correct he mistakes of this comapny. They have broken the law. I am asking that they contact my attorney."
3650,Consumer loan,Wells Fargo is saying we have not been paying are payments when weve payed all of them. They have stated that there has been reversals on are payments and that are bank is keeping the money we have all documents from are banks stating we have made they payments that they are saying we have not weve have called and tried to work it out with the bank but they are no help what so ever every time we call its a different amount a different date they dont know if there going or coming now they are trying to take the car when weve done all we can do to try to fix this instead of are total on the loan going down after XXXX years its still sitting at where we started
3651,Credit reporting,"on XXXX XXXX I opened disputes of debt validation with all 3 credit reporting agencies. XXXX, Experian, and XXXXn. XXXX  and Experian have not provided me with any proof of validation for the student loans reporting from XXXX, XXXX, XXXX etc. These loans showed {$0.00} paid, closed, and paying on time. After the inquiry of dispute, XXXX  and XXXX tripled the summary balance of amount owed and have yet to provide me with any documentation of validation for doing so. I have been on an IBR payment plan where all loans were consolidated and all payments were made on time."
3652,Bank account or service,"I have been charged so many overdraft fees over the past two years ; its insane, like my account will have enough money in my account, but the bank will be slow at processing, or they will make a mistake, as a result charging me an overdraft fee. Its awful and puts people further into a hole. I have been charged over {$1000.00} in overdraft fees and everytime I call the bank tells me that nothing can be done. It is so unjust that banks can do that. I have attached how many overdraft fees I was charged in ONE MONTH alone."
3653,Money transfer or service,"I am filing a complaint against Cash App ( Block , Inc. ) due to inadequate customer service and unfair practices, which violate the Consumer Financial Protection Act ( CFPA ). Specifically, Cash App failed to take timely and effective measures to prevent and address fraud on their platform, leaving my account vulnerable and unprotected.

Furthermore, their dispute resolution process was unfair and deceptive, as they did not comply with error resolution requirements under the Electronic Fund Transfer Act ( EFTA ) and Regulation E. These actions have caused significant inconvenience and financial loss, and I seek appropriate redressed for these violations."
3654,Debt collection,"I am contacting you regarding fraudulent accounts that appear on my credit report. I did not authorize these accounts, nor do they belong to me. Their inclusion is wholly inaccurate, misrepresents my financial history, and is unfairly damaging to my credit standing. It is unacceptable for my credit record to contain false information that I am not responsible for. Such reporting erodes the accuracy and reliability of the credit reporting system and inflicts unjust harm on consumers like myself."
3655,Debt collection,"Total visa keeps calling every day and leaving voicemails and sending email communications and text messages! I know there is a 7-7 where they can only send any type of communication 7 times in 7 days and they do double that! Ive got saved calls, VM and some text"
3656,Consumer loan,"On XX/XX/2023 Carvana promised a used car loan if I put down {$4500.00} dollars and the USC 15 Section 1662 ( b ) protects consumers from predatory lenders who use advertising to get people in debt. The consumer law states if you see an advertisement that promises credit in exchange for a down payment or that guarantees a certain amount of money after the application, it may run afoul of the Truth in Lending Act."
3657,Credit card,"I called Barclays about two weeks ago to report a fraudulent credit card account under my name that I kept receiving a bill to my home of {$89.00}. They have not closed this account, and now my credit is being affected. When I spoke to them they transferred me over to the fraud department because they could not find my account with my phone number or the last four of my social. I would like to know what is going on."
3658,Debt collection,"On XXXX XXXX XXXX, I received the following text message : This text is from Shepherd Outsourcing, a debt collector regarding your XXXX XXXX XXXX XXXX account. Visit XXXX XXXX XXXX. Reply stop to opt-out or call XXXX. # of messages varies. Message & data rates may apply. This is an attempt to collect a debt and any information obtained will be used for that purpose.. SOG Ref # XXXX Reply STOP to opt out. 

I received two more text messages on XXXX XXXX XXXX and then on XXXX XXXX XXXX : We have limited time to work with you before we return your XXXX XXXX XXXX XXXX account to our client. See your options at XXXX XXXX XXXX or call XXXX. This text is from Shepherd Outsourcing, a debt collector. Reply stop to opt-out If your XXXX XXXX XXXX XXXX account is returned to our client we may not be able to renew these offers. Save up to {$430.00} in up to 6 payments when you visit XXXXXXXX XXXX XXXX or call XXXX. This text is from Shepherd Outsourcing, a debt collector. Reply stop to opt-out On Friday, XXXX XXXX XXXX I used the website provided in the text message and entered personal information to review the debt the company claimed to collect. I was provided a phone number to call and spoke to a representative who asked if I was XXXX XXXX, which is not me. They said their records were innaccurate and ended the call."
3659,Credit reporting,"In XX/XX/XXXX I opened an account with VW Credit Inc on a XXXX XXXX XXXX  and in XX/XX/XXXXthe car was totaled in a hail storm. I purchased gap insurance through the XXXX dealership in case something like this happened. I filed my claim and the car was paid in full between the insurance company proceeds and the gap company ( XXXX ) payment. 

My account was statused as paid in full. Then on XX/XX/XXXX I received an alert from the 3 bureaus showing a new tradeline update on my credit report. I opened the notice and found that VW Credit Inc had updated my loan status from "" Paid in Full '' to "" Paid / Charge-Off ''. This statement basically shows as if I let my vehicle get repossessed and then I paid off the balance at a later date. This is completely false as I never made a late payment much less let the account charge-off. 

I contacted VW Credit Inc on XX/XX/XXXX and they stated they would correct the error and it would take about 30 days. On XX/XX/XXXX the account did update but nothing changed and still shows "" Paid / Charge-Off ''. 

This erroneous data is having a negative impact on my credit score thus making the cost of new credit to increase."
3660,Bank account or service,"Regarding Bank of America Lack of Access to Fraud Reporting Today, XXXX XXXX, 2016 at XXXX PDT I called to report fraudulent activity on my checking account. I sat on hold for 24 minutes with the fraud department, then was transferred to claims for another 16 minutes, in all, it took 58 minutes to report an unauthorized transaction. 
Both Fraud and Claims department are seriously understaffed while the voice on hold says my time is valuable and maybe I should call to make an appointment to go to the bank. Though, when fraud is reported at the bank, they just point you to a phone in the corner. 
I 've spent less time waiting on IRS. There is a general withdrawal of services by BOA and I feel it is a serious oversight in staffing for FRAUD when a consumer must sit on hold during workday for an hour. 
XXXX XXXX XXXX XXXX, 2016 XXXX to XXXX holding for a person in the fraud department. 
Phone : XXXX XXXX to fraud department prompts XXXX XXXX, 2016 XXXX to XXXX then holding for person in claims department. 
Transferred to XXXX XXXX ( claims )"
3661,Consumer loan,"I had my car loan with PNC for my previous car. 
After my previous car got sold carloan had been payed full by the dealership. 
My account got closed with PNC and I got locked out from their website! 
Which is normal but they still continued to take out car payments from my personal bank account! 
It happened twice! After the first time I talked to them and they promised it wouldnt happen anymore! 
Got a refund from them but it took 10 days! 
However happened again a month later! 
After the second time they took out money I called their customer service but they tried to blame me and they said I should of had to stop the payment myself through my online account! Which is impossible because 1 ) they locked me out from my online banking since my account been closed so how I supposed to cancel anything?! 
2 ) I did talked to them on the phone after the first time and they did say it wont happen anymore! I was just simply trusted them! 
After 11 days I still dont have my money back!"
3662,Credit reporting,"I am disputing a collection account reported by XXXX XXXX XXXX XXXX XXXX XXXX XXXX XXXX XXXX XXXX XXXXXXXX ) in the amount of {$2500.00}, reported on XX/XX/2025. 

This account is inaccurate and unverifiable : No original creditor contract or signed documentation proving the debt has been provided. 

There is no evidence of ownership transfer authorizing Credence Resource Management to collect this debt. 

The account may also be re-aged or reported with incorrect dates and statuses. 

I have requested validation but have not received legally required documentation, as required by the Fair Debt Collection Practices Act ( FDCPA 809 ) and Fair Credit Reporting Act ( FCRA 611 & 623 ( a ) ( 1 ) )."
3663,Credit reporting,"XXXX XXXX XXXX XXXX XXXX XXXX, XXXX XXXX SSN : XXXX DOB : XX/XX/1983 please be advised that a copy of this letter has also been sent via certified mail. 

the equifax, XXXX and XXXX credit reporting agency have all been dishonest in its investigation of this chapter XXXX & chapter XXXX bankruptcy being reported under my name, after receiving my credit report it was confirmed that the company XXXX XXXX was the supplier of this invalid account being reported, so I called them to request that I have this validated and they stated that they have not validated this debt with equifax, XXXX or XXXX, furthermore I went to the federal bankruptcy courts ( letter attached ) to attempt to gain any information being reported and they gave me an official statement that they do not furnish information to anyone or any credit reporting agencies. According to the bankruptcy court ( letter attached ) they do not verify bankruptcies with the credit bureaus. 

I demand direct, not third-party, proof according to FCRA, Section 611, paragraph ( 6 ) ( B ) ( iii ) or delete the bankruptcy from my record according to FCRA, Section 609 a ( 2 ). 

please provide me with the courthouse name, address, phone number of who verified this debt"
3664,Credit card,"On XX/XX/XXXX, Discover processed XXXX identical payments of {$190.00} from my checking account, even though I only authorized XXXX. XXXX  payments cleared my bank on the same day. This error caused me to be short of nearly {$200.00}, which I urgently needed for my student loan payment. 

I immediately contacted Discover. They acknowledged the duplicate payment but said they will only refund the money by mailing a paper check. They refused to expedite the refund, reissue via ACH transfer, or allow an alternate secure delivery method. I do not have safe or reliable mail service at my current address, which makes this an unreasonable resolution. 

I am currently enrolled in a hardship program with Discover that restricts spending on my account, so I can not use the credit balance toward purchases. I urgently need the funds returned to my bank account to cover essential bills.

Requested Resolution : Immediate refund of the duplicate payment via ACH transfer to my bank account ( as Discover already has my account and routing information on file ).

If ACH is not possible, expedited check delivery to a secure location ( XXXX pickup or alternate mailing address ). 

This duplicate payment and Discovers refusal to issue a timely refund has caused severe financial hardship. I request the CFPBs assistance in ensuring Discover provides a prompt and reasonable resolution"
3665,Money transfer or service,"On XX/XX/2021, I placed an Order for Two wire transfers, in the amount of {$14000.00}, each, at Wells Fargo Bank Branch # XXXX, in XXXX, Washington and the phone number for them is XXXX I was told that the funds will be available, in Three days. 
I called and left a message for XXXX XXXX XXXX and XXXX called me back, and she ultimately couldn't find my funds and where the funds went. 

From there, XXXX exculated the matter and an Executive XXXX XXXX is working on what he does and told him that Wells Fargo has damaged me, and I need to be compensated for the loss of taking care of my private affairs."
3666,Debt collection,"Jefferson Capital systems llc has reported collections on my account. This is in Violation of the Fair Credit Reporting Act, Violation of the Fair Debt Collection Practices Act, and Defamation of Character. I have no idea who Jefferson Capital systems is and I do not owe them anything. I want this removed immediately."
3667,Consumer loan,"Starting in XX/XX/2019, I was so far ahead in my monthly payments that I was allowed to stop making payments for a few months. I received a summary of my accounts with this information monthly, with the date of when payments would need to start again. 
So in XXXX and XX/XX/2019, I stopped automatic deduction from my checking account. Each month, I paid a large chunk of money on one specific loan in an effort to pay it off. I successfully paid in full one loan in XXXX, and received a "" Paid In Full '' letter in the mail a few days later. My plan was to, each month, make a payment for one specific loan to pay it off, and by the time my paid ahead staus was finished, I should have 3 loans paid off. 
However, on XX/XX/2019, I received correspondence that my loan terms changed, and suddenly I was mandated to make payments again starting this month. When I called for further clarification on XX/XX/2019, the customer service representative informed me that my paid ahead status was canceled PER MY REQUEST. I assured her that I had not made that request ; in fact, I had not spoken to anyone at fedloan in months. The representative shared with me that the important information that should have been documented in my account, such as the identification number of the representative who made such change, was missing. This is alarming to me, that someone at fedloan made changes to my account WITHOUT MY CONSENT. This is the reason for my complaint. 
The representative did submit a request to reinstate my paid ahead status ; however, this will take time to process. In the interim, I have to make the mandated payments for XXXX, and possibly XXXX, and my plan to have 3 loans completely paid off by spring is no more. I am angrier, however, that someone at fedloan made changes to my account WITHOUT MY CONSENT."
3668,Credit card,I paid for a facility for my daughter with mental health care issues for 3 months and the last month the provider moved my daughter against her will to a low-level facility causing her extreme emotional trauma resulting in a XXXX. I paid {$5500.00} for the month and the provider paid {$2000.00} for the unauthorized house they moved my daughter to. I am asking to be refunded the last month. I DID NOT RECEIVE THE SERVICES I PAID FOR-
3669,Money transfer or service,"On XX/XX/year> an unauthorized transaction on Cash App ( family member 's / sponsored account ) was made. After investigating the matter myself, I contacted Cash App customer service via chat in the cash app then I contacted Cash App via phone. Each time I fully identify myself and provided requested information to Cash App per Cash App representatives. Cash App continues to advise me they can not give me information on where the money has gone and to find out where the money was transferred will take them 10 days. I check back daily to get an update and Cash App continues to skirt around significant facts. My concern is you can not link an external account to Cash App without an email and identifiable account information. Therefore, Cash App should be able to provide the requested information to me in XXXX minutes opposed to 10 days as a courtesy to consumer 's that could potentially be at risk of fraud as any financial institution should understand. For example, if I call the bank and report issues with my account such as an unauthorized transaction, the bank would take drastic measures immediately. The bank would also tell me immediately, where that transaction was made and who received the funds. I find it impossible for this to take 10 days given Cash App 's policy and regulations on linked accounts."
3670,Mortgage,"This is a Notice of Violation of ECOA Valuations Rule under 12 C.F.R. 1002.14 ( a ) ( 1 ) ; 15 U.S.C. ( a ) ( 3 ), ( e ) ( 1 ).

I applied for a loan modification XX/XX/XXXX with U.S. Bank and received a Notice from XXXX XXXX XXXX XXXX dated XX/XX/XXXX. RE : Right to Property Valuation Documentation ( attached here as A-1 ) The Notice clearly stated that they would promptly send notification of the of the property value, and provide me with a copy of the appraisal report as required by law. U.S. Bank conducted two separate Property Valuations ( attached here as A-2 ) while reviewing my loan application and failed to provide me a copy as required by law and violated the ECOA Valuations Rule under 12 C.F.R. 1002.14 ( a ) ( 1 ) ; 15 U.S.C. ( a ) ( 3 ), ( e ) ( 1 ).

I received a loss Mitigation Determination from U.S. Bank dated XX/XX/XXXX ( attached here A-3 ) that advised me that I was denied a loan modification due to not being able to complete a property inspection. Not only was a property inspection completed during the review of my application, there were also two separate property valuations ( Appraisal/BPO ) conducted and completed during that time. This information is false, misleading, deceptive and unfair and clearly violates UDAAP ( Dodd-Frank Act, Sec. 1036 ( a ) ( 1 ) ( B ) ; 12 U.S.C. 5536 ( a ) ( 1 ) ( B ) misleading borrowers by providing false or deceptive reasons for denial. This false and deceptive information also violates RESPA under 12 U.S.C. 2605 ( k ) ( 1 ) ( C ), due to the Servicers failure to correctly evaluate a loss mitigation application."
3671,Consumer loan,I purchased a new vehicle in XX/XX/XXXX and was under the impression that I was trading in this car. Instead it was repossessed. Once I found out the car was repossessed the amount that is showing on my report is increased. They are stating the amount of the loan is more that it was originally. Therefore the car was sold in which I was never made aware of the amount that is was sold but the amount that is still showing on my credit report is wrong and derogatory and the balance is still updating every month although it is a charge off and balance showing incorrect. I do not know why the car was never traded in because that is why I was able to purchase another vehicle in which I have no problem with so this situation is reporting falsely on my report and has been.
3672,Credit card,"I assert that the incorrect late payment entries on my accounts violate 15 USC 1666. I have consistently made my payments on time, and any errors in the reporting of these payments are both unfair and unlawful."
3673,Credit reporting,"Re : Method of verification Highly Requested Under 15 U.S.C. 1681i ( 7 ) Method of verification As a consumer I request to know all the steps your agency took to insure these items were 100 % accurate under 15 U.S.C. 1681i ( 7 ) Method of verification- Description of reinvestigation procedure. A consumer reporting agency shall provide to a consumer a description referred to in paragraph 15 usc ( 6 ) ( B ) ( iii ) - a notice that, if requested by the consumer, a description of the procedure used to determine the accuracy and completeness of the information shall be provided to the consumer by the agency, including the business name and address of any furnisher of information contacted in connection with such information and the telephone number of such furnisher, if reasonably available ; by not later than 15 days after receiving a request from the consumer for that description. 
Please send the following information used to validate the validity of the invalidated items below XXXX XXXX XXXX XXXXXXXX - Under 15 U.S Code 1605 ( a ) If a Finance Charge was included which is the sum of all payments There Should be no late payments on this account.

Items Highy Requested 1. The name of the original creditor 2. The creditors address and telephone number 3. The persons name they verified the dispute with 4. The documentation original contracts used to validate the dispute.

5. Also the procedures your company have in place to ensure each account is 100 % correct which i doubt..

6. IF YOU CANT PROVE IT YOU MUST REMOVE IT OR PAY XXXX per VIOLATIN YOU ARE COMMITING."
3674,Bank account or service,"I have submitted another request for this issue that was just closed without proper evidence under complaint XXXX. Again, KeyBank has failed to address that they continued to charge non-sufficient fund and return fees for an account that I closed in their branch. Note, I have had many discussions with KeyBank both in person at their branch, and via their call center in the XXXX. I am glad that KeyBank provided evidence of previous miscommunication with their XXXX center, resulting in a refund that they paid to me. I am not sure how or why this lack of communication continues to occur, but KeyBank has placed my name in XXXX for overdraft fees only, again sometimes charging as much as {$77.00} for a {$17.00} charge. My first question is specifically to the Consumer Financial Protection Bureau - is this legal? Is a company able to charge & XXXX for a {$17.00} return charge? Why, as a consumer, is KeyBank able to punish me for choosing to no longer do business with their bank and closing my account? As noted in my initial complaint, KeyBank has never paid a charge on my behalf, and my current balance with this organization is only from their service fees. My second question is for KeyBank - what responsibility do you take for not properly closing my account, as requested? Your response to my previous complaint was that you are taking no responsibility for your mistake, and continuing to assess overdraft charges for an account that was closed. In addition, how are you rectifying the situation with your call center? I am aware from speaking with your branch that many of your customers ( not only me ) have complained that your call center employees do not properly understand English, and I have a concern with how you are protecting my personal information when it is outsourced to another country."
3675,Debt collection,"The collection agency, CTech Collection Inc., XXXX XXXX XXXX XXXX  XXXX, NY XXXX, is attempting to collected a debt they alleged I owe to XXXX XXXX XXXX XXXX, XXXX, NY, for an exam conducted on my XXXX XXXX baby, XXXX XXXX, 10 days after she was born, on/about XX/XX/year> ; we did not obtain services at that time ; we visited the office, and the nursing assistant attempted to draw blood from my newborns finger, she injured my baby and massive amounts of blood began pouring it, yet, the assistant continued to scrap and re-injure the puncture would with a needle ; I demanded she stop and I left the office immediate with my baby. I have filed a medical complaint with the NYS Dept of Health against the facility as well for same. I also had insurance at this time, which I provided to facility prior to appointment, they stated my insurance would cover visit. Then, they sent bill for {$1500.00} for service did not even received where they injured baby requiring further doctor appointment and emotional trauma. Although requested to stop, collection agency continues to harass with ongoing phone calls and mailings."
3676,Money transfer or service,"I received a text, from the Citibank phone number as I usually do when an unauthorized transaction has occurred so I respond as I usually do, then the Citibank number called me, later to find out these people are generating the exact phone numbers on the card itself, the person did a wire transfer and took everything I had {$1100.00}, this person banks at XXXX XXXX XXXXXXXX, I spoke with XXXX XXXX XXXXXXXX they couldnt give me much info since I dont bank with them, I dont believe Citibank is working hard enough for me to retrieve my funds back, they dont even want to give me my funds back, Ive been with Citibank way too long to be treated like I have re opened the case 3 times I also do have a police report"
3677,Debt collection,"I am a victim of identity- theft, I am writing to request that you block all accounts disputed as fraudulent on my credit reports with XXXX XXXX XXXX XXXX and Experian. This information does not relate to any transactions I have made. I did not give anyone authorization or consent to use my personal information. I hereby exercise my legal rights enacted by Congress and The Federal Trade Commission, which explicitly states when a victim of identity-theft dispute a fraudulent account on his/her credit report it shall be honored by all credit bureaus and all fraudulent information should be blocked within 4 days and proper notification shall be given to all data furnishers pursuant to section 605b of The Federal Fair Credit Reporting Act. 

XXXX XXXX XXXX XX/XX/2016"
3678,Credit reporting,"Dear Consumer Financial Protection Bureau, I am submitting this formal complaint against XXXX XXXX XXXX for serious and repeated violations of the Fair Credit Reporting Act ( FCRA ) and the Fair Debt Collection Practices Act ( FDCPA ) related to an unsecured loan with an original balance of {$220.00}. 

Issues : The account was opened on XX/XX/XXXX, with a 2-month repayment term. The last payment was made on XX/XX/XXXX. 
However, the company reported 16 negative months of late or charged-off payments this is mathematically and legally impossible for a 2-month account. 
They reported the account as charged off in XX/XX/XXXX, while adding continuous negative reporting from early XXXX into XXXX without basis. 
They inflated the remaining balance and marked the account as past due {$210.00}, with no explanation or validation. 
No opportunity to cure, verify, or dispute was ever offered before being charged off. 



Violated Consumer Protection Laws FCRA Violations : 1681e ( b ) Inaccurate reporting of delinquency timeline 1681s-2 ( a ) Furnishing unverifiable or incorrect information 1681s-2 ( b ) Failure to investigate and correct inaccuracies 1681i ( a ) Failure to reinvestigate disputed credit data FDCPA Violations : 1692e ( 2 ) ( A ) False representation of amount and status 1692f ( 1 ) Collection of unauthorized charges or balances 1692g ( b ) Failure to validate the debt when requested"
3679,Credit card,"On XX/XX/2022, I began the debt consolidation process with a company. On XX/XX/2022, I emailed XXXX requesting to freeze card and close the account. XXXX replied on XX/XX/2022 stating they could close the account, but XXXX never closed the account and it is still accruing interest to date and reporting negatively on my credit report. The debt consolidation company can not begin negotiations until the account is closed for collection. XXXX is the only creditor who has not complied with my request for account closure."
3680,Credit card,"I was somehow opted into debt protection insurance by Best Buy on a store credit card in XXXX. There would have been no need for this. Ive never had a payment large enough to ever need this. I have always had autopayments and usually once per year I pay my balance down to XXXX. 

I was either strongly misled into getting this protection or opted in by accident. Either way Best Buy or Citi have never sent an annual notice and have taken thousands from me and others I see online. Worse yet is I've paid interest on all the balances that should've been put towards my principle. 

I looked at my account activity in XXXX of XXXX because Best Buy and Citi also gave my rewards points to my XXXXXXXX XXXX  account who also has the same name. They've screwed our accounts and payments up multiple times over the years. When I looked at my activity I noticed a weird charge for XXXX that I didn't buy. The description of the charge isn't even clear what it is. That in itself is misleading. After looking back several months I realized I had these charges every month and that my payments were pointless. 

I called Best Buy customer service in early XXXX to dispute these charges and cancel the service in the meantime. They reviewed this situation and didn't refund me a XXXX. 

I believe Best Buy has a massive UDAAP violation. As well as an FCRA violation because I believe my father opted in for his Best Buy account. They have messed up our accounts several times throughout the years. The worst part is that I only asked to be credited the charges since the last year when I paid my account to XXXX. 

I strongly encourage any consumer to avoid Best Buy and Citi for any financing. They have horrible predatory practices. They have horrible credit maintenance and people deserve better."
3681,Credit card,"I received a Visa Gift card issued from XXXX XXXX, I didn't pay attention to the fine print, it turned out that if the card is not used within 12 months, it starts to lose {$2.00} per months. 
I called the # provided on the back of the card, 12 months of charges were re-loaded but I was told they can't go beyond 12 months. I say this is a rip off and no one should use there types of gift cards because people tend to forget what they have and most don't check the fine print."
3682,Bank account or service,"It is not possible for me to file a complaint against XXXX XXXX XXXX XXXX, so it is against M & T Bank. I was supposed to have ALL overdraft fees associated with a debit purchase that was unauthorized refunded. They were not. The fee of {$37.00} charged on XX/XX/2022 which was a direct result of a charge that was disputed and refunded was NOT refunded. Had I been accurately refunded in the first place, they would have lost out on SEVERAL of their {$37.00} fees as many were {$20.00} or less. 

Additionally, they are in breach of their own contract. If money is placed into an account the same day an overdraft fee is incurred, there is not supposed to be an overdraft fee. On XX/XX/2022 I was charged {$37.00} for an overdraft from XX/XX/2022. However, I deposited {$340.00} on XX/XX/2022. The overdraft wouldn't have been charged if they followed their OWN policy. The only reason the account went negative was the 4 {$37.00} fees from XX/XX/2022. 

I called the banking center and was refused to have even this one fee refunded.

They have taken 19 {$37.00} fees in less than a month.

If they refuse to follow their own contract, I will take them to small claims court. I would like the FDIC to note that the fees M & T Bank charges are less than XXXX XXXX XXXX, significantly, and they have taken AWAY positive things in my XXXX XXXX contract ( like checks up to {$500.00} being available right away ). How is it legal to take away only the positive things I was offered by my bank and keep the negative ones -- yet I am unable to sue XXXX 's XXXX -- -how is this legal to treat two consumers forced to use the same company so differently? There should be more oversight!! 

Additionally, while it is subjective -- FDIC states these fees are not allowed to be "" excessive ''. Guess what? THEY ARE EXCESSIVE!!!"
3683,Debt collection,"I am sending this asking for your help to file a formal complaint against PORTFOLIO RECOV ASSOC regarding an account I have with them XXXXXXXX XXXX XXXX XXXX XXXX. I believe that this account needs to be removed from my credit report due to error, fraud, and be remove. Here are the details of my complaint : PORTFOLIO RECOV ASSOC ( Original Creditor : XXXX XXXX XXXX XXXX XXXX XXXX XXXX XXXX XXXX Balance : {$4200.00} I have reason to believe that this account was opened fraudulently in my name, and despite my attempts to resolve the issue with the creditor, they have not taken appropriate action to remove the account from my credit report. I have disputed this account with the creditor, but it remains unresolved I am requesting that this account be removed from my credit report, as it is causing significant damage to my credit history and standing. I have made multiple attempts to resolve this matter directly with PORTFOLIO RECOV ASSOC but to no avail."
3684,Debt collection,"To Whom It May Concern, I am writing to dispute inaccurate and potentially unverifiable information regarding the following closed account : Collection Agency : LVNV Funding LLC I believe the information being reported on this account is inaccurate. Specifically : Original Creditor Closed Account Pursuant to the Fair Credit Reporting Act ( FCRA ), 15 U.S.C. 1681e ( b ) and 1681i, I request that you reinvestigate this information, and either update or remove all inaccurate or unverifiable data. 

Furthermore, if your reinvestigation confirms the current reporting as accurate, I am exercising my right under 15 U.S.C. 1681i ( a ) ( 6 ) ( B ) ( iii ) to request a detailed description of the procedures used to verify the information, the name and address of the furnisher ( XXXX XXXX XXXX XXXX XXXX, and copies of all documents used in the verification. 

Please complete your reinvestigation and respond within the XXXX window provided by the FCRA. I have included a copy of my ID, proof of address, and any supporting documentation to aid your process. 

Sincerely, XXXX XXXX"
3685,Mortgage,"I applied for a HELOC loan with bank of America Back in XXXX of XXXX. My application was accepted, and we were in the underwriting process. Bank of America found that there was a Lien still on my home and stated that they could not proceed unless the lien was released. Bank of America had done the loan modification for me back in XXXX as they were the holder of the note for my mortgage. Bank of America had sold the servicing to another company, and since then I had refinanced from the FHA loan to a Conventional loan. All notes were paid when I refinanced. I reached out to ISN for a copy of the lien release from the modification and they provided it. Bank of America 's underwriting department for the HELOC was still showing a Lein on my house however for the exact amount as the release. When I reached out to the county to get the paperwork that was filed, I was able to retrieve both the original and duplicated lien that they had filed. I am now unable to do anything with my house because of the duplicated lien. ISN has maintained that they do not have such recording of the duplicate, and that Bank of America needs to resolve the issue."
3686,Credit reporting,"* I understand Experian is not a bureau nor are they backed by any government agency. I am aware that Experian in fact consumer reporting agencies have assumed, not given, a vital role in assembling and evaluating consumer credit and other information on consumers. 

Under these circumstances I am aware of pursuit to the FDCPA & 15 U.S. Code 1681b - Permissible purposes of consumer reports. As A Third party agency Experian must comply with my written instructions. I have given them my written consent to remove multiple fraudulent and misinformed XXXX from my consumer report! Experian has continued to update my report with no proof of proper verification. Also the accounts are exactly the same! I will be contacting the attorney general in regards to the matter as well. There is no way a proper investigation was done within a 5 day time period to receive these results!"
3687,Debt collection,"This company sent me a collection letter on XX/XX/2018 regarding an alleged debt that I know nothing of. I responded within 14 days, requesting debt validation according to the FDCA to provide proof of identity used to open the alleged account as well as a signed contract bearing my signature showing obligation to pay. They responded on XX/XX/XXXX with a copy of a bill print out. I sent a 2nd request for debt validation since a copy of a bogus bill that is not mines does not constitute as debt validation under the FDCA. Again I requested proof of ID used to open such account and a signed contract bearing my signature, along with a copy of a judgment and proof that they are licensed to collect in California. Their response was that they sent the bill print out as validation. This company is violating my rights, threatening me and at this point, I'm considering it as continuous harassment. They failed to validate this debt, they fail to respond to the requests in my letters and they continue to break the law and violate the Fair Debt Collections Act. They need to cease collections and stop harassing me."
3688,Money transfer or service,"I have already filed an complaint against them & nothing has been resolved. Also Bank of America told me that they have no funds to obtain back to me. Which I sent them proof of me being scammed with the police report and claim. How ever I still have yet to receive my funds. 


XXXX XXXX XXXXXXXX"
3689,Debt collection,"Today I found fraudulent collections reporting to my credit. So I reached out to the number provided on my credit report and they are claiming I owe an ER bill from XXXX. To be clear This debt is not valid and I does not belong to me. I have already disputed this with the credit bureaus. They reported the date on my credit report in XXXX and not in XXXX, Which I believe violates the FCRA and FDCPA. I had this same issue with the previous creditor and let them know it was fraudulent, disputed it and had it removed. It appears as if it was sold to this company. During my call today I advised them of the situation and let them know to remove it from my credit report. The supervisor I spoke with refused to help me with this and said she will put notes in the account. I asked to speak to someone who will help me with removing this fraudulent debt, the supervisor would not give me any information and hung up on me."
3690,Mortgage,"We applied for a mortgage with Wells Fargo. The property was in a XXXX XXXX community on land owned. The XXXX community has a combination of land owned and leased land. We were pre-approved for a mortgage and a closing date was set for a month later. Per request from Wells Fargo, we agreed to put down 25 % of the price. Wells Fargo demanded an appraisal which we paid {$500.00} for. The appraisal was reviewed by Wells Fargo and the value of the property was lowered {$5000.00}. The sellers agreed to lower the price accordingly. When the closing date was moved for the 3rd time, the sellers were considering to pull out of the sale. We called Wells Fargo notifying about this and were assured that they would refund the cost of the appraisal if the sellers pulled out or if we were denied the mortgage by no fault of our own. After the closing date was moved the 5th time, the sellers decided to retract the sale of the property. We notified Wells Fargo about this, requesting refund of the appraisal, but was told that the mortgage was denied by XXXX XXXX due to insufficient collateral - XXXX XXXX does not finance properties as the one we wanted to buy. We got denied the refund of the appraisal for that reason. We filed a complaint with Wells Fargo Consumer Care and Recovery Group, but was told again that they do not refund appraisals after denial of mortgage. Our opinion is, that they should have know this prior to pre-approving us and putting us through the process which lasted 3 months. We were also told by Wells Fargo representative that XXXX XXXX might not approve the mortgage as it was in a XXXX community consisting of manufactured homes, irregardless Wells Fargo should have known that XXXX XXXX and Wells Fargo does not do these type of mortgages. We were lead to believe that this type of mortgage was possible through Wells Fargo. We wasted three month of our time, lost the home of our dreams and {$500.00} due to the above."
3691,Debt collection,"I have reached out to NATIONAL CREDIT ADJUSTERS twice regarding an account with XXXX XXXX and XXXX XXXX I told National Credit Adjuster and XXXX XXXX several times, this account does not belong to me. National Credit Adjuster is still reporting false information to my credit report. They can not find me with documentations to show it was me such as a signed statement owning the account. Everytime I call, the agent has a very nasty attitude with me and being very forceful and threaten to sue me if I do not pay an account that does not belong to me and they wont send me proof that this account is mine. 

For XXXX XXXX, I have asked them for XXXX XXXX contact information and they are claiming they do not have it. I do not understand if you own this account, why you do not have the XXXX XXXX contact information. I googled XXXX XXXX customer service number, they can not find an account that belongs to me. NATIONAL CREDIT ADJUSTER IS A SCAM AND TRYING TO STEAL PEOPLE MONEY AND INFORMATION."
3692,Consumer loan,"XXXX XXXX and DOGE. who do not have clearance to view my personal data, especially my student loan data that is FERPA protected, has viewed my student loan data and perhaps altered it. This breaks the contract i have with my federal student loans and I request to have all of my loans forgiven. This isnt about not wanting to honor my loans, its about them doing something extremely illegal by viewing my data without my consent without appropriate government clearance."
3693,Bank account or service,"Spoke with customer service rep the day my account was froze for suspicion activity on XX/XX/XXXX. My employer deposited my weekly check of $ XXXX XX/XX/XXXX, i attemtped to transfer my money into my checking account and Cash app suspended my account not allowing me access to my money.made XXXX separate calls the same day to cash app, all they would tell me is after an investigation XXXX the XXXX unlock my funds. Spoke with customer service again on XX/XX/XXXX requesting on update in my account, no info was given. Asked why they did not request personal info verification from me to help with my identity. No answer given. XXXX with a customer service rep again on XX/XX/XXXX, the rep was rude and told me I had to wait without any info given. Attempted to message a rep thru the app snd was ignored"
3694,Debt collection,"Good morning, On XXXX XXXX I spoke with a representative by the name of XXXX XXXX at Mercantile Adjustment Bureau regarding an outstanding balance with XXXX, I requested to pay the prinicipal balance and for all interest to be removed. XXXX was very nasty stated they will only remove half and if I do n't pay it it will continue to affect my credit, at that time I requested EXPLICITLY to not be contacted at this number, he said ok then hung up. On XXXX XXXX I received a call after I put in a DNC from XXXX XXXX at MAB, when picking up the phone I advised him that he is in violation of the request, he said he understood and asked if I wanted information regarding my account or no. He stated the same offer he gave me the day prior, still unwilling to work with me, and also in violation of my DNC request I advised XXXX that I can not accept the offer and that AGAIN I do not wish to receive calls as previously requested and that I may have to contact an attorney, XXXX said "" whatever '' then hung up."
3695,Money transfer or service,"Made a {$100.00} purchase at a website that i realized was fraudulent. I was unable to contact the store to cancel the order so i turned to Goldman Sachs/Apple card to cancel the payment. They originally refunded me, but then came back to let me know that things had been delivered to me and that i was responsible. I let them know that this was not the case and that the merchant had provided a fake tracking number. This was also given to me on print so small that I had to use a magnifying glass to read it. They then rejected my claim for a final time. I lost {$100.00} to a fake store."
3696,Bank account or service,"On XX/XX/year>, I signed up and was approved for a Citi Bank checking account using a link that had a promotional offer of earning {$300.00} after doing two or "" Enhanced Direct Deposits '' totaling {$1500.00} or more within 90 days. The deposits were completed and I never received the bonus. I called Citi Bank customer service to inquire about the bonus status, where they stated there was no bonus attached to the account. I explained I signed up directly through the link that had the {$300.00} bonus, and that it was a public offer so that couldn't be the case, but they reaffirmed the bonus was not attached and I would not receive one. My husband signed up through the same link and received the bonus completing the same requirements, and after trying to escalate the matter further, the supervisor said she could not open an additional ticket because the offer link not being substantial proof. She simply stated that bonus was not attached, despite me signing up directly through the link advertising the bonus and completing the requirements within the specified time frame within the terms, and using the offer link within the valid dates. Like I said before, my husband signed up for the same account on the same day and received the bonus completing the same requirements, so there is no valid reason the offer should not be attached or should at least be honored."
3697,Credit reporting,"First I need to state my right to privacy is paramount. Im enforcing this right with this dispute letter. Per 15 U.S. Code 1681 ( a ) ( 4 ) you have full responsibility to exercise their grave responsibilities with fairness, impartiality, and a respect for the consumers right to privacy. Im exercising this right under the code. Please see the following information is handled with the utmost fairness, impartiality and respect for my right to privacy. 

Under 15 U.S. Code 1681b ( permissible purpose ) I have never granted the following companies any permissible purpose. They are in strict violation of this code. I need the following account ( s ) removed from my report as they are damaging my reputation, character, credit worthiness, credit standing, credit capacity, etc. Since you are required to protect my privacy I need this matter handled with the utmost urgency. 


XXXXXXXX XXXX XXXX XXXX XXXX XXXX XXXX XXXX XXXX XXXX XXXX XXXX XXXX XXXX XXXX XXXX XXXX XXXX XXXX XXXX XXXX XXXX XXXX XXXX XXXX XXXX XXXX XXXX XXXX XXXX XXXX XXXX XXXX XXXX XXXX XXXX XXXX XXXX"
3698,Money transfer or service,"I am filing a complaint against Cash App ( Block , Inc. ) due to inadiquate customer service and unfair practices, which violate the Consumer Financial Protection Act ( CFPA ). Specifically, Cash App failed to take timely and effective measures to prevent and address fraud on their platform, leaving my account vulnerable and unprotected. Furthermore, their dispute resolution process was unfair and deceptive, as they did not comply with error resolution requirements under the Electronic Fund Transfer Act ( ETFA ) and Regulation E. These actions have caused significant inconvenience and financial loss, and I seek appropriate redress for these violations."
3699,Bank account or service,I have an account with U.S. Bank and I was recently scammed a couple months ago. The day I was scammed by a fake loan company that used my bank information deposited a fake check and funds was withdrawn from my account without using my bank card. I filed a police report and went into the nearest us bank to my home and the branch manager said he called and emailed but took weeks to get back to me and Ive been calling us bank every other day and week asking for an update but my account is frozen. The branch manager said that there was nothing he could do and was no help at all and now my account is frozen with my hard earned money in my account that I would like back.. you can say the most recent deposits in my bank statements. This is all because I wanted to apply for a personal loan because I needed the money. Us bank is treating me like I deposited the fake check when Ive been a loyal consumer for almost XXXX  years and never had an issue like this yet they still havent responded or just give me my money back and its going on 90 days .. just looking for some guidance or response. Ive been getting the run around since the beginning.
3700,Credit card,"On XX/XX/XXXX I stayed at XXXX XXXX hotel for two nights culminating in a charge of {$850.00} which posted on my account on or about XX/XX/XXXX. The elevators were not working in the hotel properly during the stay and upon checkout on XX/XX/XXXX after waiting 30 minutes for an elevator my guest and I were forced to walk down 19 flights of stairs with heavy luggage. This brought back flashbacks of 9/11 for which I was intimately involved. XXXX XXXX refused to do anything regarding this horrific breach in service. 

I then called Chase Sapphire to dispute the charge for which XXXX in disputes told me : a ) I had no right to dispute the charge and b ) more glaringly, that I could not file a complaint with the CPFB until I spoke with a supervisor... which is utterly ludicrous. 

Chase should not be in the business of thwarting a consumer 's right to file a complaint. Hence, here we are. I recorded the conversation for your review."
3701,Bank account or service,"I had not used my checking account in a very long time. Maybe a 7 to 8 months. 
I had less than {$10.00}. In the account and the bank never took funds. 

However I put money in my account so I could pay my mortgage. Soon as the funds was put in they took the {$800.00} Without warning. No notification sent to my phone. Normally I get a notification for everything from this bank. Randomly took the funds and said it was because of a credit card that was closed a year ago. 

The funds are not put back, they did not care the funds was for my mortgage. Now I'm a month behind. When I trusted a bank to protect me. They go and do this. I really needed that money. Now I have to figure out what I'm going to do to try and pay my mortgage, food ect. Why take funds now? Why not take funds the other months? Waited and took money causing a hardship"
3702,Debt collection,"Collection Agency Name : PORTFOLIO RECOVERY ASSOCIATES Agency Address : XXXX XXXX XXXX, XXXX XXXX, XXXX, VA XXXX __________ To Whom It May Concern : I am writing in response to your communication regarding the above-referenced account. Under my rights provided by the Fair Debt Collection Practices Act ( 15 U.S.C. 1692g ), I am requesting full validation of this alleged debt. I dispute this debt and request that you provide proper documentation to verify it."
3703,Consumer loan,I bought a XXXX XXXXXXXX XXXX from Drive Time the first month I had it it needed over XXXX in repairs half of which was not covered in the warranty. I've maintained maintenance and regular oilchanges. But this vehicle was in bad shape when I bought it they claimed their mechanics did a thorough inspection but my mechanic said all the damage was old as it was very rusty. I have had nothing but constant problems with this vehicle spending thousands on repairs. Also they charged me a crazy amount of money for a car who's XXXX XXXX XXXX at the time of the sale was approximately XXXX. By the time my car is paid off it will be well over XXXX. They use predatory lending practices on people who desperately need transportation. I've been in XXXX with this vehicle. I'm poor and XXXX on a fixed income.
3704,Credit reporting,"I do Not recognize the following credit inquiries : XXXX XXXX XXXX XXXX XX/XX/XXXX, XXXX XXXX XXXX XXXX XX/XX/XXXX, XXXX XXXX XXXX XX/XX/XXXX I have asked for them to be removed by the Credit bureaus and they have not done so. 

I am attaching an Identity theft report. 

I am requesting for these inquiries to be removed ASAP. 

They are inaccurate."
3705,Credit card,"XX/XX/XXXX I made a online purchase for a package of XXXX count XXXX toilet tissue and a XXXX pack of bar soap in which the total purchase order for XXXX services totaled {$44.00}. I made this purchase with my CASH APP CARD THAT I HAVE HAD SINCE XXXX OR SO WHEN MY SON USED TO SEND ME MONEY THROUGH THE CARD WHEN I NEEDED EXTRA MONEY FOR THE MONTH DUE TO A MEDICAL ISSUE THAT I HAVE WITH DECREASING XXXX XXXX XXXX XXXX MY SON RAN UP A HORIZON COMPANY BILL BACK AT XXXX WHEN IN HIGH SCHOOL WHEN HE HAD ME SIGN FOR A CONTRACT WITH THE HORIZON STORE FOR A USB INTERNET SERVICE THAT WE BOTH APPARENTLY DID NOT UNDERSTAND BECAUSE THEY HANDED ME A BILL FOR XXXX WHEN MY SON WENT OVER THE ALLOWANCE FOR THE SERVICE. I TOOK MY THEN TAX CHECK AND PAID THE XXXX OFF. SINCE THEN MY SON SEND ME MONEY THROUGH THIS APP WITH HOPES OF PAYING MY MONEY BACK. I DO NOT THINK I WILL OBTAIN ALL OF THE MONEY BUT I DECIDED TO TRY TO USE THIS CASH APP CARD FOR BASIC HOUSEHOLD NEEDS LIKE PRINTS FROM OFFICE STORE PRINT STORES ... DUE TO FINDING THAT I HAVE XXXX CARD THAT HAS A CHIP THAT WILL NOT WORK ON XXXX XXXX STORE PRINTS COPIER MACHINES WHICH IS WHERE I PATRONIZE OFTEN FOR PRINTING NEEDS AND PURCHASING LARGE CONTAINERS OF SOFT MOISTERISING SOAP. I THEN FELT THAT MAYBE THIS CASH CARD THAT DOES HAVE A CHIP MIGHT BE GOOD TO USE FOR ONLINE XXXX PURCHASES AS WELL. 


I PLACED MY ORDER ON THIS DAY OF XX/XX/XXXX, AND SINCE THEN THE PURCHASE IS STILL KN A PENDING STATE. I HAVE CONTACTED THE CASH APP SUPPORT ON THE ISSUE BUT NOT XXXX BECAUSE I DO NOT UNDERSTAND WHO TO ASK QUESTIONS TO. 

Please by all means if you need detail about the cash app account number allow me to apply the information to this office."
3706,Mortgage,I was selling my home and my original loan mortgage was transfered from XXXX  to a company called statebridge company LLC who has reputation of mishandling accounts and not responding according to past reviews. During the move and changeover I must have missed a payment date during the move of accounts but once I finally contacted the new company and they responded the balance was paid. Request this negative rating be removed from my credit report 's as soon as possible.
3707,Debt collection,"I received a call from a XXXX XXXX claiming he was a lawyer with XXXX XXXX XXXX and that I was due to be receiving a judgement against me for a total of {$3700.00} either at my home or place of employment and to call him back at XXXX XXXX XXXX.

When I called him back he refused to provide me additional details and insisted that I was going to be served this judgement, would not provide documentation as requested, told me that I was being charged with fraud, and hung up.

Later that same evening my mother received the same phone call from this person with the same claims.

This morning I received a call from a XXXX XXXX at XXXX   stating "" My name is XXXX XXXX. At this time I have been retained to come in contact with you to serve you legal notice either at your home or place of employment. If you need to reschedule delivery please call XXXX. '' On XX/XX/XXXX I called the local police and was advised that this was a scam and to contact consumer finance and not give out any information."
3708,Debt collection,"I recently pulled my credit Report and see that LVNV is reporting inaccurate information about alleged debts that I allegedly owe them! I dont know these people and have never done business with them. The amounts theyre reporting them have no proof to back them up! They are violating me by furnishing inaccurate information. 
( See attached )"
3709,Bank account or service,"I was approved for a loan from the SBA ( Small Business Association ) Application # : XXXX In the amount of {$80000.00}. I had these funds deposited into my Suntrust checking account. The bank froze my account, then closed it. Which they have a right to if they suspect suspicious activity etc. I have no answers from the bank about why they have my loan funds and have closed my account. I have made several attempts to give documents to prove the funds came from the U.S GOVERNMENT. I have no response from the bank, no return calls, only that they know nothing. I understand the laws of the secrecy act for banks for laundering money. There has been no papers served to me with any kind of accusations. The Suntrust bank is acting in bad faith by not sending me a check after closing my accounts. The balance owed to me is XXXX. They have not given me any chance to show where the funds originated or why. I understand it is the banks trained employees call. And that is fine. I am in no way laundering money nor do I do suspicious activity. I have no criminal background at all. I would like to get my loan funds {$64000.00} from Sun trust."
3710,Credit reporting,"In accordance with the Fair Credit Reporting Act. The List of accounts below has violated my federally protected consumer rights to privacy and confidentiality under 15 USC 1681. 


I told XXXX, XXXX, and Equifax to reinvestigate these accounts : Account name : XXXX XXXX XXXX ; XXXX XXXX XXXX XXXX, XXXX XXXX XXXX XXXX XXXXXXXX XXXX XXXX, NV XXXX # ( XXXX ) XXXX, Account name : XXXX XXXX XXXX XXXX XXXX XXXX XXXX XXXX XXXX UT XXXX XXXX ( XXXX ) XXXX, Account name : XXXX XXXX XXXX XXXX XXXX XXXX XXXX XXXX XXXX, NV XXXX XXXX ( XXXX ) XXXX, However, they stated everything was complete and accurate. But how is that possible if the open date, date of last activity and much more is incorrect. According to 15 USC 1681i ( 5 ), they are supposed to modify accounts that aren't reporting correctly.

15 U.S.C. 1681s-2 ( A ) ( 1 ) A person shall not furnish any information relating to a consumer to any consumer reporting agency if the person knows or has reasonable cause to believe that the information is inaccurate."
3711,Debt collection,"XXXX XXXX XXXX XXXX XXXX XXXX XXXX XXXX XXXX XXXX XXXX, Tx XXXX XXXX Partial account # XXXX Company emailed me claiming a owed about of {$1000.00} for student loan debt that is currently still open and in good standing on my credit report as a third party. When I gave the company the title 4 refund information they changed the amount to {$500.00}. I requested proof of claims and original contract never heard back from them and they are still reporting the amount of {$1000.00}"
3712,Debt collection,"Portfolio Recovery services has been taking XXXX dollars from my bank account every month for a debt i have to XXXX. Everything was going fine, but XX/XX/2020, the amount went up from XXXX to XXXX. This is even reflected on my credit report. I spoke to portfolio recovery services on XX/XX/XXXX and they said it was a system glitch and it would fixed shortly, but it hasn't been fixed and it is negatively affecting my credit report by having an account in collections increase in balance owed. i do not feel they will resolve the problem if i contact them a second time that is why i am filing this complaint."
3713,Bank account or service,"COMPLAINT ID XXXX Through CFPB, I was able to get a response from the bank however they did not investigate the matter in detail. 

I received a response back through CFPB from US bank regarding my business checking account. The original complaint was that I did call before I've opened up a business checking account with a promo to make sure I did qualify. Upon recieving an approved answer from the representative I've opened up the checking account. Before I've deposited the XXXX dollars needed qualify for the promo I did call yet again to make sure I did qualify. 

I've spoke with 2 different representatives to make sure I did qualify. 

Also. I've called after 60 plus passed days to make sure I was going to be receving the promotional offer. In which the representative yet again was 100 % sure I would get the promotional offer. This particular representative 's name was XXXX. 

If all of these calls were recorded then they should be logged with US bank. 

In all honesty, I did not know I would qualify for the banking promotion. And in all honesty, I did call to get guidance on whether I would qualify. The answer I got from all of the representatives were yes I would qualify. That is why I've made the choice to open the business checking account. 

I kindly ask that you would please grant the promotional offer as assured upon by all of your representatives."
3714,Money transfer or service,"I am writing to formally express my concerns regarding Zelles handling of disputes practically in light of the recent CFPB lawsuit highlighting significant issues with the platform. Despite using Zelle numerous times and reporting discrepancies, my financial institution and Zelle failed to investigate my claims adequately. They informed me that recovering lost funds was impossible and that tracking these transactions was infeasible. The CFPB findings indicate that Zelle has not only neglected to protect consumers but has also allowed repeat offenders to exploit the system, leaving users vulnerable to scams. This lack of accountability and transparency is unacceptable and raises serious concerns about consumer safety."
3715,Mortgage,"On XX/XX/XXXX Flagstar Bank purchased my mortgage from XXXX. In XX/XX/XXXX I was asked to provide proof of flood insurance. I contacted my insurance agent and they in turn provided proof of policy. later that week I received a letter from Flagstar stating that the policy ( which was the same I'd had with Amerifirst ) was not acceptable to Flagstar and that they had purchased/placed a flood policy on my residence. The letter dated XXXX showed a policy with effective date XX/XX/XXXX more than six months retroactive at a cost of {$2600.00}. My prior existing policy was still in effect during that time and there was never any indication that it was not acceptable. In fact, the existing policy had actually completely covered a flood claim on the property in XXXX of XXXX. How can I be forced to pay 6 months of coverage for time that had already passed when I already had coverage? This seems criminal!"
3716,Credit reporting,"I am writing to dispute and request the correction of inaccurate information on my credit report. Upon reviewing my credit report, I have identified several accounts that are reporting late payments inaccurately and I want to dispute the inaccuracy of these accounts. I have contacted the companies related with these accounts, and they have confirmed that the late payments were errors and have agreed to update my accounts and take off the late payments. I would like to convey to your attention that other credit bureaus have already corrected these accounts on their end. Therefore, I kindly petition that you update my credit report to reflect these corrections. 

XXXX XXXX XXXX XXXX XXXX XXXXXXXX"
3717,Debt collection,"XXXX XXXX RODENBURG LAW FIRM On XXXX XXXX the Firm served me with a letter, Dated XX/XX/XXXX, saying I owed XXXX XXXX  {$3400.00}. They said on various occasions I also allowed Others to use my Card for purchases or to withdraw Cash. They also implied I, myself, withdrew Cash ... None of this is true. I also saw no Date or where to appear on the Summons. 

I fell on hard times & could no longer keep the Card. I looked it up on my Credit Report & it said that the Charge was written off, I believe, in XX/XX/XXXX. 

I returned a letter to her saying I would be willing to try to pay on it, if they could reduce the total & would allow me to pay on it AFTER I finished paying off another Card I'm currently paying on. 

She responded saying I would have to pay {$120.00} a month, plus 10 percent annual interest beginning XX/XX/XXXX ( I received their letter on XX/XX/XXXX ) & Sign a "" Stipulation '' Agreement stating : "" By signing this Stipulation & Consent I am acknowledging that I have been served with the Summons & Complaint and that I FREELY give up my right to an Attorney. Is that Legal?"
3718,Bank account or service,"To whom it may concern the services XXXX provided included a posting of a hotel in XXXX, M.D. and when using XXXX maps to navigate my way to the hotel it did not exist anywhere in sight near the townhouse with the same address that was provided from XXXX 's website. 

So because it was XXXX XXXX XXXX XXXX and I happened to waste my last hope on XXXX 's website I had no choice but to stay in the hospital to get out of the cold so I can get some rest to think clearly. 

I am not from this area and will never again rely on XXXX to book any hotel for me again. 

My bank seems to love you. I sent proof I didn't stay in a hotel but a hospital and they chose to pay you all anyway. 

XXXX XXXX XXXX. Either this outright fraud or their is a security issue that is preventing the correct images of the hotel from being displayed at the time of reservation. Not to mention the charge happening and being disputed within an hour only to be blindsided with conflicting reservation dates. 

I have sent documents to the bank by mail and uploaded them online. 

I emailed XXXX with all the information in this claim and the case was ignored because there was no verbal response. Now it has to be re-opened! 

I called the bank and the hotel too many times with little impact to resolve this issue. When ample documentation is presented and my request for documentation is ignored it's clear who has the power to rectify this issue. 

Consequently, Chase is siding with XXXX I guess being unemployed means you don't have a right to keep a bank account open!"
3719,Consumer loan,"Dear Ally Financial I, the consumer and natural person, was denied credit by Ally Financial when I applied for a Auto Loan. Adverse action against a consumer is AGAINST THE LAW according to the Equal Credit Opportunity Act which is codified in 15 U.S.C 1691c and is pursuant to civil liability under 15 U.S.C 1692k. You are subject to criminally liability for violating 15 U.S.C 1691 as I have proof that I was discriminated against by Ally Financial due to the response I received. Ally Financial is in violation of 15 U.S. Code 1642, U.S.C 1681m and 12 CFR 1002 because I, the consumer, made an application in good faith, but credit was not issued. Furthermore, because my social security number ( credit card ) was used and I received NO benefit. This is proof of fraudulent activity ( unauthorized use of credit card ) on behalf of Ally Financial. If Ally Financial fails to make any reasonable procedures to resolve this matter and compensate me for the use of my credit card I will indeed make Ally Financial criminally and civilly liable for all actual damages pursuant to 15 USC 1681n and 15 USC 16810. I will also follow up with an invoice for said violations ( {$10000.00} } per violation ). Thank you. XXXX : XXXX XXXX XXXX ] Without Prejudice, All Natural Inalienable Rights Reserved"
3720,Mortgage,"The company insists on huge payments the tax authorities say no worries so long as you are making payments you are good and you have 3 years to make payments so XXXX tax payment for 6 months paid each month could be XXXX instead In Hawaii tax authority is used to grab land and manipulated by corruption to target working class folks, nonprofits, farms, XXXX people and small businesses You can be charged additional fees for 4 years and have to pay it with your morgage Automatically No checks and balances No ethics No ombudsman No district attorney No advocate No reps Tax authority breaks ada, ethics, state and federal laws Morgage company is the thug to do their bidding Where is the real XXXX and XXXX XXXX"
3721,Bank account or service,"I had a checking account for about a year with Cash app and here lately. XXXX kept hitting me with chargers that I did not authorize. They wouldnt repair it or fix it so I had to close that account and open another one. Ive spent {$150.00} on cards trying to cure this problem and now with this new account that I have with them, theres a typo error on my legal name and they wont change it"
3722,Consumer loan,"XXXX XXXXXXXX XXXX  XXXX XXXX XXXX XXXX XXXX made pervasive and widespread substantial misrepresentations that their private loan borrowers relied on to their detriment. This conduct affected students who enrolled at XXXX XXXX XXXX  from XXXX XXXX, XXXX through XXXX XXXX, XXXX, when the campuses were sold to XXXX XXXX XXXX XXXX, XXXX. These misrepresentations related to the salaries and employment rates for its graduates and the benefits and connections XXXX XXXX XXXX XXXXXXXX XXXX XXXX XXXX XXXX provided to students and graduates. Because of the pervasive and widespread nature of the misconduct by XXXX XXXX XXXX The Department of Education has determined that it is appropriate to discharge the loans made to all students who attended XXXX XXXXXXXX XXXX during the time period described above."
3723,Consumer loan,"On XX/XX/XXXX, me and my husband frantically drove to a place advertising that come to XXXX XXXX XXXX to come get a car, regardless of credit and with nothing down. Me and husband were desperate to get a car. So we drove from XXXX XXXX XXXX all the way to : XXXX XXXX, XXXX  approximately one and half drive. With the understanding we would get a good deal. But when we purchased the XXXX XXXX, we thought we had a fantastic deal. The calculations of ( 60 ) months a ( 22.99 % ) was justified to my credit that had us paying monthly of {$490.00}. Inquire about the no down payment as advertised, the XXXX XXXX XXXX salesman avoided the question. Stated ; no aware of that and said firmly!!! you have to leave a down payment, that our policy. 

XXXX, was successfully making monthly payment of ( {$49000.00} ) for approximately ( 2 ) years the work started slowing down. XXXX, decided to voluntary call Credit Acceptance and tried to negotiate a new payment plan, the agent stated could not do it. So XXXX inform them to come and get it. Then I read a article that Credit Acceptance were over charging the Auto Customer 's with High interest fees ( 22.99 % ) That's why it took us so long to pay back the Auto loan. Now Credit Acceptance hired a Debt Collector lawyer to garnish my wages. I think it was not fair to over charge with the illegal interest rate. Also : The CFPB and the NY Attorney General filed a significate law suit accusing Credit Acceptance of deceptive practices, hiding true costs, using aggressive collection tactics and violating New York 's interest rate limits."
3724,Bank account or service,"I have had three fraudulent withdrawals from my savings account with BMO amounting to close to $ XXXX. 

I never got a notification that the money was coming out of my account and the account that the funds went to is not included. 

As soon as I discovered the funds were missing, I called them. 

I first called them on XX/XX/XXXX. The CS rep provided me with the numbers that the ACH came from and told me to call them. I told her that I did not feel comfortable doing that as it was clear these were fraud charges. She then proceeded to file a claim on my behalf. 

I didn't feel confident in her, so I called back on XX/XX/XXXX to confirm the claim had been filed. The CS rep I spoke to said, that was correct, but to give it a couple of weeks. 

After not seeing any changes in my account, I called on XXXX and was bounced around several times. The person I finally spoke with said that because it was a ACH, I needed to email XXXX and confirm that these were fraud charges. 

I sent the email on XXXX and a couple of days later got a response that this email address was for commercial accounts only. 

I called again this morning ( XX/XX/XXXX ) and they said they could not help me and that I need to go to a branch. I confirmed again that I don't live in an area with a branch and the call got disconnected. 

This is very upsetting as $ XXXX is a lot of money and the tax season is upon us. 

I would like my money returned so that I can cancel my account with BMO and move on with my life. 

EB XXXX SV WEBXFR TRANSFER XXXX/23 - {$4800.00} WEB  XXXX SV WEBXFR TRANSFER XXXX/23 - {$4900.00} WEB  XXXX SV WEBXFR TRANSFER : XXXX23 - {$4900.00}"
3725,Credit card,I called to close my Indigo credit card account in XXXX of XXXX. I had previously had a balance on this card and had paid it off and closed the card due to the high annual fees they charged. The agreed to close this account in XX/XX/XXXX prior to the annual fee being assessed in XXXX of XXXX. I just got a statement in the mail this month for {$5.00} for a monthly fee and called the company who informed me that the account was still active. I logged into the website and noticed they had charged me both the XXXX annual fee and XXXX annual fee plus random sporadic monthly fees. The card was on autopay so the payments were being made and I did not notice. The card has not been used since the time I requested the original closure. The company agreed to give me one annual fee and monthly fee back and told me they could not refund the others. This seems like fraud on part of the company as I requested the account be closed in XXXX of XXXX and the cancellation was never processed by their agents.
3726,Mortgage,"Fifth Third mandates I pay an escrow even though Fifth Third has failed to pay for my homeowner 's annual insurance premium. Fifth Third now  acknowledges my homeowners is with XXXX XXXX and acknowledges the correct premium dollar amount of {$900.00}. However, Fifth Third has the payment due to XXXX XXXX in XX/XX/XXXX when the actual date the annual premium is due is XX/XX/XXXX. I have attached two items from XXXX XXXX showing the premium is due in XXXX. Fifth Third did not pay the premium in XX/XX/XXXX. I was forced to make the payment or be lapse in my homeowners insurance. I thank Fifth Third for their letter dated XX/XX/XXXX detailing my starting escrow balance of {$1000.00}. My required escrow balance is {$1000.00}. I already have {$33.00} excess in my escrow balance and Fifth Third is forcing me to pay escrow for XX/XX/XXXX, XX/XX/XXXX, XX/XX/XXXX, XX/XX/XXXX, XX/XX/XXXX, XX/XX/XXXX, XX/XX/XXXX, and XX/XX/XXXX or an eight additional months."
3727,Bank account or service,"While I was waiting for a resolution on my previous complaint that my account was frozen and I was being denied access to my funds, without my knowledge Credit Karma, on XX/XX/year>, unfroze my account and reinstated my virtual debit card. That allowed an unauthorized person to apparently use said virtual debit card to make XXXX {$15.00} charges against the funds in my account, payable to XXXX. I attempted to dispute these charges to Credit Karma to no avail. I then spoke with XXXX, who told me I needed to get the transaction numbers and that they would look into reimbursing me the money. Since then, I have attempted almost every day to contact Credit Karma, but so far they have refused to return my calls and emails regarding this matter, effectively refusing to try to get these fraudulent transactions reversed and keeping me from being able to get them reimbursed myself. I feel that through their negligence, they enabled the misuse of my account and should be held responsible for correcting these charges against my account, or should at least provide me with all the transaction details so that I can attempt to correct the situation if they are not capable of doing so themselves."
3728,Debt collection,"Account name : Source Recvb Account number : XXXX XXXX XXXX XXXX XXXX XXXX  XXXX XXXX XXXX XXXX XXXX, NC XXXX Second Request for Validation of Debt Notice of Failure to Validate To Whom It May Concern, This letter is in regard to your continued reporting and collection attempts concerning the alleged account XXXXXXXX XXXX XXXX XXXX XXXX  In XXXX I sent a formal written request for the validation of this alleged debt, as permitted under the Fair Debt Collection Practices Act ( FDCPA ), 15 U.S. Code 1692g ( b ). To date, you have failed to provide sufficient validation of the alleged debt, yet you continue to report it to the credit reporting agencies.

You are hereby reminded that : Under 15 U.S.C. 1692g ( b ), you must cease all collection activities until you provide proper validation of the alleged debt.

Under 15 U.S.C. 1692e, it is a violation to contin
ue to report information you know or should know is inaccurate or unverifiable.

Under Metro 2 Compliance Standards and OSCAR E-OSCAR dispute handling guidelines, you must ensure accurate, complete, and verifiable reporting to all consumer reporting agencies. 





I now demand again that you provide all of the following : A complete accounting and itemization of the alleged debt. 


A signed agreement between myself and the original creditor that verifies my responsibility for this debt. 


Proof that you are legally authorized to collect on this debt in my state. 


The name and address of the original creditor."
3729,Consumer loan,"During XX/XX/2019 through XX/XX/2019 the company and I agreed on a court ordered document about the terms of the payment plan via email. This document has all the terms and amounts that were to be paid. It has been 3 years since this agreement has been signed and sent to the company for the Judge to honor. The company was recently contacted and they stated the debt owed is substantially more than what should be owed. What is currently owed is a little over XXXX dollars. This is appalling due to the fact that the original debt was only about XXXX and XXXX monthly payments have been made for the past 3 years. Per the company I did not sign the document and/or submit it to their possession, although there is proof that the document was signed and sent. Therefore, they added a 4 % interest rate to the debt owed without any communication or agreement. 

There is email proof that the document was requested on XX/XX/2019. The company sent the document on XX/XX/2019. The document was signed and emailed to the company 's representative in a timely fashion which was XX/XX/2019 before the court date on XX/XX/2019. There should be no interest rate applied since the document was signed and submitted into the possession of the company. The agreement they are imposing on myself is illegal and unethical by all means. I have tried to work with them numerous times to solve the problem and they instructed me to "" seek counsel ''. 

I have asked for a full ledger of payments made, amount owed and where the money has went ( principal or interest ). They have yet to send it to myself and/or legal counsel. I will have those documents soon from them I believe, so once I receive them I can also give to you all as for further proof. I have attached the email thread ( s ) and court ordered contract/agreement that I signed and submitted to the company."
3730,Money transfer or service,account XXXX XXXX Description of complaint : First and foremost : cash app support agents use the following script when they want to evade from helping you because they are not in compliance with federal guidelines and cant incriminate themselves by answering the question ( terrible business practice ). If my issue is not resolved immediately I am going to have my neighbor open class action for this which is specialty. I switched my business account into a personal account the day after it was modified from personal to business.. I selected the option to switch to personal account that same day and went through the notions. This showed me that my account was once again personal as it was only used to make personal transactions. I have received tax papers reflecting that they had this still in the business name and not my personal name. I called in to get this amended for tax liability and by law they must so I can file the correct taxes for these payments. IN ADDITION I GOT CHARGES 2.75 % on XXXX in transactions give or take.These would not be applied if they honored the request and had switched it as described in the app and confirmed. This needs to be fixed amended return must be given personal and the fees for XXXX must be returned to me.
3731,Credit card,I filed a scam dispute in XX/XX/2020 a job found on XXXX  I provided them email pictures the instructions they sent for this work at home job XXXX. I was scammed out of they made me responsible. XXXX XXXX  offering work from home XXXX hour they contact you interview you fill out an application then they call tell you that you have the job and then ask you to get software the software they have you look for from a list they send ends up not being in store and its at that time they see buy they gift cards so they can do the software purchase. 5 years later I see that this has now been seen as a loan scam at the time I filed I was left holding iit with citi bank XXXX. I believe I should get my money back
3732,Credit reporting,"Verbiage for failure to block- The credit reporting agency has failed to fully comply with my formal privacy dispute and the supporting documentation I provided. While some accounts have been removed, several remain on my report despite my clear and written notice that I did not authorize their continued reporting and had formally revoked all consent under FCRA 604 ( a ) and the Gramm-Leach-Bliley Act ( GLBA ). 
These remaining accounts are being reported and transmitted without a valid permissible purpose, in violation of my federally protected privacy rights. Based on the unauthorized and non-consensual use of my personal identifying information, these items should have been permanently blocked or deleted under FCRA 605B, and I now request full compliance and confirmation of such.See attached"
3733,Credit card,"I was on long XXXX for almost a year. I contacted Capital One to utilize my protection coverage while out of work. During this time, they never applied it to my account and I incurred lots of late fees, over the limit fees, etc. After speaking to over 20 customer service representatives, I finally reached one that said that I should of also been enrolled into the Specialty Assistance program in which I could make any amount of minimum payment and would not incur interest or late fees. I was removed from the program because I disputed a late payment and had to keep calling to get the fees refunded. By this time, my account is in a restricted status. The representative also advised me that once my account was under the limit, they would unrestrict my credit card. They said to keep making payments on time and then apply for another card. My account is still open, current, under the spending limit and they will not remove the restricted status so I can use my credit card. I am paying on time and no late payments but they still want me to pay it and not be able to use it. They said I needed to wait until an offer came available. Another representative advised me that if I had an emergency, they could lift it. At the time, I did n't have an emergency but I remembered and documented that call. Then a few months later, an emergency came up. My family and I is from XXXX XXXX and I needed to help get supplies and rent a car so I contacted with my concerns and emergency because they advertise being big supporters of it. I stressed to them my family was severely affected by Hurricane XXXX and some lost everything and I needed the available credit on my card to be released."
3734,Credit card,"This company is a XXXX XXXX posing as a credit card company. Read the reviews/complaints dating back to XXXX  and before. 

Their return address is a XXXX XXXX XXXX Probably located in back of XXXX  in the XXXX."
3735,Consumer loan,I went ot court in XX/XX/XXXX for an garnishment hearing on this loan in the court it was staified they did not closeout the garnishment and they This company will not send a close out to my job on this garnishment and they where able to go bavck to courk XX/XX/XXXX to court and win another XXXX from me in court. How is this fair pracices and i still havenot recieved anything from the company saying the garnishment has been statified
3736,Money transfer or service,"I am writing to formally express my concerns regarding Zelle 's handling of disputes, particularly in light of the recent CFPB lawsuit highlighting significant issues with the platform. Despite using Zelle numerous times and reporting discrepancies, my financial institute and Zelle failed to investigate my claim adequately. They informed me that recovering lost funds was impossible and that tracking these transactions was unfeasible. The CFPB 's findings indicate that Zelle has not only neglected to protect consumers but has also allowed repeat offenders to exploit the system, leaving users vulnerable to scams. This lack of accountability and transparency is unacceptable and raises serious concerns about consumer safety."
3737,Debt collection,"I just received a summons that Im being sued by Velocity Investments , llc. This is the first correspondence Ive received from this company regarding this matter.

After reading through the summons they are suing me over a loan from a bank Ive never taken a loan out from."
3738,Credit card,Wayfair closed my account without even notifying me and it made my credit score drop!!! The creditors are intentionally trying to keep me in subprime loans at high uncapped interest rates and have been for thirty years!! I work for the government! I know my balance is high but I pay my payments timely!! They are just mad because I have deferred interest and they are not making a huge profit off me as I am not paying off the balance and purchasing more and more! I only buy what I must to get by as a twice widowed mother that is all I can afford! I already disputed with XXXX and they did nothing less than a week letter sent me notice it was accurate!! Shut these crooks down they are working together to ruin everyones credit so that they have to pay unregulated usury interest rates!!!
3739,Consumer loan,"Subject : Regarding fraudulent account from Westlake financial services, XXXX XXXX, CA Dear CFPB, I am victim of identity theft. Someone got car loan with my details from Westlake financial services. I sent all my documents such as SSN card, police report, drivers license and latest utility bill, FTC complaint, ID theft affidavit to Westlake financial services to prove that I did not buy any car in last 2 years, and so did not get any car loan from any financial institution. I sent all documents on XXXX of XXXX and disputed the account. Since then I kept calling them to know the status. I might have called more than 100 times since I first I disputed the fraudulent account and each call last for 20 min to half hour on an average. They really killing my valuable time. Whenever I call them, they say it is still under investigation and not resolving the issue. Interesting thing is, car was bought on different address and they gave loan without proper verification. 
I have decided to bring this issue to your notice because Westlake is not at all working to resolve the issue. Can you please work with Westlake financial services and try to resolve the issue. I really appreciate your help in this regarding."
3740,Money transfer or service,I am writing to express my concerns regarding Zelle 's handling of disputes in light of the recent CFPB lawsuit highlighting significant issues. Despite using Zelle more times than I can count and reporting discrepancies my bank and Zelle failed to investigate my claims adequately. They advised recovering lost funds was not possible and tracking these transactions was simply not feasible. The CFPB 's findings that Zelle is not able to protect their consumer but they also allow for repeat offenders to exploit the system. This leaves us consumers vulnerable to scams and fraud. The lack of accountability and transparency is unacceptable and raises considerable concerns.
3741,Credit reporting,"I opened an a credit account w ith Capital One Bank USA NA i n  XXXX  of  XXXX . There was an immediate problem with me receiving my statement and I was marked 30 days late. At that time in  XXXX ,  Capital One was to cor rect this information on my credit bureaus but never did! I closed and paid off my account. I opened another account with them in  XXXX  with no problems until the present. They once again said they would remove the negative information ( per attachment ) but never did. I think they keep confusing th e two accou nts. The removal is to be fro the account ending in ...  XXXX ."
3742,Mortgage,"Existing lender : XXXX XXXX  New lender : Shellpoint Mortgage Servicing My mortgage loan just closing last month XXXX, and first mortgage payment date setup on XX/XX/XXXX. But to my astonishment, on XX/XX/XXXX, my XXXX account was auto-deducted by unknown name, i.e. Shellpoint .My loan just started last month, not even passed XXXX month, but suddenly was deducted XXXX month earlier of my XXXX morgage payment date, and what even shocked me is that it's by a totally stranger. Any consumer will feel worried and totally confused, right? 

Then on today XXXX XXXX2024, with the help of kind advisor XXXX XXXX XXXX XXXX of XXXX XXXX XXXX XXXX  , I called Shellpoint Mortgage Servicing to confirm what's the situation. After XXXX minutes online waiting, I am so surprised that their customer service staff has no any infos of my mortgage case, just keep saying sorry and replied the subject loan is still in transtion of loan transfer.This even worsen my worries and doubts.If not transfered completely, how come they know my bank account and just deduct the mortgage payment abruptly? It's totally unlogical and unacceptable. 

Before the call, I am just worried about the situation. But after the call, I am even angrier and feel insulted. Without my prior authorization or notice of lenders transfer, how come they can so arrogant and rude to duduct my bank account directly? Thus let us borrower feel so unsure about my bank savings.So I decide to raise administrative complaints ( to report to your honor bureau CFPB ) and if necessay, to take legal lawsuit step by step etc as follows. 

( 1 ) To give official written mail regarding lender transfer. 

( 2 ) For the arrogant, rude auto-deduction of my bank account, to explain & apologize and reasonable compensations. 

( 3 ) Lawsuit consultation is also under way, but to take ( 2 ) into considerations."
3743,Debt collection,"I am being sued by a debt collector ( LVNV Funding , LLC ). LVNV Funding claims to have purchased a credit card debt in my name from XXXX Bank, who is listed as the "" original creditor ''. Two months after my request for discovery, I received documents with my name and address indicating that I had a XXXX Bank XXXX credit card used from XXXX to XXXX, and that I had applied for this card "" on or about '' XXXX XXXX, XXXX. The problem ; I have never had a XXXX XXXX credit card, or any other XXXX credit card. I then asked the attorney for the plaintiff to provide the application. The response was that sometimes there is no application because requests are done online. I can not believe that XXXX Bank would discard the information I would have needed to provide in order to obtain credit from them, even if done online without an actual signature ( unlikely in my case ). It should be a simple matter for the plaintiff 's attorney to provide the original application. What is the CFPB stance on something like this? How can I prove the debt is not mine when the plaintiff has documents that indicate otherwise?"
3744,Credit reporting,"To Whom it may concern, After careful review of my report and study of my rights as a consumer under FCRA, FRA, it has come to my attention that there are several inaccuracies within that need to be corrected immediately. 

The following account was a Charge-off. Balance should be XXXX. XXXX XXXX Account XXXX : XXXX Please remove it from my credit report. 3.The Following Account Was A Charge-Of. Balance should be XXXX. XXXX Account Number : XXXX The Following Account Was A Charge-Of... 
* Please remove all non-account holding inquiries over 30 days old. 
* Please add a Promotional Suppression to my credit file. 
Thank You, XXXX XXXX"
3745,Mortgage,I have been over paying my mortgage but they keep putting it into an unapplied account instead of applying it to my principal I called Mr cooper and told them just apply any over amount to my principal they said ok and then the next month nothing changed it just keeps going to unapplied accounts I called them last week they said they would take care of it but I havent seen changes the website doesnt really help out its mostly for making payments and refinancing Ive had so many problems with Mr cooper XXXX been trying to to do an assumption to get my ex wife off my mortgage for the XXXX yrs I finally just gave up they just keep giving me the run around and holding paperwork till its pass its dead line then tell me I got reapply
3746,Mortgage,I already issued a complaint. The case # was  XXXX . You did n't do anything to help resolve this as the lender 's response did not address the issues. I am issuing another complaint hoping this time you do something about it. All you did was forward my comp laint to Ditech. How inefficient is that. What did you do to understand the problem and identify the resolution? Absolutely nothing. Maybe this time you can get it right.
3747,Money transfer or service,"On XX/XX/2023 i attempted to purchase a pet XXXX cat  through a website that seemed legitimate to me. ( XXXX ) I spoke with a person who went by the name XXXX XXXX about the process of shipping the cat to me and he asked for an initial payment of {$1200.00}, followed by multiple requests from the alleged shipping company for additional payments for shipping and electronic crate rental which i was told would be refunded and never heard back from them. Payments were {$1500.00}, {$500.00}, then {$620.00} totaling {$3800.00} of my hard earned money that i eventually learned i was completely scammed out of. 

These payments were all sent though Zelle on my XXXX  XXXX XXXX app Throughout the process they were giving me detailed information about the cat i was expecting and even asked if Id like to change his name on the certificate. 

Once all payments were sent they completely stopped responding and i didnt hear back from XXXX or the shipping company. 

Once i realized this was a scam i immediately called my Zelle and my bank ( XXXX XXXX XXXXXXXX ) and told them about the situation and they attempted to reach out to the merchant but they were unsuccessful in recovering my funds. 

I really need the CFPBs help in recovering my funds as i worked long hours to earn that money"
3748,Money transfer or service,"On the XXXX XXXXXXXX XXXX, my crypto account that I have been using for about 4 years now refused to open. I had bitcoin worth about {$1300.00} in the account so open several tries it finally let me login in the XXXX XXXXXXXX XXXX and now asking me to verify my identity. 
I submitted all documentation asked including a selfie picture. Afterwords I waited for about a week without any response so I contacted support and they said they were working on it so I calmed down. After XXXX weeks still nothing. My complain with ticket # XXXX. I kept reporting, and now support doesnt respond to my complains no more. My verification has been under review for more than XXXX business days now. 
Currently they are not allowing me to login to see and access my funds. Whenever I try logging in it saying wrong password but Im very sure its the right one. Please this is really frustrating and heartbreaking. I feel Im being scammed and Im not going to get my money back. This is all my saving. Please help"
3749,Debt collection,Speedy cash has used multiple debt collectors Like XXXX XXXX located in California who have called multiple times using abusive degrading language after I told them to stop. I recently had a call at XXXX and I live in the XXXX XXXX time zone while California is in the XXXX XXXX XXXX XXXX I get at least 2-8 calls a week even after telling them to stop calling my phone at these late hours
3750,Credit card,"I bought a bikini worth {$1100.00} from XXXX on XX/XX/XXXX and never received the package. I disputed the money in Chase. But it was rebilled on XX/XX/XXXX. I checked XXXX 's order website and it showed that the package was returned to XXXX and it would be refunded to my bank in XXXX weeks. On XX/XX/XXXX, I received a refund of {$580.00}. I contacted customer service to ask why the refund amount was not {$1100.00}. He told me that my return was damaged. I never received the package. I asked XXXX to give me proof of the damage, photos or videos. XXXX refused to give me proof and I went to Chase to dispute the bill. I disputed with Chase 4 times and provided all the customer service chat records and order information. Chase closed my dispute 4 times over the phone and told me that I had to bear the loss myself."
3751,Bank account or service,PLEASE SEE ATTACHED I AM THE VICTIM OF ID THEFT AND US BANK HAS REFUSED TO REMOVE THE FRAUDULENT DDA IN MY NAME I AM ATTACHING MY FTC ID THEFT REPORT AND LETTER FROM FURNISHERS. I ATTEMPTED TO OPEN A BANK ACCOUNT AND WAS DENIED DUE TO THIS ERROR
3752,Credit reporting,"I am a victim of identity theft and have filed a report with the Federal Trade Commission ( FTC ), complaint number XXXX. This has been incredibly stressful and has caused significant financial and emotional harm. As a resident of Florida, I have the right to an accurate credit report under the Fair Credit Reporting Act ( FCRA ). The failure to remove this inaccurate information is a violation of the law and continues to cause me harm. 

My Equifax credit report includes several fraudulent accounts and inquiries : Accounts : XXXXXXXX XXXX XXXX XXXXXXXX : Account number XXXX, opened on XX/XX/XXXX. 
XXXX XXXX : Account number XXXX, opened on XX/XX/XXXX. 
XXXX  : Account number XXXX, opened on XX/XX/XXXX. 
XXXXXXXX XXXX : Account number XXXX, opened on XX/XX/XXXX. 
Inquiries : XXXX XXXXXXXX XXXX : Inquiry date XX/XX/XXXX. 
XXXX XXXX : XXXX date XX/XX/XXXX. 
XXXX XXXX XXXX XXXX : Inquiry date XX/XX/XXXX. 

I did not authorize any of these accounts or inquiries, and I did not receive any services from them."
3753,Credit reporting,"After receiving a recent copy of my credit report I noticed, a company shown as : National Credit Adjusters was reported to my credit report per XXXX XXXX I have never signed any written agreement with them. Nor never heard of them. Upon further research, debtors ' creditor did not verify this collection, also there was NO written form of communication/contract or written signature for this accused debt at ALL. A bill without a ( written ) signature does not validate the debt as anybody can send a bill and say its mine. According to FCRA, this company has violated my rights as a consumer and I'm requesting legal actions to remove this fallacious account to be removed from my credit report immediately!"
3754,Consumer loan,"On Wednesday XX/XX/2017 I went to test drive a vehicle at XXXX XXXX in XXXX, IL. Upon checking my XXXX today I noticed XXXX hard inquiries for the date listed above. However, I never personally applied for credit with these creditors listed : Td Auto Fina, XXXX XXXX I, XXXX XXXX, XXXX  XXXX, and XXXX XXXX."
3755,Consumer loan,"XX/XX/2007 i was contacted by XXXX, i was told i was going into default and defaulting on a loan would affect my credit adversely ( the dept of education would take any income tax returns i might be entitled to, and taking my social security benefit at retirement to repay the student loan ). I was unnerved and i did not know who to get valid information from. i contacted a lender provided by the dept of education and XXXX, the lender told me my best option would be to consolidate my subsidized and unsubsidized loan and that would stop the dept of education from taking my income tax returns and at retirement my social security benefit. I borrowed {$43000.00}, XXXX stop providing loans when i reached the {$43000.00} loan disbursement amount. I became behind in my expenses and my debt me to fall behind and eventually defaulting on my student loan. I received my student loan statement and my student loan debt doubled i was told i owe for the loan i actually borrowed from while i attended school but also for another loan that i did not borrow for. I am currently not non default and i received a loan schedule from Navient and my repayment amount has increased from {$360.00} to {$580.00}. I can not me those terms and I am being charged for a loan i did not borrow from or use."
3756,Debt collection,"I pulled my credit report and noticed that this collection agency is listed on my credit report. I first disputed this account with the credit bureau because I do n't recall signing any contract with this company. But when the credit bureau claim to have verified this I called them asking to send me all documents they have used to verify this alleged account in which they have failed to do so I send Kansas counselor a letter certified with return receipt in which they are still reporting on my credit report without proper validation showing competent evidence bearing my signature showing that I have some contractual obligation to pay them. I refuse to receive a itemized bill and suggest that they provide any documents that grants them authority to collect on this alleged debt or proof of acquisition by purchase or assignment and authorization under subtitle D of the ARRA, SEC.13401. APPLICATION OF SECURITY PROVISIONS AND PENALTIES TO BUSINESS ASSOCIATES OF COVERED ENTITIES ; and SEC. 13407 ( 1 ) BREACH OF SECURITY. Also since this is a medical account I requested a copy of any HIPAA authorization and they have failed to send this information along with copies of any agreement that bears the signature of the alleged debtor where he or she agreed to pay the creditor."
3757,Consumer loan,I bought a car from US Auto sales. And then I was making my regular payment and the cut my car off 3 times over charged me and now my car has been repossessed because I didnt know who to pay my car note too. Can I sue them?
3758,Credit card,"XX/XX/XXXX I have applied for a Apple Credit Card twice. I make good money in my XXXX XXXX career. Apple has been proven that the algorithm has implicit bias that propagates to the end user. XXXX XXXX XXXX XXXX XXXX XXXX XXXX XXXX XXXXXXXX  is my day job. 

https : XXXX At my income level, has a homeowner, car and 100 % on time payment history, one would think I would have a credit card. I do not. 

As I have gotten older I have found and understood that the credit system was first implemented in the XXXX. The algorithm remains unchanged and carries the minds and the logic of the software engineers at the time. No other country in the world ( been to XXXX ) has this system and it shows. 

I do not know why or what else I can or should do. What more does one have to prove to prove responsibility? Degrees? House? Car? XXXX XXXX executive career? XXXX veteran? 

I have achieved all of those. This needs a government audit. The damage to my credit score or my ability to build "" credit '' can be calculated. This is textbook - Widen the Wealth Inequality Gap ; A Illogical Algorithm Ballard. 

Also, Apple is required by federal law to explain WHY they denied the application. Thy do not. They give options of what it COULD be but not what the actual reason is."
3759,Money transfer or service,"I had a balance of {XXXX in my Venmo account. I sent it to a friend. Next day my account got frozen. Hers did as well. The money got returned to my account. I was told by Venmo via email that I would need to provide my ID card which I did. After they received my a picture of my ID card, the account specialist reached out to me saying that my account has been permanently deactivated and I wont be able to use Venmo services anymore. After that the balance on my Venmo disappeared. Now it says {$0.00} I messaged the Venmo account specialist again and I keep asking what happened to my balance, where did it go. He refuses to answer my question related to the balance. All he keeps saying is that he cant divulge the reasons why my account is being deactivated."
3760,Debt collection,"XXXX. XXXX Account This account was paid in full as of XX/XX/year>. I have proof from XXXX statements showing a {$0.00} balance and the account closed. Despite this, Jefferson Capital continues to report it as a collection, which is inaccurate and misleading. 
XXXX. XXXX XXXX Account I do not recognize this account and have no knowledge of owing XXXX. I requested validation from Jefferson Capital, including proof of ownership, the original contract, and account history. They have not provided any of this information, yet they continue reporting the account as a collection. 

These actions violate the Fair Credit Reporting Act ( FCRA ) and the Fair Debt Collection Practices Act ( FDCPA ) because Jefferson Capital is reporting inaccurate and unverified information. This is negatively impacting my credit profile. 

I XXXX. XXXX Account This account was paid in full as of XX/XX/year>. I have proof from XXXX statements showing a {$0.00} balance and the account closed. Despite this, Jefferson Capital continues to report it as a collection, which is inaccurate and misleading. 
XXXX. XXXX XXXX Account I do not recognize this account and have no knowledge of owing XXXX. I requested validation from Jefferson Capital, including proof of ownership, the original contract, and account history. They have not provided any of this information, yet they continue reporting the account as a collection. 

These actions violate the Fair Credit Reporting Act ( FCRA ) and the Fair Debt Collection Practices Act ( FDCPA ) because Jefferson Capital is reporting inaccurate and unverified information. This is negatively impacting my credit profile."
3761,Credit reporting,"Have 2 different inquires on XX/XX/XXXX that I do not recognize and one from XX/XX/XXXX all 2020. 

The 1st done on XX/XX/2020 is from XXXX? 
2nd XXXX XX/XX/2020 3rd XXXX XXXX- XX/XX/2020 I never signed up for these nor gave permission to use my social."
3762,Credit card,I recently renewed a XXXX XXXX Credit Card. On the public website it explicitly states the payment terms are XXXX XXXX. This is not in compliance with the XXXX days which are required to let the consumer pay their bills. I believe a reasonable person would look at this and ascertain this is a continuing violation of the CARD Act of 2009.
3763,Debt collection,"I received a letter from Javitich Block in XXXX, Ohio on XX/XX/2019 in matters regarding collections on a XXXX XXXX XXXX XXXX XXXX XXXX that the CFPB already settled with regarding this matter. I have yet to have had an independent review of my case from XXXX County Court and I believe at the time of the filing they used falsified documents to win a judgement in the matter. The collection attempts is a clear violation of the recent settlement agreements that the CFPB has with XXXX XXXX XXXX XXXX XXXX XXXX."
3764,Bank account or service,XXXX XXXX I was contacted by Affirm regarding a manual withdrawal. The manual withdrawal was supposedly processed on XX/XX/2022. I expected the return 1-5 days after the manual withdrawal was processed. I have proof regarding the unknown banking error and the failed return to my account. They contacted me now theyre trying to indispose of me.
3765,Mortgage,"i recently refinanced, and the mortgage was sold to Amerihome mortgage. My homeowners insurance information was in the mortgage applications, but I received a note after the sale of the mortgage directing me to a very unprofessional website with no identification saying that I needed to enter my insurance information into the website. The letter had no identification that showed it was from the new servicer. After a second notice, I called the servicer that it was valid. I entered the homeowners insurance information into the website. 

I recently got another letter saying that the final notice on the insurance information even though they had it already and if I didn't provide it, they would input their own insurance. I feel this is and attempt to fraudulently switch my insurance to provider under their control."
3766,Money transfer or service,"I am filing a complaint against Cash App ( Block , Inc. ) due to inadequate customer service and unfair practices, which violate the Consumer Financial Protection Act ( CFPA ). Specifically, Cash App failed to take timely and effective measures to prevent and address fraud on their platform, leaving my account vulnerable and unprotected. Furthermore, their dispute resolution process was unfair and deceptive, as they did not comply with error resolution requirements under the electronic fund transfer act ( EFTA ) and Regulations E. These actions have caused significant inconvenience and financial loss, and I seek appropriate redress for these violations."
3767,Credit card,I have filed a charge back with my Citi Card for a charge from XX/XX/2019. I got electronic paperwork from Citi on XX/XX/2019. They stated they would not honor my charge back without more evidence from me. They also stated that it included the merchants response in the letter to my charge back request. The merchants response is not included and I can not make a proper rebuttal to the merchants claims without it. I have included a copy of Citi 's electronic correspondence with this complaint.
3768,Money transfer or service,Contacted cashapp in reference to two different transactions that was processed without my consent on XXXX in XXXX in bitcoins and another for XXXX sent to an unknown person by the names of XXXX XXXX XXXX XXXX XXXX XXXXXXXX XXXX which cashapp notified me via email on XXXX and was told that due to cryptocurrencies it is against the law to convert back to USD AND PROVIDE ME MY XXXX dollars in refund this had caused a XXXX  XXXX as my finances were impacted by this transaction and they refused to assist
3769,Credit reporting,"I have two Banks stealing {$700.00} from my prepaid account XXXX and XXXX XXXX, with zero accountability. 

I was just told by XXXX that they can not access my credit file all three major bureaus are reputedly in non-compliance status they will not correct the problem. I'm being unlawfully tonight credit and improperly treated as a banking customer every single company responsible for having consumer files of any Nature has slanderous data in their files under my name and they will not correct the matter. Has been asking for the past two years to correct the XXXX information and somebody's going to get their XXXX sued."
3770,Credit reporting,"AS OF XX/XX/2023 I HAVE NOTICED FRAUDULENT ACCOUNT REPORTING TO MY CONSUMERS REPORT AND CREDIT PROFILE ACCOUNT NAME XXXX XXXX XXXX XXXX XXXX  DATE OPENED XXXX Company contact info XXXX XXXX XXXX XXXX XXXX XXXX XXXX XXXX Phone # XXXX XXXX XXXX CREDIT DISPUTE NOTES THE DATE OPENED/DATE CLOSED/ LAST PAYMENT DATE IS INACCURATE ON THE CREDIT BUREAS.ALSO THE ACCOUNT NUMBER IS INCOMPLETE THIS IS GROUNDS FOR REMOVAL.DUE THAT FACT IS CLAIMED AS FRAUD FROM A FEDERALLY PROTECTED CONSUMER IT MUST BE REMOVED FROM CONSUMERS REPORT ACCORDING TO "" FAIR CARES ACT '' ANYTHING A CONSUMER REPORTS AS FRAUD MUST BE REMOVED FROM THE CONSUMERS CONSUMERS REPORT WITH IN 4 BUSINESS DAYS OF FRAUD RECEIPT RESPONSE DISPUTE 15 U.S. Code 1681c-2 a consumer reporting agency shall block the reporting of any information in the file of a consumer that the consumer identifies as information that results from an alleged identity theft. not later than 4 business days after the date of receipt.

It has been 30 days and you are in VIOLATION of this law because I am a victim of identit theft!! Please delete these items as soon as possible!

These accounts should not be furnished on my consumer report as they are in VIOLATION!

Under, 15 U.S Code 1681b - Permissible purposes of consumer reports ( a ) IN GENERAL Subject to subsection ( c ) any consumer reporting agency may furnish a consumer und the following circumstances and no other : ( 2 ) In accordance with the WRITTEN INSTRUCTION of the consumer to whom it relates. I NEVER gave any consumer reporting agency WRITTEN CONSENT to report anything on my consumer report which violates my rights as a federal protected consumer. NO CONSENT IS IDENTITY THEFT. As a consume I am demanding the deletion of the accounts listed IMMEDIATELY."
3771,Credit card,The  Discover Card is sued new cards for me on  XXXX / XXXX / 2017 . I also received an email on  XXXX / XXXX / 2017  that security breach occurred. I called today customer service to find out if my card was affected. The customer rep stated that the company received a message fr om one of its merchants that a security breach occurred. I asked which merchant was affected as I do not plan to use it. The rep declined to provide the name stating its privacy agreement. How do I protect myself against this? I think the Discover company should be transparent in letting know its custo mers which merchant has security weakness so the customers can make the decision whether to use it understanding the dangers.
3772,Consumer loan,I got a XXXX XXXX XXXX the vehicle stared at XXXX dollars ok after all the fees and other it came up to XXXX where the problem start at they got me paying XXXX for 72 months that's XXXX dollars ok they telling me it's nothing they can do when we did the closing didn't nobody tell me well XXXX you no you got to pay XXXX but the bank adding a extra {$28000.00} so your total is XXXX I feel very helpless could you please help me thanks
3773,Consumer loan,"Aes is violating the sweet settlement terms by demanding payment on my account, That should be under federal discharge. They should be putting it on XXXX forbearance, my XXXX site says that it is processing discharge. Aes saying that they do not see anything accept that it is under review, and that is not what I am seeing, and nobody will help me."
3774,Credit reporting,"In Engelhardt v. Gravens, it is presumed that no evidence of the debt exists. I demand the immediate removal of these items.

Please conduct a comprehensive investigation and update my credit report accordingly."
3775,Credit reporting,"This is my 2nd letter that I am a victim of identity theft and I write to dispute certain items in my file resulting from the crime. The items I am disputing do not relate to any transactions obtaining any possession of goods, services or money that I have made or authorized. Please block the reporting of any information in my credit file that resulted from an alleged identity theft. 
If you claim these accounts are 100 % accurate and verifiable, then I need you to provide me with copies of any documentation associated with this account which bears my signature, as I believe none exists. When you find no signed agreement bearing my signature I need you to remove these accounts from my file. 

These items/accounts are unknown to me. Also, the information you provided on some items are DELETED from other bureaus and I have doubts in their accuracy and the reported payment history on some items are a mystery to me. As required by FCRA 605B ( c ) ( 1 ) ( C ) Authority to decline or rescind. 
XXXXXXXX XXXX XXXX XXXX XXXX XXXX XXXX XXXX XXXX XXXX XXXX XXXX XXXX XXXX XXXX XXXX XXXX XXXX XXXX XXXX XXXX XXXX XXXX XXXX XXXX XXXX XXXX XXXX XXXX XXXX XXXX XXXX XXXX XXXX XXXX XXXX XXXX XXXX XXXX XXXX XXXX XXXX"
3776,Money transfer or service,"My girlfriend applied for an Apple Card early on in XXXX. I was initially added on as an Authorized User, and soon after lost access of the ability to add the card to my mobile wallet because the app kept saying "" Unexpected Error '' when trying to add it. I filed a couple of tickets in regards to this issue over the next month, and just gave up because I could not come to a resolution. 

Fast forward to XXXX, and I got approved for an Apple Card of my own. Apple Card lets you invite someone you're sharing their family plan with as a "" Co-Owner '' to your credit line. My girlfriend accepted my invite, and our accounts were seemingly merged together. Her credit line increased by the amount that I was approved for, and my status updated as Co-Owner ... however, my device showed a notification from XXXX XXXXXXXX saying that my Apple Card was closed and to re-add the new account in the main menu. I tried, only to be met with that oh so familiar "" Unexpected Error '' messages yet again. I've hopped both my girlfriend and I 's XXXX XXXXXXXX accounts between various XXXX XXXX, XXXX XXXXXXXX  and XXXX, and it is 1000 % either an issue with my social reporting to Goldman Sachs, or my XXXX XXXX. Neither XXXX or Goldman Sachs can do much besides file tickets and refer me back to square 1 with the opposite party."
3777,Money transfer or service,I closed my XXXX  account with XXXX bank XX/XX/year> they claimed they sent a check out XX/XX/year> the check was suppose to arrive in XXXX business days its now the XXXX business day and I still dont have the check I spoke with customer service they said they couldve have the check sent next day on Monday today they are not willing to next day the check they want me to get the check canceled and re sent which would give them another XXXX business days from today they seem to be floating in the XXXX department I have obligations and I cant take care of them without the check now late fees will be added causing most and frustration
3778,Debt collection,"I entered into a contract with XXXX. They failed to provide services that I contracted, constituting a breach of contract. I attempted to resolve said problem with XXXX XXXX XXXX ( XXXX Customer Service ) since XXXX, 2019. I also had several meetings to resolve issues with XXXX XXXX in my office. Witness to these meetings : XXXX XXXX. There was no resolution of my issues and in each case, the bill was disputed. I have requested a detailed bill of all payments and invoices. Additionally, I need the numbers presented to me by Mr. XXXX ( thousands of people inquring about my business ). Todate, no one has contacted me via phone, XXXX, of walk in client. This information was disputed. Mr. XXXX, in last meeting stating that I can pay more money and go to the next "" level ''. That is not what I contracted for. To date, I have not received the "" traffic '' promised. Additionally, the Website was not completed according to my instructions. Now I am being threatened and interrupted with numerous calls, interrupting my job. The information that I have requested to resolve this issue has not been presented. Additionally, a third party was given information regarding this debt issue in violation of FCCPA. The constant calls and email threats are also prohibited collection practices in the State of Florida. An investigation of this matter is warranted"
3779,Money transfer or service,"I am filing a complaint against Cash App ( Block , Inc ) due to inadequate customer service and unfair practices, which violates the Consumer Financial Protection Act ( CFPA ). Specifically, CashApp failed to take timely and effective measures to prevent and address fraud on their platform, leaving my account vulnerable and unprotected. Furthermore, their dispute resolution process was unfair and deceptive, as they did not comply with error resolution requirements under the Electronic Fund Transfer Act ( EFTA ) and Regulation E. These actions have caused significant inconvenience and financial loss, and I seek appropriate redress for these violations."
3780,Credit reporting,"I placed my debt with debt management company for a Citibank debt, and they are still reporting that I owe them. However, refuse to provide debt validation report on all the payments made to the account. I spoke with agent # XXXX to resolve this issue, but she refuse to assist me. I ask to speak with a supervisor and refused helped or a connection to speak with a supervisor."
3781,Debt collection,"On X/XX/2017 Convergent Outsourcing Solutions included a derogatory debt on my credit report without proper debt validation which was requested on XXXX XXXX, 2017. I have no contract with Convergent to collect debt from me. They have called my job repeatedly at XXXX and have put me in jeopardy of losing my job even after I have asked for debt validation. Which is a signed contract and not a statement telling me how much I owe them. This company negative reporting is having a negative impact on my credit worthiness being that it is the only negative reporting on my report."
3782,Credit reporting,"I have been with Citi for a long time and overall it 's been a great bank. Very good in most occasions. But I 've had some issues with fraud over the last year, particularly with people getting access to my credit report to open accounts without my authorization. I 've had some of the fraudulent inquiries removed from my reports but not all.
There are XXXX inquiries - on X/X/16 and X/X/16 - which I do not recognize and for which no corresponding account was opened by me. It 's not as huge a deal as opening a fraud account or letting someone use my accounts ( XXXX, XXXX XXXX ), but it hurts my credit score to have lots of inquiries that do n't belong to me and were not authorized.
I 'd like to have them removed."
3783,Credit reporting,"This is a formal complaint to Equifax for reporting inaccurate status on my XXXX XXXX XXXX XXXX account since this account has already been paid. And has a Paid status to XXXX and XXXX. I'm assuming you did not update the status since 2016, unlike the other two bureaus."
3784,Credit reporting,"I have a store Kohls card opened in late 2023. I paid all of my payments on time and even made double payments at time. It is still open with a XXXX balance however they are reporting it late in XXXX to one credit reporting place and then late in XXXX to another. 

It was never late. I would like the 30 day late notice removed from my credit reports. I reached out to the company and they are never helpful and very rude to me."
3785,Money transfer or service,My cash app account was closed because I reported fraudulent activity. Cash app closed the account not me. However I have XXXX still in that account which I can't cash it out. I've tried numerous times to contact cash app with no response. I've tried to add my new debit card to retrieve my funds but they deny me my money over and over. All I want is my money.
3786,Credit reporting,"When I reviewed my credit report, I discovered that some of the information was erroneous. The 3 credit bureaus must validate this account in line with Sections 609 ( a ) ( 1 ) ( A ) and 611 ( a ) ( 1 ) ( A ). It is not authorized to fail to validate these reporting account as unverified information without providing any proof within the period allowed by law. This account need to investigate and delete from erroneous reporting in my file are listed on my credit report : XXXX XXXX  XXXX"
3787,Bank account or service,"I had a high yield savings account with American Express, which I closed last year. One of the reasons that I closed the account is because American Express made it so difficult to access the account when it attempted to merge online log-in credentials for its credit cards and its banking accounts.

Anyway, I called American Express today ( XX/XX/XXXX ) to obtain the tax information to file my XXXX federal and state income tax returns and they were completely unhelpful. Not only were they not able to help me restore my log-in credentials so that I could print my XXXX Form XXXX myself, but the representative that I spoke with could not even give me the total interest amount for the year or email me a copy of the tax form. The only thing she could do was mail a paper copy, which takes a few weeks to arrive in the mail and may come after my tax filing extension deadline. It is beyond frustrating to not be able to obtain simple tax information from a phone call."
3788,Debt collection,"Strange account appearing on my credit report. 
XXXX XXXX XXXX XXXX Between XX/XX/XXXX and XX/XX/XXXX, a new account in collections was added to your report. The collection  agency is XXXX XXXX XXXX. The original creditor was XXXX XXXX XXXX XXXX XXXX. 
Amount {$160.00} This information has just shown up on my Trans Union credit report. This account belongs to someone else! As per the fair credit report, i placed a security freeze on my credit reports last year because i have random accounts that appear on my credit report that are NOT mine! I have had to obtain an attorney for XXXX  for one account, and i do not want to obtain one for this random account that never belonged to me. Please remove this account as it's defaming my name and credit report. Since the breach of the credit bureaus in XXXX, my PERSONAL INFO has been stolen, this is unfair to me as a good citizen whom pays their bills. Please remove."
3789,Credit card,"I was alarmed when I obtained my XXXX XXXX and XXXX credit reports and realized that I was reported as having a late payment on the date below : 30 days past due as of XXXX 2014 I already disputed this with the credit bureaus and they verified it as being accurate. I am not sure how this happened, I believe that I had made my payments to you on time when I received my statements. My only thought is that my monthly statement did not get to me or maybe an error occurred where it was n't recorded on time."
3790,Debt collection,"ARA Collections has been calling me every 10 mins looking for my ex husband and I have told them I am not married to him nor do I need to receive calls from them. They called 10 times with an hour and a half. They are rude threatening and demanded I speak to my ex. This is un acceptable business practice. I called the number they gave me requested to be removed from the list immediately and they continue to call. 

These people are so rude, threatening and this is not acceptable. They need to stop calling me."
3791,Bank account or service,"I was recently married and added onto my husbands account at Navy Federal Credit Union. We do n't live anywhere near a branch but it was important to my husband that we use this account as our primary account as this Credit Union is for military families. I attempted to make a deposit of a check thru the mobile deposit feature on the mobile app but received the following message "" You need to be a member for at least 30 days in order to use Mobile Deposit. We are currently experience issues with Mobile Deposit enrollment. For assistance, please call Navy Federal at XXXX. '' I called and the representative informed me that I needed to open my own membership account in order to have access to this service. I informed him that I did n't need to make deposits into another account, just this one. I requested a supervisor and spoke to XXXX a Contact Center Supervisor. I again was unsuccessful at gaining access to make deposits into my account. I explained I already check for local ATMs to deposit in, they do n't participate in shared branching, etc. They informed me that I either needed to have my husband make the mobile deposit or I needed to mail the check in. I have no credit issues, long time on my job, etc. The only issue is that Navy Federal is forcing joint owners to open membership savings with them if they have no other options to conveniently make deposits. I have my husband at home and can have him make the deposit for me. This institution is for military families and not all joint owners are going to have that same access to their spouse as I currently do. To make struggling military spouses open a separate account to be able to make deposits into a different account when there is n't a nearby branch is n't right."
3792,Credit reporting,"Hello, The following accounts listed below do not belong to me. 
Please remove both accounts completely from all three credit bureau 's. 

XXXX XXXX  - Account # XXXXXXXX XXXX XXXX XXXX XXXX XXXX Account XXXX XXXX Thanks in advance for your assistance regarding this request. 

My contact information is as followings : XXXX XXXX XXXX Mobile phone : XXXX"
3793,Bank account or service,"XX/XX/XXXX I made a mobile check deposit for my daughter in the amount of XXXX via cashiers check payable from my mothers account via XXXX XXXXXXXX XXXX to her ( her being XXXX ) endorsed to me ( her mother ). 

There was a ten day hold placed on the check. Standard with new accounts which was fine. 

I went into the branch later in the week to withdraw funds I deposited via a money order that same day and was told my account was restricted. 

I spoke with the department in charge and was told that they no longer have a way to verify information with XXXX  XXXX XXXX so i needed to verify that I was the intended payee of the check. I explained that I was instructed as her mother to be within my legal rights to deposit for her. They then informed me that they had no information on my daughter, of course, and that my daughter needed a phone number that would pass verification through XXXX XXXX before they would release the funds or else they would close my account in 10 days. I offered to bring my daughter in with school id and was told that would not be acceptable. The rep on the phone then followed up by saying to unrestrict my account completely I would need her birth certificate, a copy of her social security card, a current photo of her, AND a phone in her name. 

My daughter is XXXX XXXX XXXX, she is not able to obtain her own phone credit line. I personally feel this to be a violation of my daughters privacy rights. As she is a minor. I do not see why her being present is not acceptable. 

All of my funds are being held & my account will be closed within XXXX hours if this is not resolved amicably. They have not even provided a written notice giving reason for the restriction I do not even wish to bank with chase at this point"
3794,Bank account or service,WE opened up Business account at XXXX XXXX XXXX in XX/XX/XXXX. They referred us the First Data for merchant processing. First data closed our account in XX/XX/XXXX ( same month as opened ) and there was {$3500.00} in our account with First data. They said we have to wait 90 days for our money. And they have n't sent our money and wo n't respond to our emails or phone calls. No Im on the match list also. I did n't do anything wrong
3795,Debt collection,"I recently reviewed my credit reports and was shocked to find a collection account from National Credit Systems for an alleged lease debt. I am formally disputing this collection, as I do not recognize the debt. When I vacated the apartment, there was no balance due. Furthermore, I have never received any communicationwhether by phone, text, email, or mailregarding this alleged debt. The lack of prior notification raises significant concerns regarding the validity and accuracy of this account. This erroneous reporting has caused difficulties in securing credit and is directly impacting my ability to obtain a home loan. Under the Fair Credit Reporting Act ( FCRA ), I am requesting that you immediately remove this collection account from all credit reporting agencies and cease any further collection efforts regarding this disputed debt. Please provide written confirmation of the actions taken in response to this dispute."
3796,Money transfer or service,"I have already filled out the report on a previous report to this XXXX and it clicked me out that I did not want to be identified as filing the report. It was a mistake and I am XXXX XXXX and want this report to be tied to the previous report to this one. It happened in XXXX XXXX Texas with the XXXX XXXX XXXX XXXX transfer of money thru the Chase account and thought Chase was notified they would not stop the money within only hours of the original transfer of money. 
This report should be connected to the previous report I have already sent by hitting the incorrect key."
3797,Bank account or service,"During XXXX last year, my friend owed me amount of money around {$10000.00}. He told me he could only transferred less than {$500.00} once because he transferred money too frequently so he transfered the total of {$10000.00} with several times. At the end of XXXX, Chase told me they would close my account permanently due to unusual transactions. I went to Chase branch at the beginning of XXXX. Chase told me they would sent the remained balance as check which was estimated at {$2700.00} to me in 10 business days. I have been waiting for 2 months and there is no any response from Chase. Chase also did not tell me the reason why they close my account."
3798,Mortgage,"On XX/XX/XXXX, Freedom Mortgage called me, having recently purchased the servicing rights to my mortgage loan to check in. While on the phone, they offered to take my mortgage payment over the phone, although I had already set up payment through their online portal. While on the phone, they said the payment went through. A week later, they called to tell me the payment had been reversed- on that call I repeated my checking account information to make the payment that had been reversed. After a series of 4 phone calls with customer service, finally resulting in their listening to the recording of the phone conversation, they determined that the agent had entered the information incorrectly and had failed to repeat the account number back to me to allow me to notice the error. They therefore determined that the {$30.00} insufficient funds fee they were attempting to charge me should be reversed, since the error was entirely theirs. However, three weeks after admitting fault, the charge is not removed, and now customer service is saying that it will not be reversed."
3799,Mortgage,"NAVY FEDERAL CREDIT UNION ( NFCU ) FAILED : to provide timely lending as they promised & accepted payment for. Their breach in timely service caused the delay in closing of my home purchase, which resulted in my emergency expenses, time demands for coordination, risk of loss of transaction, & risk of loss of earnest money payment. 

NFCU CLAIM : NFCUs untimely realization of the correct address of the property purportedly contributed to their late ordering of the appraisal. Further, the untimely departure of the NFCU employee handling my account may have been a contributing factor in their purported late recognition of the property address. 

NFCU CLAIMED SOURCE OF CONFUSION : NFCU received one courtesy copy of a document detailing my offer to purchase a house, however I did not win the bid to purchase that property. On a future date, I contracted to purchase a house & provided the sales CONTRACT signed by myself & the selling owner of the property. Numerous subsequent documents & emails with the ONLY house I ever contracted to purchase were provided to NFCU. Then I paid NFCU for the appraisal of the house.

COMMUNICATIONS : multiple verifiable emails, receipted document uploads, legally recorded conversations & phone calls completely prove complete notification of the property address.

LOSSES & GRIEVANCES : my losses are more extensive than this form allows for me to elaborate, but briefly, I incurred excess expense due to NFCUs delay : hotels, eating at restaurants, loss of other appliance transactions, loss non-work holiday days to accomplish moving tasks, the closing transaction, & house repairs, unutilized activated utilities, & more.

Multiple written requests for due relief have gone unanswered. Some acknowledged requests have been reported back to me incorrectly on subsequent conversations. I believe I have fully exhausted all direct means of coordinating an offset for their negligence."
3800,Money transfer or service,"Im a long-time PayPal user who has never violated the Acceptable Use Policy. Despite this, I received the horrible shock from Paypal that You can no longer do business with PayPal dated XX/XX/year>. At the advice of counsel, Im sending a polite message to PayPal with details and information so that this policy mistake can be corrected and that my account can be restored to full functionality. PayPal sent me an email telling me that I need to provide more information to re-review my account and decide if they continue my account limitations or lift my account limitations, But when I check my PayPal account, there is no option where I can send more information and proof of screenshot. I primarily use PayPal to provide online services. In addition, my PayPal is authenticated and connected to XXXX. XXXX where I receive occasional income from my online tutorial. Everything I do on PayPal is completely legitimate. None of these violate the XXXX. To be honest, I have no idea what could have triggered this mistake. I reviewed it in close detail. I looked on r/PayPal and I am not the only person who has had this problem - many users have been wrongly suspended for no apparent policy violation, especially within the past several days. I worry that it will shake the publics faith in PayPal as a reliable service."
3801,Mortgage,XXXX XXXX .. Loan Processor from B of A ... Closed an Assumption Loan ... Between Spouses Against ME in XXXX without Due Process .. No Warning .. No XXXX .. No Letter Has Lied .. proven in her XXXX to Me as to why. On XX/XX/XXXX she gave me reasons for Dropping the Loan and I have Proven XX/XX/XXXX.... SHES Lying .. all in XXXX to Me. I would rather be Denied a Home Loan than to be Dismissed FALSELY. I was Not denied .. My Case was Simply CLOSED for No Good Reason. And XXXX XXXX lied to me for reasons Why.
3802,Debt collection,"On XXXX XXXX XXXX Wakefield & Associates located at XXXX XXXX XXXX XXXX, TN XXXX ( XXXX ) XXXX received written communication from me requesting that they validate debt that is being reporting on my credit reports. One of the debt is {$1200.00} and the other debt is {$950.00}. I asked the company to provide me with proof that I signed off on to validate that both debts are indeed my own. The company has failed to do so. Wakefield & Associates is collecting a debt from an unknown medical practice. This company has yet to provide me with the requested at nearly 30 days now. For all that I know, the original creditor could have sent over fake receipts etc. Again, this company has failed to validate the said debt they are attempting to collect.I do n't know who the original creditor is, what they are billing me for, nor proof of me physically signing off to agree to be billed"
3803,Consumer loan,"This account ( XXXX # XXXX, XXXX XXXX : Check Smart XXXX  XXXX ) is the result of identity theft. I filed an official FTC Identity Theft Report ( XXXX XXXXXXXX ) and mailed formal disputes with documentation to XXXX XXXX, and TransUnion on XX/XX/year>. 

In response to XXXX 's instructions, I also emailed the FTC report and supporting documents to XXXX on XX/XX/year>. Despite complying with all requested steps, I have received no confirmation or action. 

Under the Fair Credit Reporting Act ( FCRA ) 605B, once a consumer submits a valid identity theft report, furnishers and credit bureaus are legally obligated to block and remove fraudulent accounts within four business days. NCAs continued reporting of this account, despite proper notice, is a violation of FCRA.

I respectfully request : Immediate deletion of this fraudulent account from my credit reports Cessation of any collection activity A written confirmation stating that the account has been permanently deleted and will not be pursued further If this is not resolved, I will consider further legal remedies under FCRA XXXX."
3804,Debt collection,"IQ Data International XXXX # XXXX has been harassing me with a debt I do not owe. They have called me, my family, colleagues at work, and my employer. They have disclosed personal information, ( social security number, how much I make a year, how much my car was, and what they believed was my address. ) They have violated multiple Fair Credit Acts and broken the law. They have called me from 6 different phone numbers, over 30 times after I have told them to stop. They continue to violate Fair Credit Acts every time they call. This debt has never been verified. 

They have also violated 1006.30 This company is nothing but harassment and law breakers."
3805,Debt collection,"I am filing this complaint against JEFFERSON CAPITAL LLC, located at XXXX XXXX XXXX XXXX XXXX XXXX, MN, XXXX, for multiple willful violations of the Fair Debt Collection Practices Act ( FDCPA ), 15 U.S.C. 1692 et seq., and the Fair Credit Reporting Act ( FCRA ), 15 U.S.C. 1681 et seq. This company is currently reporting an alleged debt of {$2.00}, XXXX originally owed to XXXX, Account XXXXXXXX XXXX XXXXXXXX, on my consumer credit reports with XXXX XXXX XXXX XXXX This account is inaccurate, unverified, and/or past the applicable statute of limitations. On XX/XX/year>, I sent a written Cease and Desist and Debt Validation letter demanding that this company : ( 1 ) cease all collection activity ; ( 2 ) provide full written validation of the alleged debt; and ( 3 ) immediately remove this account from my consumer credit reports. As of today, the company has VIOLATION 3 FAILURE TO VALIDATE ( FDCPA 15 U.S.C. 1692g ) : This company failed to provide legally sufficient validation of this alleged debt. A collection notice, a computerized printout, or a one-page account summary does NOT constitute proper debt validation under federal law. The company has not produced the original signed agreement, a complete payment history, or proof of legal authority to collect in my state. This unlawful collection and reporting activity has caused me significant harm including emotional distress, and I was charged higher interest rates. I am demanding that the CFPB investigate this matter, require this company to immediately delete this account from all three credit bureaus, and take appropriate enforcement action. I have attached my Cease and Desist letter, certified mail tracking confirmation, and screenshots of the tradeline from all three credit bureaus. All records are preserved for potential civil litigation."
3806,Debt collection,"They are calling me, which is normal. But if I'm not picking up they call literally anyone who even remotely is connected to me. They've called both my parents, my ex-husband, my son ( who's XXXX ). None of these people are on the debt, nor are ANY of their contact information."
3807,Debt collection,MIDLAND is falsely reporting on my credit. I have never had any accounts with them. Per my research MIDLAND is a debt collector. They are falsely reporting on my credit!! Account number is XXXX is falsely reporting to my credit file and is against my rights and fair credit act. Under U.S Code XXXX - Disclosure of investigation consumer report ; you are in violation.
3808,Mortgage,I switched mortgage companies and thought I canceled the ach for XXXX so that I could use the payment for my old mortgage company for my new mortgage. Long story short the funds for my last mortgage with Mr cooper did not reach them Or so that is what I was told on the phone. I call the bank ( XXXX ) and they say that there is nothing they can do to receive the funds because I authorized it. So now Mr.cooper scam mortgage company has my money in limbo. All I want is the money to go back into my account so I can pay my mortgage. But no one is helping me and I am extremely frustrated with the whole process altogether. The first time I called they said that they never received my final payment. So $ XXXX is just no where to be found apparently even though it came out of my account.
3809,Consumer loan,"I previously had my federal student loans serviced by XXXX. They later transferred my loans to XXXX. During my time with Navient, I was placed into forbearance and not properly offered or assisted into an Income-Driven Repayment ( IDR ) plan, despite clearly qualifying based on income. 

Because of this, I believe I lost qualifying months toward forgiveness and accrued unnecessary interest. I was never given clear guidance or support, and now Im struggling financially to manage this debt. 

Im requesting a review of my account history to ensure I receive full credit for any lost IDR or forgiveness months, and to confirm that XXXX servicing practices did not negatively impact my eligibility for relief or lower payments. 

My loans were officially transferred from XXXX  to XXXX on XX/XX/year>. I have attached the email showing the transfer notice."
3810,Bank account or service,"In reference to US Bank 's handling of a fraud dispute concerning my account, I am formally lodging a complaint against them. After learning that my card had been lost, I found fraudulent transactions on my account in XX/XX/year>2024. I reported the fraudulent transactions to US Bank right away, and I was given the assurance that the matter would be resolved. However, a customer service agent then informed me that the reason my claim for {$6000.00} compensation was denied was because I had not submitted a claim form. I was informed that my caseworker will be contacted to deliver a claim form after I stated that I had never received one. Regretfully, weeks went by and I never got the paperwork. When I followed up with US Bank over the phone, a separate agent informed me that there was no record of my earlier request for the claim form. I was told once more that I will be contacted by my caseworker. Even after several months, I have yet to hear back from anyone or get my matter resolved. Consequently, I have had tremendous financial difficulties, getting behind on my expenses and suffering from extreme stress, anxiety, and sadness. I am currently taking prescribed drugs bupropion, lorazepam because of the distress this experience has brought me. Although I had faith that US Bank would protect my money, their inability to adequately look into and support my fraud claim has caused me much XXXX. Serious questions concerning their ethics and customer service are raised by the reps ' poor communication and lack of assistance. It is my request that the XXXX look into this issue and assist in finding a solution. I would appreciate any assistance in recovering my lost funds and ensuring that US Bank adheres to ethical standards when handling fraud cases. Thank you for your time and attention to this matter"
3811,Consumer loan,"MOHELA transferred loans to new StudentAid MOHELA platform in late XX/XX/XXXX. There is a line item in the account history from XX/XX/XXXX : XX/XX/XXXX Capitalized Interest {$1000.00} MOHELA told me on the phone ( talked to representative then supervisor XXXX XXXX XXXX XXXX XXXX XXXX XXXX XXXX that they can not identify any qualifying events for capitalization in XX/XX/XXXX. Also stated this capitalized interest was "" from prior servicer ''. However the principal of my loan has increased from the initial disbursement, and MOHELA. 

Call reference number XXXX XXXX XXXXXXXX Online records of prior account statements are no longer available. I asked to have physical copies of all statements from prior account be mailed to me. The supervisor stated she would arrange this. It has been flagged for further investigation. 

I am concerned other borrowers may be similar affected by inappropriate interest capitalization and would like the CFPB to investigate my case and others."
3812,Bank account or service,My debit card was stolen and charges totaling {$330.00} was made at XXXX without my knowledge or consent. I filed a police report and a claim with my bank. They denied my claim within days. I ask that this claim be reevaluated and governed.
3813,Consumer loan,"On XXXX XXXX a check was sent to Navient via certified mail. The check arrived and was withdrawn from the account the the XXXX. The check had the account number in the memo line. After not seeing the payment post on my account, I contacted Navient and was informed that they dont have record of the payment. They requested a bank statement to confirm the money was withdrawn. I refused to send a statement as the check was written from a business account and I find it ridiculous that the company was able to deposit the check and now expects me to send more financial documents."
3814,Consumer loan,"I am currently a special education teacher with public student loans. I have faithfully submitted my application for XXXX XXXX XXXX XXXX with my qualifying employer for 10 years. I have become eligible for loan forgiveness. I enrolled in the XXXX plan when it became available under the guidance of Federal Studen Aid. When I became eligible for forgiveness, I contacted XXXX Student Aid to request my loan buyback amount. This form was submitted on XX/XX/year> ( confirmation number XXXX ). Upon submitting, I realized that XXXX of my loans were miscalculated and therefore not showing up as qualifying. This is an error by Federal Student Aid as these loans were distrubuted and had payments made at the same times as other qualifying loans. I called Federal Student Aid and was directed to fill out another request stating the issue. This was submitted on XX/XX/year> ( confirmation number # XXXX ). There have not been any updates to my case. I have not heard anything about either case and now the XXXX plan has ended. I am worried that I will have to begin paying loans that should have been forgiven."
3815,Money transfer or service,"On XX/XX/year>, I sent a payment of {$50.00} to my friend, XXXX, through Venmo for a specific purpose. However, after I completed the transaction, I discovered that XXXX 's Venmo account is in collections. As a result, instead of XXXX receiving the funds, the money was diverted to pay off a collections debt. 

This outcome was not what I intended when I initiated the payment. I did not authorize Venmo or any third party to redirect my money to satisfy a collections debt, and the funds were not accessible to XXXX, which defeated the purpose of the transfer. 

I contacted Venmo customer service several times to explain the issue and request a refund of the funds, since the money is no longer serving its intended purpose. However, Venmo has repeatedly refused to return my money, stating that the payment "" made it to XXXX, '' even though the funds were actually intercepted by the collections process. 

I believe this is an unfair handling of my funds, as Venmo has facilitated the diversion of my payment to an entity I did not authorize. I am requesting that the Consumer Financial Protection Bureau help resolve this issue by having Venmo return my money, as the original purpose of the payment was not fulfilled."
3816,Bank account or service,This is for Truist Bank who merged with SunTrust. I noticed that I was being charged 36.00 fees with an available balance. This has happened over 6 times. I went online and made a phone appointment twice.No one called. Finally went into a branch. The rep was very nice. She stayed she could see where I was charged multiple fees with an available balance for a while..but they were coded something else. She called Corporate who states that a manager has to review and refund my account. There was no manager available. Rep says manager is away for 3 weeks. Horrible merger. These fees caused a trickle down effect causing more overdrafts. Online banking is horrible. I just want the fees back from the last 30 days. I am fighting XXXX and I can not continue being charged these fees due to bank errors.
3817,Credit card,"This pre-pay Brinks MasterCard arrived in my mail without me EVER signing up or requesting the card. They did not just send a sign up but the actual physical card! In addition all phone numbers only lead to an automated system so I cant file a complaint with the company nor can I identify how they got my information, what information they have and how they are using/selling it"
3818,Money transfer or service,"I am writing to formally express my concerns regarding Zelles dispute resolution process, particularly in light of the recent CFPB lawsuit, which highlights significant issues with the platform. Despite being a frequent Zelle user and diligently reporting discrepancies, both my financial institution and Zelle failed to conduct a thorough investigation into my claims. Instead, I was informed that recovering lost funds was impossible and that tracking these transactions was unfeasible. 

The CFPBs findings indicate that Zelle has not only failed to protect consumers but has also allowed repeat offenders to exploit the system, leaving users vulnerable to fraud and scams. This lack of accountability and transparency is unacceptable and raises serious concerns about consumer safety. I urge Zelle and its partnering financial institutions to take immediate action to enhance fraud prevention measures and ensure a more reliable dispute resolution process. 

I appreciate your prompt attention to this matter."
3819,Debt collection,"I recently discovered that on XX/XX/year> Midland Credit Management, a debt buyer, accessed my XXXX credit report without my consent after I had informed them in writing on XX/XX/year> to stop contacting me and that I did not consent to giving them my personal information or to enter in to any type of contract with them."
3820,Consumer loan,"When my wife and I purchased this vehicle, I had just had a XXXX transplant 6 months prior and I needed a XXXX transplant in the next 3 months. I needed a reliable car to get myself and my caregiver wife back and forth from XXXX to XXXX. I had no idea that I'd be falling prey to almost predatory lending. The payment structure of the loan ensures the first 1 to 2 years is applied strictly to interest, leaving I'm sure many many customers in similar situations. Carmax pushes their "" no haggle '' policy and we were both so tired and I still sick. I would have no way of knowing that, when I agreed to the high interest rate and the predatory payment structure, I wouldn't be able to refinance later for a better rate. Carmax has no solution, I've tried 4 different other lenders. My credit is in the XXXX, so that is not an issue. Shame on Carmax, this is a bitter lesson learned, when money is already running low as it is."
3821,Bank account or service,Ive been a checking/savings customer with USBank for more than 20 years and ALWAYS had a savings account. It was a no minimum account with some funds in it. I wont lie just before COVID I had one of a very few overdrafts that the bank decided to take the funds from my savings. This over draft did not exceed XXXX hours. Since I didnt agree to have them take from my savings I asked for them to transfer the money back. They refused and closed my savings account. Since Ive re-applied twice without success. The practices of banks are sinister. I only make XXXX a year with no way to save a few dollars at the bank I have my money with for convenience. Im so angry and perplexed that banks can literally stop you from saving money! How is this a free country?
3822,Consumer loan,"American Credit Acceptance is erroneously reporting payments after this account charged off XX/XX/XXXX. They continuously add payment history that shows payment, then they go back to reporting new 30, 60, 90 day lates to cause detriment to my fico score. They reported a paid status for XX/XX/XXXX thru XX/XX/XXXX and then 30, 60, 90 day late and Charged Off again for XX/XX/XXXX. They also continue to increase the balance owed but I have not recieved any statements. I was made aware of these errors using online versions of my credit reports but I have ordered paper copies so that I can provide them if needed."
3823,Consumer loan,"I financed a 2017 XXXX XXXX XXXX XXXX Wells Fargo auto, & have yet to receive compensation for my XXXX coverage when my loan was paid off early. Additionally, I was charged additional fees and interest improperly."
3824,Credit reporting,I called to make my final payment to ALLY Financial in at the end of XXXX and as of today XX/XX/2021 they still haven't updated my credit report as paid in full. I've made several calls to ALLY and I think this is an issue as it is not reflecting correctly on my credit reports therefore affecting my credit rating.
3825,Credit card,"To : Consumer Financial Protection Bureau ( CFPB ) Date : XX/XX/2024 Complainants Name : XXXX XXXX Address : XXXX XXXX XXXX XXXX pa  XXXX Email : XXXX Phone Number : XXXX XXXX Account Number : XXXX Dear CFPB, I am writing to file a formal complaint regarding a late payment that has been reported on my Nordstrom credit card account, which I believe to be inaccurate and unfair. I respectfully request your assistance in getting this late payment removed from my credit report. 

Issue : On XX/XX/2024, Nordstrom reported a late payment on my credit card account, which has adversely impacted my credit score. I am disputing this late payment for the following reasons : The payment was not taken out of my account but I have since paid off the card almost in full. I have reached out to Nordstrom 's customer service team on several occasions, but despite my efforts to resolve the matter amicably, they have not been willing to remove the late payment from my credit report."
3826,Money transfer or service,"On XX/XX/XXXX and XX/XX/XXXX my brother sent {$600.00} and {$260.00} through XXXX XXXX using his card from WF ending in XXXX. I received it through XXXX XXXX  and cash it out to my Wells Fargo account ending in XXXX My Brother filed a dispute against multiple transactions in which mine was mistakenlya part of so Wells Fargo then asked XXXX XXXX for the money back and which cash app took the money out of my account on XX/XX/XXXX. I received a withdrawal from XXXX XXXX for {$600.00} and {$260.00} on XX/XX/XXXX I called XXXX XXXX and they let me know it was a dispute for the amount back in XXXX so I went to My brother. The disputes were withdrawn from Wells Fargo account XXXX ( XXXX XXXX ) taking the money back from his account ... and that's where the trouble begins Wells Fargo says they are not in charge of sending me my money back. Cash app says they are not in charge of sending me my money back. Nobody knows where these funds have gone. 
The money has clearly been retaking out of My Brothers account, but has not been re-dispersed to me. After multiple phone calls to Wells Fargo and multiple phone calls to XXXX XXXX  through both my account and his account they are basically playing ping-pong . Wells Fargo is saying to go to XXXX XXXX  and follow dispute and XXXX XXXX is telling me to go to Wells Fargo and file a dispute. I thought a dispute with Wells Fargo, which ended in a denied report. 
XXXX XXXX refuses to let me file a dispute. XXXX XXXX has told us - on both accounts- they have no knowledge of any refund and that they will not be receiving a refund through My Brother 's WF account Wells Fargo has told us that they also do not provide refunds for third-party vendors and to take it up with XXXX XXXX My name is XXXXXXXX XXXX XXXX His name is XXXX XXXX XXXX has traced where the money has went and is really disheartening and the money is lost in air right now. Please help me"
3827,Consumer loan,"On XX/XX/year>, XXXX XXXX instructed his team of XXXX XXXX XXXX XXXX ( XXXX  ) to gain access to multiple internal systems within the XXXX XXXX XXXX, including financial aid dataset that contains the personal information of millions of students enrolled in the federal student aid program. My information was among the dataset that has been compromised."
3828,Consumer loan,"I was going through my credit and noticed a vehicle that was repossessed several years ago is still reporting with several inaccuracies, such as balance, original balance, date of last activity, status, etc. Plus I had a Gap insurance on that vehicle and I never received and documentation after the repo. It shows charged-off with wrong balance, and it's definitely violations of FCRA and MVISA."
3829,Debt collection,"I received 3 return packets from XXXX. I opened one and saw they were phone return packets. I found XXXX 's fraud reporting phone number and tried to contact them, but only received automated messages. (XX/XX/2018 ) I went to XXXX store at XXXX XXXX, XXXX XXXX and told them of this fraudulent activity and asked to check the name as spelt on the envelope "" XXXX XXXX '', note not same as my name. They could not find anything, and said they could take any fraud discovery or fraud report information. So I mailed back these packets with notes on Fraud activity. 

Later I complained on CFCB about collection agent hired by XXXX, and now an even more abusive collection has been hired by XXXX. 

( Saturday XX/XX/2018 onwards ) I have been getting many calls from Diversified Adjustments, and I told them that I have reached out to XXXX numerous times. But they still threatened me with consequences. Previous history below ( resolved with XXXX ) I checked the Fraud website on XXXX, and noticed it was too complicated, and asking me to reveal lots of personal information. While in the meantime I am not able to reach any human at XXXX. The web reports on Fraudulent department at XXXX were also bad."
3830,Credit card,"I had a couple late payments, but then would pay a large amount to knock down the balance and reduce the credit/balance percentage, but EVERY time I do that, they drop my limit down to a couple dollars over what I just lowered my balance to ... literally a few dollars! 

I 've been trying to get approved on an apartment, paid off most of my credit cards and paid down a couple, including my Lowe 's card after receiving a large paycheck for a project that was paid to me late. XXXX 2015 the balance was {$710.00} XXXX with a {$790.00} limit ) or so and so I paid {$220.00}, then another payment of {$240.00} in XXXX 2015, dropping the balance down to {$240.00} XXXX with a {$790.00} limit ) so that it would be a low percentage of my credit limit and help my credit score ... so days later they dropped my limit to {$250.00}! 

They have done this EVERY time I make any payment larger than the minimum ... it 's not once a year or any regularly set time. So after making this recent large payment, I 'm now "" maxed out '' AGAIN and my credit score just dropped significantly more. 

I called them and they just gave me the address to write to the FCRA. 

This can not be legal. None of my other cards have ever done that ..."
3831,Consumer loan,"I attended XXXX XXXX University to further my education after High School. I was a first time generation college student in my family and I was unable to afford my college education without student loans. I looked into Sallie Mae and they assured me they would work with me once I was graduated. Instead of explaining that it is better to take our yearly loans, they told me semester loans would be the best. After XXXX college, I had XXXX separate loans at Sallie Mae at 9 % interest a piece. I sent in XXXX monthly payments of {$25.00} for XXXX loans to lower my interest rate during college. However, for XXXX years, my mother and I were harrassed by the company for "" not paying the payments on time '' even though my mom sent checks every month. My mother works at our bank and has copies of all checks sent to Sallie Mae with the dates written and when they were cashed by Sallie Mae. In XXXX of 2015, XXXX sent back only ONE of my XXXX payments and said I did not have any loans with them. How XXXX check of XXXX, that were mailed in the same envelope, got returned I will never understand. I have been charged a late fee for that, even though our XXXX checks had been cashed. Then, I came to realize that for the XXXX years we were being harrassed. My loan payments were being applied to all the wrong loans after months of promises that it was fixed for good this time. Because of Sallie Mae wrongly applying my loans, I was the one pentalized with a late fee. I have called for help on my payments and they are not helping me at all. They said my XXXX payments could equal up to {$1300.00} a month and I am currently earning {$1100.00} a month. Sallie Mae harrassed my mother and I at our work places, even after those numbers were put on a "" NO CALL LIST '' and we almost lost our jobs as a result."
3832,Credit reporting,I have submitted my bank statement and proof from direct deposit company that I have paid as agreed but they kept saying that my payments were late. I then switched from XXXX XXXX to XXXXXXXX for direct deposit and all of sudden my payments were on time although they are being cleared during the same time frame. Once I received my XXXX from XXXX there was NO late fees indicated on there but they were charging for fees for having another company processing my direct deposit and yet still reporting that I paid 3 months late until I switched over ... I consider that extortion. They will NOT change the report even though they received the money.
3833,Debt collection,I would like to verify my debt and therefore I am writing to request an itemized bill for the medical services or treatments associated with my account. I want to verify the accuracy of the debt and understand the details of the charges. Also I ask collector to provide the following : Agreement with your client that grants you the authority to collect on this alleged debt. Agreement that bears the signature of the alleged debtor wherein he/she agreed to pay the creditor. Any insurance claims been made by any creditor regarding this account. Any Judgments obtained by any creditor regarding this account. Name and address of alleged creditor. Name on file of alleged debtor. Alleged account number. Address on file for alleged debtor. Amount of alleged debt. Date this alleged debt became payable. Date of original charge off or delinquency. Verification that this debt was assigned or sold to collector. Complete accounting of alleged debt. Commission for debt collector if collection efforts are successful.
3834,Money transfer or service,"I have been an account holder of Chine for over 4 years and my payroll and retirement checks are direct deposited into my checking account monthly however, Chime refuse my mobile deposit of {$15000.00} on XX/XX/year>, which is under the {$20000.00} maximum limit."
3835,Consumer loan,"I co-signed with my niece on a XXXX bar study loan in XXXX. The initial lender was XXXX XXXX which branched off to Navient. Repayment of the loan beganXX/XX/XXXX. My niece requested deferment of the loan and I started sending a remittance of XXXX per month XX/XX/XXXX The interest rate was XXXX and variable. After noticing very little of the remittance was being applied towards the principle, I called Navient. They explained to me that the loan had a variable interest rate. As ofXX/XX/XXXX, the amount due on the loan was XXXX with an estimated payoff date of XX/XX/XXXX. At this rate, the loan would never be paid off since only XXXX had been applied towards the principle over a 5 year period. As a result, I paid the XXXX in full on XX/XX/XXXX to avoid paying additional interest. I am respectfully requesting that your organization look into the loan practices of Navient. After almost 5 years of payments at XXXX per month, I should not still owe almost 15,000 on an original loan of {$15000.00}. Your prompt attention in this matter is greatly appreciated."
3836,Consumer loan,"Hello! 

On XX/XX/2021 I submitted a complaint about Check In To Cash debiting my account after I had revoked ACH Authorization ( complaint XXXX ). After reviewing my bank account today, I see a debit from them again. Im not sure what else I can do to get them to stop getting in to my account. Help would be appreciated. 

Thank you!"
3837,Debt collection,"I C System at XXXX XXXX XXXX XXXX XXXX, MN. XXXX has been sending me collection notices in the amount of {$430.00}. The collection has been reported as past due. I do not know this company. i have never done business with this company. this company does not have a contact with my signature."
3838,Debt collection,"In XX/XX/year>, I moved out of my previous apartment on XXXX XXXX XXXX XXXX CT XXXX to another location, but the management of the apartment refused to give me back my security deposit of {$1200.00} with an unfounded excuse that I was short by a few days with my moving notice. In addition, they now tried to charge me an additional {$800.00} for what I do not understand! I did not owe them any outstanding rents. 
They then put the account with credit reporting companies which reduced my credit score by XXXX points at the time."
3839,Credit card,CHARGED OFF ACCOUNT ACCOUNT CLOSED BY CREDIT GRANTOR account opened on XX/XX/2018 closed on XX/XX/2018. but still reporting on credit after they closed the account and still receiving harassing phone calls
3840,Consumer loan,"Western Funding charged me for a car when a cancelation was already issued. A refund was due, but never sent. A manager claimed they sent my funds to another party without my consent, however this never happened. I called back and another agent said this was not true and they were still holding the funds, those the deadline had passed. He asked me to call back on Friday."
3841,Debt collection,"Looking at my credit report there is a loan I did not get.I called XXXX XXXX corporate office, talked to a XXXX and a supervisor after much investigating they could not find anything with my social or name.They asked me to call Midwest Recovery the collector, The woman XXXX was very rude, when I told her my situation she said XXXX would not have my information cause the loan was sold.I asked when and where the loan was taken out she said XXXX XXXX my well I have never been there, after several attempts of going back and forth XXXX XXXX advised me to file with YOU"
3842,Credit reporting,"On XX/XX/2019 I received the results of my LexisNexis results of my dispute case number XXXX. They deleted a Bankruptcy from my file. I asked that they send their results to all companies which subscribed to their service such as XXXX, XXXX and XXXX. These companies are still saying LexisNexis is verifying a Bankruptcy on my file."
3843,Credit reporting,"I submitted a dispute over 30 day late payments for XXXX XXXX XXXX XXXX and the system malfunctioned would not let me attach my documents which show my payments were within the 29 days before reporting to bureau. I decided I would upload the documents the next day but within less than XXXX hours on Experian said they verified all data as correct without providing their process or proof. I dont believe they could have adequately conducted a thorough investigation in the time frame and may have sent me an automatic response reply instead. I understand they are probably getting overwhelmed due to the fallout from XXXX and consumers checking their credit reports but these incorrect late payments are affecting me getting a safer place to live due to my area of in XXXX, TX being severely affected and undergoing extensive cleanup before renovations can begin."
3844,Mortgage,"XXXX XXXX was my previous mortgage servicer. Required documents were emailed to XXXX XXXX XXXX XXXX that was required for short sale processing there is a purchase contract on property, its a cash sale, purchaser are ready to close. Short Sale was in processing with XXXX XXXX, BPO with interior photos completed. Mortgage was transferred to Select Port Folio XX/XX/2021 I spoke with Customer Service Select Port Folio informed them I need the short sale processed ASAP because I don't want to lose the purchaser for my home. I would appreciate your immediate attention with this urgent problem. Requested Relocation fee of {$10000.00} because Im selling my home on short sale."
3845,Money transfer or service,"I transferred {$150.00} on XXXX XXXXXXXX XXXX to an account in XXXXI noticed the account number was wrong an hour later & notified the company. 
No update has been provided other than the issue has been escalated.Called several times, the customer service always says issue has been escalated. I missed out a XXXX in the account number"
3846,Debt collection,XXXX Averst Bank 2008 this is to old to be on my credit repot. Its XXXX. I want this removed. I gave this back to then. They sold me a lemon. The transmission had went out of this thing after a XXXX or four months. I lost thousends on this.
3847,Money transfer or service,"I earned some Bitcoin on XXXX in XXXX. I'm unsure of the amount ; it was somewhere in the tens of dollars at the time, but with Bitcoin 's higher price today, I think it would be in the hundreds of dollars. 

XXXX was acquired by Coinbase, who created a process for XXXX users to move their balance to a Coinbase account. I followed that process, but it didn't work ; I never saw Bitcoins enter my Coinbase account.

I attempted to contact Coinbase three times about this : twice using their online contact form, and once using XXXX. I never received a response."
3848,Money transfer or service,"I called MoneyGram customer service today, on XX/XX/23, at approximately XXXX XXXX  Northeastern Time, regarding issues with logging into their website. Unfortunately, they informed me that they had detected suspicious activity and decided to block my access to MoneyGram, which I believe to be arbitrary and unfounded. 

I politely inquired about the specific allegations of suspicious activity, but they declined to provide any details and simply initiated an internal case. 

Furthermore, I politely requested to file an internal complaint for documentation purposes, and they assigned a case number, XXXX. 

Finally, I asked for information regarding the regulatory authorities to whom I could report my complaint due to their XXXX waiting period. However, the supervisor, XXXX, refused to provide this information. 

I have concerns that MoneyGrams actions may not be in compliance with federal or state laws, and I feel that my rights may have been violated through discriminatory practices."
3849,Money transfer or service,"I am filing a complaint against Cash App ( Block , Inc. ) due to inadequate customer service and unfair practices, which violate the Consumer Financial Protection Act ( CFPA ). Specifically, Cash App failed to take timely and effective measures to prevent and address fraud on their platform, leaving my account vulnerable and unprotected. Furthermore, their dispute resolution process was unfair and deceptive, as they did not comply with error resolution requirements under the Eletronic Fund Transfer Act ( EFTA ) and Regulation E. These actions have caused significant inconvenience and financial loss, and I seek appropriate redress for these violations."
3850,Debt collection,"Received a phone call on XX/XX/XXXX from phone number XXXX : spoke to someone that would only tell me they were part of the "" mediation firm '' with regards to a debt with Action Credit for {$870.00}. They would not give me their name or company name. They stated they will be serving me with papers to take me to court and garnish my wages for this debt. They said that paperwork would only be provided when I was served with legal papers. Received a phone call on XX/XX/XXXX from phone number XXXX : they said they knew I talked to someone on XX/XX/XXXX, but they wanted to know if I would resolve the debt, again never giving me a name or company name, only stating this was for Action Credit. Same thing as day before - no paperwork until legal documents are served. I have never had a loan with Action Credit ( they said it represents multiple payday loan companies )."
3851,Credit card,"XX/XX/2019-Chase Credit Card bill received in mail was for {$180.00} payment due date of XX/XX/2019. It included a credit card fee of {$37.00}. I called Chase to dispute the "" PAST DUE '' charge. Over the phone Chase said they would dismiss the {$37.00} late fee received on the XX/XX/2019 Bill. I paid  my minimum in full of {$150.00} on XX/XX/2019. 

XX/XX/2019 - Chase Credit Card bill received in mail was for XXXX with payment due date of XXXX XXXX. Once again including a late fee of {$37.00}. 

XX/XX/2019 - Email received from Chase Credit Card via XXXX that bill received on XX/XX/2019 with a payment Due date of XX/XX/2019 was at least 16 days past due as of XX/XX/2019. I also received phone calls from XXXX urging me to make the "" Overdue '' payment. 

Statements are not correct. Statements don't reflect proper payments made. Unnecessary "" Past Due '' charges. Claims that my payments are late when they are not."
3852,Bank account or service,"I am again disputing the accuracy of these accounts because I was a victim of identity theft and fraud.I previously provided an Identity Theft Report, police report, and supporting documentation showing this account resulted from fraud. Despite this, the account continues to be reported as verified. Under the Fair Credit Reporting Act, you are required to conduct a reasonable investigation and block fraudulent information resulting from identity theft. Simply responding that the information was verified is insufficient when identity theft documentation has been provided. Please provide : * The method of verification used * The name and contact information of the party who verified the account * Copies of any documents bearing my signature * Any application, contract, IP logs, payment history, or records used to verify this account If you can not provide competent evidence that I authorized this account, it must be deleted immediately from all credit reporting agencies. Failure to comply may result in complaints filed with the Consumer Financial Protection Bureau, Federal Trade Commission, State Attorney General, and potential legal action for FCRA violations."
3853,Mortgage,"My tax bill for my home was due XX/XX/XXXX Lakeview has not paid the bill and has an excuse every time I call. They tell me it will get paid, I have been calling since XXXX when I noticed it wasnt paid. I went and obtained another copy of the bill for them. My escrow has thousands of extra dollars in it because they have not paid the bill. I have called weekly about this issue an no resolution."
3854,Consumer loan,"Approximately XXXX got a vehicle through Prestige Financial Services originally living in the state of Kansas. Hardship occurred. As Clients myself and husband tried selling the property and working out a deal but no resolution. Vehicle was repossessed and although I was not the primary on this account. This company has tried calling different employers of mines and my husbands impersonating HR Personnel, Maintenance Staff, & Insurance Agents, trying to obtain information. Reporting inaccuracies to the credit bureaus and at this point harassing us for an old debt, that I would think is in statute of limitations at this point since debt originally occurred in Kansas and over 7 years old. They continue to have their representatives call leaving aggressive messages on my voicemail."
3855,Mortgage,"On or about XX/XX/XXXX, I recognized that New Rez paid another home owner insurance company without my knowledge, then applied it to my escrow. Making a XXXX negative escrow account. Unpon further investigation, I found out that I have been paying two ( 2 ) home owners insurance for almost a year. New Rez then charged me a premium stating that I did not have home owner insurance for two ( 2 ) months in the beginning of the year 2024 stating that I had no insurnace on file while scolding me for not telling them of the changes when I have made no verbal or written changes.

Without any formal communication New Rez paid another insurance company without any formal notification and refuses to rectif.ty their error and address the overage"
3856,Credit card,"In XX/XX/2021 I spoke with numerous representatives w/ Navy Federal Credit Union in regards to a credit account. I was seeking the debt validation letter from the company. They told me they did not have that, i proceeded to ask for the original instrument of indebtedness and the young lady expressed to me that they didn't have it because the alleged "" contract '' was done electronically. I since have not spoken to them but they have continued to harass and use abusive practices against me through interstate commerce in regards to a debt that has not been validated. I have attached documents to show evidence of these claims, i also enclosed in those documents a debt validation letter to assure the company gets it."
3857,Debt collection,On XX/XX/19 a representative from Credit XXXX Solutions called my phone trying to reach my husband pertaining to a debt for XXXX XXXX. When I advised the rep that I had no idea when we could take care of the debt she proceeded to ask me about my tax return. It was at this time I informed her our tax return is going to a down payment for a new home. It was at that point she said well I'd hate to see this from stopping you from buying a new home and if this is reporting it will ... That is when I proceeded to inform her that was threatening language according to the FDCPA and terminated call ... She informed me all calls are recorded so there is record of the call.
3858,Credit card,"A few months ago, Citibank changed their web site. I have a Citi checking account and 2 Citi credit cards. Previously when you view your Card details and click on the Make a Payment button, it displayed the Citi checking account and the user could easily make a payment. You could still set up additional payment accounts. Currently it directs you to a payment setup page that allows selecting a bank ( Citi itself isn't listed on the default page ) or manually entering account details. It no longer provides your existing Citi accounts. You could search and find Citibank among the supported banks. However, the web site is malfunctioning. 

On XX/XX/2020 I attempted to make a payment from my Citi checking account to one of my credit cards. After entering my Citi credentials, it not only wasn't pulling up the Citi account but was also logging me off from the Citi web site completely. I tried a few times, with different browsers and had the same result. Finally I entered my routing and account numbers manually and processed a payment. I was not notified of any problem at that time or during the following week. On XX/XX/2020 I checked my account and noticed a Returned Check fee of {$29.00} and after reviewing my transactions I realized the payment did not go through. I had the same issues processing a payment but was able to use the Transfer option ( which is not at all intuitive or prominent ) to successfully pay my card. 

In addition to the {$29.00} late fee, Citi also charged me interest of {$6.00} and then {$8.00} next month, both of which as a result of the failed payment. I called Citi and they refused to refund either the late fee or the interest charges. 

This leaves me with the impression that Citi intentionally made their web site more difficult to use in order to generate additional revenue from fees."
3859,Credit reporting,"I am writing to formally file a complaint regarding several collection accounts that have appeared on my credit report, which I suspect may be a result of identity theft. Despite my efforts to address this issue with the credit reporting agencies and the involved creditors, the matter remains unresolved. 

Upon reviewing my credit report, I noticed the presence of multiple collection accounts that I have no knowledge of and have never initiated. These suspicious accounts include XXXX XXXX XXXX XXXX XXXX XXXX, and XXXX XXXX XXXX I kindly request that the Consumer Financial Protection Bureau investigate this matter urgently and collaborate with the credit reporting agencies and the involved creditors to address the fraudulent collection accounts on my credit report. Furthermore, I seek your assistance in expediting the removal of these unauthorized entries that are negatively impacting my credit profile."
3860,Money transfer or service,"A buyer contacted a seller requesting to buy the item and pay using Zelle. They asked for my email address to send the payment. But the buyer did not send payment. 

Instead, the buyer sent a fake email to me that appeared to be from Zelle. The email alleged that the buyer paid using a Zelle business account and that I must also upgrade to a Zelle business account to receive payment for a fee of a few hundred dollars. 

The buyer then contacted me directly, claiming that they received the same email from Zelle and then sent me enough money to cover the purchase and the upgrade fee. Then they asked to be reimbursed for the upgrade fee. They provided fake screen captures and documentation as proof of payment to get me to send the refund and explained that my funds would be pending and thats why i wouldnt get a receipt of payment."
3861,Credit card,"This was not sent is error i am a consumer by law and my information as misused and now i have some flase not 100 % accurate accounts on my credit report. Unauthorized use of my credit report. 
EQUIFAX and the account name is XXXX  balance {$0.00} account # XXXX 30 days in XXXX XXXX XXXX XXXX XXXX XXXX XXXX XXXX XXXX XXXX XXXX XXXX, and XX/XX/2020."
3862,Bank account or service,"I am filing a complaint with the CFPB regarding Capital Ones failure to deposit my direct deposit from my employer and any other incoming deposits. Capital One has cited technical issues, which may violate the Electronic Funds Transfer Act ( EFTA ) as it requires timely access to funds. This situation raises concerns about consumer protection laws, and I request assistance in investigating this matter to ensure my rights are upheld.

Thank you"
3863,Money transfer or service,Starting XXXX weeks ago my account has been locked up with cash app. I've sent pics I'd. This issue been going on for going on XXXX weeks. Cash app has all my information and still won't unlock my account. I've provided you everything I provided cash app.i want my account unlocked to release my funds. I have a sick daughter and I can't get the money
3864,Debt collection,"This letter serves as a follow-up to my previous complaint submitted last month regarding a fraudulent account that has been incorrectly reported on my credit file. I am reaching out once again to formally request your assistance in filing a complaint against XXXX for their continued failure to address this matter appropriately. 

Account in Question : Creditor : XXXX ( Original Creditor : XXXX XXXX XXXX XXXX ) Account Number : XXXXXXXX XXXX XXXX  Balance : : {$11000.00} I have strong reason to believe that this account was opened fraudulently using my personal information. I did not open, authorize, or consent to the creation of this account, and its presence on my credit report is both erroneous and harmful. 

Despite several attempts to resolve this matter directly with XXXX s, they have failed to investigate or take corrective action. I have disputed this account multiple times, yet it continues to remain on my credit report, causing unjustified damage to my credit standing."
3865,Credit reporting,"I disputed on my second mortgage with Experian on XXXX which was included in a chapter XXXX bankruptcy in XXXX of XXXX. I have noticed that XXXX has been reporting in the Recent Balance XXXX $ and a current date of XXXX. I also noticed on other credit reports such as the XXXX in XXXX that it was being reported as Date of Major Delinquency First Reported and put the date of XXXX. I did not re-affirm this loan in the bankruptcy. My understanding is that from what I am reading that "" After bankruptcy mortgage payments-current or late-do n't show on your credit. My results from Experian is that is will remain. My 1st mortgage with wells fargo under Recent balance shows the correct date of XXXX which is what it should say on safe credit union. XXXX informed me that they can not report any payments on the credit file. So why is XXXX XXXX XXXX reporting it. I would like to have it fixed. I have attatched screen shots of the reports."
3866,Credit reporting,"In accordance with the Fair Credit Reporting act. The List of accounts below has violated my federally protected consumer rights to privacy and confidentiality under 15 USC 1681. 

Account Name : XXXX Account Number : XXXX Account Name : XXXX  Account Number : XXXX Account Name : XXXX  Account Number : XXXX Account Name : XXXX XXXX Account Number : XXXX Account Name : XXXX XXXX  XXXX Account Number : XXXX Account Name : XXXX Account Number : XXXX Account Name : XXXX  XXXX Account Number : XXXX and list of Inquiries. 

15 U.S.C 1681 section 602 A. States I have the right to privacy.

15 U.S.C 1681 Section 604 A Section 2 : It also states a consumer reporting agency can not furnish a account without my written instructions 15 U.S.C 1681c. ( a ) ( 5 ) Section States : no consumer reporting agency may make any consumer report containing any of the following items of information Any other adverse item of information, other than records of convictions of crimes which antedates the report by more than XXXX years. 

15 U.S.C. 1681s-2 ( A ) ( 1 ) A person shall not furnish any information relating to a consumer to any consumer reporting agency if the person knows or has reasonable cause to believe that the information is inaccurate."
3867,Debt collection,Halstead Financial Services has been calling me on and off for 2 years trying to collect a medical debt from a hospital i have never been to. When I request a bill they say they have sent bills and I have not responded. They state they will list me as a refusal and hang up on me.
3868,Mortgage,"We had a company. My wife over saw the office, she was diagnosed having XXXX. that was about 20 years ago. My wife is on XXXX.. I was out in the field. We sold after 40 years not by choice. I XXXX  my XXXX  in 1997 XXXX took about 3 years to get on my feet. Now im on XXXX. My mortgage was XXXX  XXXX  then sold to XXXX XXXX who just sold to Shell point MTG. 
I have as of today not received any notification that I was getting a new mortgage company, final notes about the account. 
All of s sudden I have the new company, No notification nothing. So in the transition i seem to have lost a payment or so now my account seems non retrievable. My main reason for getting behind was i XXXX  my XXXX  then XXXX  my XXXX  XXXX  completely. XXXX, XXXX, XXXX this year i had 2 major XXXX  which left me XXXX XXXX.. Im trying on my end slowly but im not in fighting node to dig thru piles to locate payments. 
I know what my conversation was with XXXX XXXXXXXX when i made my last payments. 
I dont know my account number with the new company Please help XXXX XXXX"
3869,Credit reporting,"I am writing to formally dispute and demand the immediate removal of the following unauthorized hard inquiries from my credit report in accordance with the Fair Credit Reporting Act ( FCRA ) 15 U.S.C. 1681b and the Fair Debt Collection Practices Act ( FDCPA ). I did not authorize these inquiries, and under the law, a company must have permissible purpose before accessing my credit file.

The unauthorized inquiries in question are as follows : XXXX XXXX XXXX XXXX XXXX XXXX XXXX XXXX XXXX XXXX XXXX XXXX XXXX XXXX XXXX XXXX XXXX XXXX XXXX XXXX XXXX XXXX XXXX XXXX XXXX XXXX XXXX XXXX XXXX XXXX XXXX XXXX XXXX XXXX XXXX XXXX XXXX XXXX XXXX XXXX XXXX Under 15 U.S.C. 1681b, a credit reporting agency is only permitted to provide my consumer report under specific circumstances, including a legitimate business transaction that I have initiated. Since I have not authorized these inquiries, they are in violation of federal law and must be removed immediately."
3870,Credit card,"I had XXXX fradulent charges on my XXXX credit card ( managed Wells fargo ) for {$380.00} on XX/XX/year>. While these charges were still pending I called XXXX and notified them. They close the card and I filed for fraudulent charges. 

They rejected the claim stating that this was from XXXX, a company that I have auto pay monthly for my phone bills and since I regularly work with them, it can't be fradulent. 

I appealed, I included a statement ( via online chat with XXXX XXXX customer service that they did not request these payments ) and a police report ( incident # XXXX from XXXX police dept. ) And they still rejected my appeal twice over. 

After the first rejection, they refunded 1 payment but expect me to pay for the other charge. After appealing 3 times and getting rejections, I seriously find their decision making very poor and come to you to file a complaint and hopefully force them to take proper action with my claim."
3871,Credit reporting,"Hello and good day, please read this complaint carefully as this is very concerning. There are credit inquiries on my report that I don't recognize which seems to have been done online as I don't ever remember applying to these companies, they have accessed my credit report without my knowledge and permission to do so. I did not authorized these and are fraudulent, this is causing me unnecessary XXXX  and XXXX."
3872,Consumer loan,"As theyve had trouble doing the Covid error I was behind on my car loan and I called them to set up a payment arrangement that I would not be penalise for and they stated to me that as long as I stayed under the payment arrangement they would report to the Credit bureaus positive results Upon checking my report. The dates they set up for payment arrangement did not go with my due date and I have XXXX late payments even though I was making the scheduled payments online they said it was nothingthat they could do. I have XXXX more car payment this month and the car will be paid off, but theyre still reporting late payments every month which is hurting my Credit."
3873,Money transfer or service,"XX/XX/XXXX  paypal funds a loan for {$8000.00} at 30 % repa y Paypal b alance was {$19000.00} XX/XX/XXXX  Paypal deactivates my account/debit card and ability to process transactions without notice.  <P/>  XXXX   XXXX   Paypal reactivates my account.   <P/>  XXXX   XXXX   Paypal s ets a {$10000.00} + 18 % reserve on my account. Seizing {$10000.00} indefinitely and applying 18 % of sales to a 90 day rolling reserve. Taking a collective 3 % transaction fee, 18 % rolling reserve fee + 30 % loan fee = 51 % of gross + {$10000.00}  XX/XX/XXXX   Paypal denies my claim to speak with a representative about revie wing my case for a minimum of 90 days.  <P/> I liquidated inventory to cover expenses I had fallen behind on from a slow   XXXX   sales year."
3874,Credit reporting,"In accordance with the Fair Credit Reporting act fair credit reporting act 12USC 1681, Account # XXXX XXXX days late I have submitted letter from Mortgage Company never late, still will not report accurate. 

I have called, submitted online and certified mailed letter from XXXX mortgage showing proof that my account has never been late and should be reporting accordingly. 

15 U.S.C 1681 section 602 A. States I have the right to privacy. 15 U.S.C 1681 Section 604 A Section XXXX : It also states a consumer reporting agency can not furnish an account without my written instructions. Also according to 15 USC 6802. No financial institution is not supposed to share my information to third party people"
3875,Money transfer or service,"On or about XX/XX/2023 I initiated a money transfer in the amount of {$240.00} from my PayPal account to my XXXXXXXX XXXX  checking account, upon checking my bank account the funds never appeared! I contacted XXXX XXXX immediately and I learned that this particular account had been closed due to inactivity as I was unaware and XXXXXXXX XXXX never notified me electronically that account had been closed, of course if I had been made aware I certainly would not have sent funds to this particular account! So when speaking to bank representative she said funds would be rejected and sent back to PayPal I waited for about 72 hours before contacting PayPal as it was XXXX of XXXX that Tuesday and process would take longer due to holiday! When I finally was able to speak with PayPal money had not arrived back to them and I explained the situation to them that bank account had been closed without my knowledge and they said they would open up a case and do a trace to see and try and locate money. A few days passed and PayPal got back with me and according to their investigation XXXX XXXX had received funds, I contacted XXXX once again made them aware of what PayPal had said so the bank representative did a deep dive more or less to no avail on the whereabouts of the money! I then did a 3 way call with both regions and PayPal so that representatives could speak on phone as I was present and try and figure out the situation both pretty much blamed one another as PayPal had not received funds back and PayPal told regions representative that after their investigation the money had been accepted! In subsequent days and weeks I did two more 3 way calls with XXXX  and PayPal and still had zero answers as to where money was!"
3876,Credit reporting,"I am filing this complaint because XXXX XXXX XXXX is reporting a collection account related to XXXX with account number XXXX I never signed any contract or gave consent to XXXX XXXX XXXX to collect or report this debt. I previously requested the removal of this account from my credit report, but Experian responded that the account had been verified without providing valid documentation or proof of any relationship between me and XXXX XXXX XXXX. 

This is a violation of the Fair Credit Reporting Act ( FCRA ) Section 623, which requires accurate and verifiable information on my credit report. Since there is no valid contract or legal documentation to support this account, I am requesting the immediate removal of this account.

I have attached : A copy of the FTC Identity Theft Report generated on XX/XX/year>. 
A copy of my credit report showing the incorrect information. 
A copy of the dispute letter sent to Experian regarding this issue. 

If this account is not removed immediately, I am prepared to take legal action to protect my rights under the FCRA."
3877,Mortgage,"They took my principle only payment of {$2600.00} and split it into a normal payment of {$1200.00} and a principle only payment of {$1200.00} XXXX XXXX doesn't even add up to what I paid ) and took my regular month payment of {$1300.00} and applied it to XXXX. {$1200.00} is less than my regular payment of {$1300.00} and I have no idea how they randomly calculated {$1200.00}. Customer service was not helpful since they had to give it to another department and that department does not speak to the customer causing me to have to explain the situation over and over again after hours on hold, in total, to an intermediary."
3878,Bank account or service,"On XX/XX/XXXX, I deposited XXXX checks from freelance work. Unfortunately, the bank identified some issues with them. I had other available funds in my account besides the checks, yet the bank placed a hold on all my funds. 

I repeatedly asked customer service why this was happening, when the other funds would be available, and what I could do, but I kept receiving conflicting answers. In fact, a couple of representatives assured me that the hold would be released on XX/XX/XXXX ( attached is proof of this ). However, on the XXXX, they changed the release date to XX/XX/XXXX, and now they are saying XX/XX/XXXX. 

They provided me with a phone number for more information and stated that I should have access to my non-check funds, but no one seems to know how to remove the hold and what is actually happening. I relied on their assurance that the funds would be available on the XXXX and planned accordingly, but now I am late on my basic bill payments. 

I also filed an official complaint with the bank regarding this issue, but it was unsuccessful."
3879,Bank account or service,"I deposited a check into Citibank to open an account from my. I waited the 10 business days to get my ATM debit card once I got it I was working out of state in XXXX Massachusetts. ( XX/XX/23 ) I have my card on my XXXX XXXX over there. While my partner was using my physical card in XXXX XXXX XXXXXXXX where I live, I would get the fraud detection alert and clear it up with Citibank after every purchase or so but I recognize that it was purchases from two different places so that could cause the fraud alert. I got back to nyc XX/XX/23 and the next day the XXXX we went on a shopping spree however with every purchase Citibank would detect fraud and put a hold on my account. I would call and clear it up. On the XXXX the same process would repeat with me calling citi bank to unlock my account. I even tried withdrawal from the Citibank atm itself and that also set off a fraud alert and locked my account. Now XXXX  ( XX/XX/23 ) I withdrew {$1000.00} and ordered an XXXX and the fraud detection alert went off again however this time i called to get it removed but they said they could not verify my identity due to my phone number and would not give me any other explanation than their third party verification system would not allow me to use my phone number and there is no other option. They sent a letter that will arrive in 5-7 business days. I can not wait that long because I have a trip to XXXX XX/XX/XXXX meaning if I wait I would have to cancel my trip. I truly believe I am being discriminated against because of my race and living area. I do not believe every other customer at Citibank goes through this type of scrutiny when accessing their funds."
3880,Credit card,"XXXX XXXX offer a reward program that if you make 6 consecutive payments on time you decide your reward, A decrease APR or increased credit line, so i made my 6th on time payment and I did not get to choose my reward, they gave me a decreased APR and i called them on XX/XX/2023, around XXXX and their stating that my credit rating doesnt qualified for increased credit line, and it does not state that on the rewards page, but i also was making {$50.00} payments instead of the minimum {$25.00} and i would like to have my credit line increased, because it states i get to choose its my way and i feel their taking advantage of people, cause they only drop XXXX XXXX"
3881,Credit reporting,"Following the Fair Credit Reporting Act, the list of unauthorized inquiries below has violated my federally protected consumer rights to privacy and confidentiality under 15 USC 1681, the unauthorized inquiries below have violated my rights. 15 U.S.C 1681 section 602A. States I have the right to privacy. 15 U.S.C 1681 Section 604 A Section 2 : A consumer reporting agency can not furnish an account without my written instructions. 15 U.S.C1681c. ( a ) ( 5 ) Section States : no consumer reporting agency may make any consumer report containing any of the following items of information Any other adverse item of information, other than records of convictions of crimes which antedates the report by more than seven years. 15 U.S.C 1681s-2 ( A ) ( a ) A person shall not furnish any information relating to a consumer to any consumer reporting agency if the person knows or has reasonable cause to believe that the information is inaccurate. Please delete the unauthorized inquiries listed below : XXXX XXXX : XXXX XXXX, Date of inquiry : XX/XX/XXXX, Experian. 
Creditor Name : XXXX XXXX XXXX, Date of inquiry : XX/XX/XXXX, Experian. Creditor Name : XXXX XXXX XXXX, Date of inquiry : XX/XX/XXXX, Experian. 
Creditor Name : XXXX XXXX XXXXXXXX, Date of inquiry : XX/XX/XXXX, Experian."
3882,Debt collection,"1. ) My account indicates that my payments will increase, even though I have made payments on time for the past 7 years. My payment amounts increased from {$220.00} to {$680.00} for no reason. They have no right or reason to keep raising payments.
2. ) My account indicates that I have been only paying on interest and not on the principal of my loans. Over the course of 7 years, on some accounts, it appears that I have not made any progress in paying off accounts at all.
3. ) My account indicates that in 2012 a number of "" disbursements '' were made on my behalf. I was not a student and did not receive any of these disbursements, one amounted to {$27000.00}. This significantly increased my balance.
4. ) The Navient loan company was recently sued for harming student borrowers though the repayment process. They are cause me a lot of harm."
3883,Credit reporting,"On XX/XX/2025, I submitted a complete identity theft report and signed affidavit to Equifax, along with all required identifying documentation and a copy of the data breach notice from the United States XXXX XXXX, dated XX/XX/XXXX, XXXX breach which led to the compromise of my personal data and is the basis for my identity theft claim. 

I included details for each account on my credit report that did not belong to me, as required by FCRA XXXX XXXX. The complete package was sent via certified mail and delivered on XX/XX/XXXX, XXXX have the certified mail tracking number and the green return receipt card as proof of delivery. 

As of today, XX/XX/2025, I have not received any confirmation, response, or resolution from Equifax. It has been nearly XXXX months without action or communication, despite the FCRA 's XXXX requirement to block fraudulent information once proper documentation is received. 

This failure to comply with the Fair Credit Reporting Act ( FCRA XXXX ) has caused significant harm to me, including the continued presence of fraudulent accounts on my credit report, the denial of legitimate credit applications, and emotional distress resulting from this ongoing issue. 

I respectfully request that the CFPB investigate this matter and ensure that Equifax complies with their legal obligations to block the fraudulent information and provide confirmation of action taken."
3884,Consumer loan,I got a small no interest loan for a certain term that Im not sure of from Wells Fargo.The loan was for around {$9000.00}. I was paying it it off in large chunks and assumed they would warn me when the no interest period was about end but they did not. When I had paid the loan down to {$3000.00} they added {$6700.00} in interest. This is definitely fraud and predatory lending in my opinion. If I knew that would happen on that date I would have paid off the {$3000.00}.
3885,Mortgage,"I have a loan that has been sold to XXXX XXXX and the servicing records are not correct. I have repeatedly reached out to the original servicer and new servicer, but they have not corrected this nor provided any conclusion. Basically, the file transferred did not reflect my XXXX payment, which was made on XX/XX/2021. I have received statements from the original servicer reflecting the payment and provided statements reflecting this to the new servicer. I am also without these funds, as they were withdrawn via XXXX through a file originated on behalf of the original servicer. 

My loan was formerly sub-serviced by The XXXX XXXX XXXX ( XXXX # XXXX ). The servicing was transferred to Specialized Loan Serving ( XXXX # XXXX ). 

I have reached out Specialized Loan Serving via email on the following dates, providing them detailed support : XX/XX/2021 XX/XX/2021 Additionally, I have reached via phone to Specialized Loan Servicing on multiple occasions and they have recordings and details of all of these calls. Lastly, I've reached out to The XXXX XXXX to no avail. For this reason, I'm reaching out to the CFPB. 

My loan is now appearing as past due and Specialized Loan Servicing ( XXXX # XXXXXXXX ) is subjecting me to collection calls and correspondence, which is inappropriate given the fact that I have reached out to them on numerous occasions, as I am not past due - they just have bad records. 

I hope the CFPB can direct my complaint to the companies, XXXX XXXX and/or the appropriate regulatory authority to help address this simple, but personally significant error."
3886,Credit reporting,TO WHOM IT MAY Concern i am asking for immediate correction or deletion of the inaccurately reported Navy federal credit union ( Navy FCU ) account appearing on my TransUnion credit report Account number:XXXX this account contains multiple errors an impossible future status date XXXX is listed the balance exceeds the credit limit which is inaccurate reporting the dispute comment dispute resolved customer disagrees appears without providing proof of a reasonable reinvestigation as required under FCRA SECTION 611 ( 15U.S.C. 1681i ) these errors are clear violations of FCRA SECTION 607 ( b ) duty to ensure maximum accuracy FCRA Section623 ( a ) ( 1 ) ( A ) -Prohibition against knowingly reporting inaccurate information delivery of complete reinvestigation results and all documents supporting this reporting. failure to act will result informal complaints being filed with the federal trade commission ftc state attorney general and consideration of civil legal action under FCRA FUTHERMORE ITS ALSO REPORTING DIFFERENT BALANCES WITH EACH CREDIT BUREAU
3887,Bank account or service,"On XX/XX/2019, I wrote to Capital One, requesting closure of my 360 account, which I no longer use. I received no response, and my account remained open. So I sent Capital One an electronic message through its online messaging function. Still no reply, and my account remained open. So I faxed Capital One at the customer service fax number displayed on its website : XXXX. 

My account remains open against my wishes and specific instructions. This appears an attempt to continue counting me as a banking customer and extracting fees against my wishes. I anticipate getting hit with account maintenance fees for lack of maintaining a minimum balance or direct deposit. Contacting the CFPB and law enforcement is my last resort to get Capital One 's attention on my requested account closure."
3888,Mortgage,"XX/XX/scrub>XXXX XXXX XXXX My mortgage loan was transferred to Mr. Cooper from XXXX XXXX Mortgage company in XX/XX/XXXX My mortgage loan will be paid off in XX/XX/XXXX after being finance for only XXXX years. I have a credit score of XXXX which means I pay my bills. 
I did not receive any paperwork from Mr. Cooper intil XX/XX/XXXX about my loan being transferred. I called the nuber I was given to see if the Auto_Pay would still be in effect on XXXX of each month. The person I talked with stated she could not see my loan on her end because it had not fully process with Mr. Cooper. I also ask if I could make apayment since my loan was paid on the XXXX of each month. She told me she could not take a payment also. So, not knwing anything, I mailed a checked on XX/XX/XXXX for my mortgage payment. Then on XX/XX/XXXX, an auto-pay of {$1500.00} was taken out. I called onXX/XX/XXXX and was told my check has also posted. 
I asked could my check be returned since Mr. Cooper had alread received a payment. I was told that my money could not be returned until the check cleared my bank. I told the reprensentative that I could not afford to make two payments. I needed the almost {$1600.00} to pay my other bills for the month. She told me if I put a stop payment on the check, I would be charged a fee of {$15.00}. I told do you not understand, I need that money to pay the rest of my bills. I tried to find out if the Auto-Pay was in place and noone could tell me. She stated you want have to make another payment until XXXX. She did not understand I could not afford to make two payments of almost {$3200.00} in one month. 
So, after taking with her, I called XXXX XXXX and put a Stop Payment on that check. I was able to pay my utilities and buy food for the rest of the month. Mr. Cooper charge me a {$15.00} fee. I sent a copy of a letter that no fees would be chaged until after 60 days when it came to transferring your loan."
3889,Credit reporting,"According to the Fair Credit Reporting Act this creditor has violated my rights under 15 USC 1681 ( 2 ) states "" I have a right to privacy. '' 15 USC 1681 section 604 a section ( 2 ) states. '' In general, subject to subsection ( c ) any consumer reporting agency may furnish a consumer report under the following circumstances and no other : in accordance with the written instructions of the consumer to whom it relates. '' XXXX XXXX XXXX, XXXX XXXX these financial institutions and the consumer reporting agencies XXXX, XXXX, and Transunion do not have my consent to furnish this information and they surely do not have my written consent. ANY and all consent to XXXX XXXX XXXX, XXXX XXXX, XXXX, XXXX, TRANSUNION whether it be verbal, non-verbal, written, implied is revoked. Under 15 USC 1666 ( b ) A creditor may not treat a late payment on a credit card account under an open end consumer credit plan as late for any purpose."
3890,Credit card,"American Express, with whom I've been a customer for more than ten years, will not stop sending me nuisance emails about my card balance. According to the website, the customer can opt in, or opt out of emails which alert the customer when the balance is "" nearing the limit. '' Unfortunately, AMEX sends these emails at every transaction starting when the balance is not even really close to the limit. 

But here is where things turn worse : a customer representative incorrectly and perhaps dishonestly said that AMEX is required by law to send these emails. No such law exists, and no such law was ever applied to me in the past ten years by AMEX. This is a new technical quirk for which AMEX refuses to take responsibility. 

And it gets worse : the email which AMEX sends carries a feedback link to respond to the company. That link is permanently broken. Also bad, AMEX generates these emails citing balances and charges that are entirely incorrect. A recent email alerted me to the problem that I was over my limit. I was never once over my limit, not even for 5 minutes. But you can see how these emails, given their frequency, can become alarming. 

The AMEX interface online makes it clear these emails can be turned off. But turning them off does not turn them off. They are unwanted, unnecessary communications and I want them to stop. I also want AMEX to not lie outright to me, citing legalese that does not exist. To be honest, I suspect that AMEX does this because I currently enjoy a 0.00 % promotional interest rate, and penalizing me with multiple emails starting when my balance is only 65-70 % of my credit limit is a way to suppress spending, or, to induce me to not carry a balance."
3891,Credit card,account is closed & i am being charged too much for monthly fees & credit protection fees my credit limit was {$700.00} about XXXX years ago my account was closed about a year ago my balance is still {$650.00} & i haven't missed no payments my account number is XXXX destiny card or concord credit
3892,Credit card,This is in regards to XXXX XXXX XXXX  and they're XXXX card I was told that they needed a copy of my driver license or some form of government ID and Social Security card and they were kind of unclear about the other item was something that would be mailed to my residence so I went into a local bank and I gave them my driver license social security card a copy of my health insurance with XXXX XXXX that I've had for going on three years now and my XXXX cell phone bill thinking that that would be acceptable and then this morning I got a call kind of early on a Saturday morning at XXXX and rather than the guy telling me what he could except he just kept talking in terms of a setback and tell me what he could not accept and finally after
3893,Credit reporting,"Equifax mishandled my personal information including name, social security number, address, birthdate, driver 's license number, and possibly more. They allowed a data breach to occur in XXXX XXXX, and they confirmed I could be affected on their website, www.equifaxsecurity2017.com. 

They have put myself and millions of others at risk of identity theft/fraud due to negligent security protocols in handling consumer information. They are further attempting to capitalize on the situation by signing injured parties THEY are responsible for up for "" trial periods '' of their ID protection services. They are simultaneously defrauding these injured parties with hidden terms of service that waive their right to sue the company in what is clearly a situation of criminal negligence/fraudulent behavior as indicated by the three Equifax executives who dumped stock immediately prior to the data breach announcement."
3894,Money transfer or service,"I sent 2 payments XX/XX/19 ( {$180.00} ) and XX/XX/19 XXXX {$740.00} ) via Bank of America XXXX to a phone number but it was incorrect by one digit. I contacted Bank of America as I discovered the person I meant to send the money to never did and made a claim with Bank of America. 

They contacted the party who received the money incorrectly ( who is also a Bank of America client ) and they are refusing to refund the money that was incorrectly transferred to them. My bank says they cant credit his account or do anything for me."
3895,Consumer loan,"Applied for new loan XX/XX/XXXX with very new permanent address for borrower and cosigner. Had to send verification of address and identity. They rejected serveral documents that were on their list. Made a call to them on XX/XX/XXXX to resolve and felt like we were on the right track. Got another email saying action was still needed and called again Sunday XX/XX/XXXX. During that call I accepted my interest rate and accepted my loan. I was informed it was now up to the school for dispersion. Yesterday we received a call that action was needed. At this point we should n't need any action as you can not accept the loan unless all parts are there. Not the case. I had to upload another document and correct the address once again. If the address was different you think they would have mentioned or noticed. While every representative was polite and as helpful as they could be, I am very displeased with discover. It was a long and frustrating process that was unnecessary."
3896,Credit reporting,"On XX/XX/2018, I was notified that a hard inquiry had been placed on my credit report by XXXX. I had not submitted an application or had any contact with XXXX. 

On XX/XX/2018, I notified XXXX that I had not applied for a card and they closed the account and sent me fraud protection materials. 

On XX/XX/2018, I attempted to contact Experian to dispute the inquiry on my report. Experian 's website informed me that I could not submit the dispute online and directed me to call XXXX to submit the dispute by phone. That number reached an automated service that did not provide an option to submit a dispute. Every other number that I could find to contact Experian routed me to the same automated service."
3897,Money transfer or service,"On XX/XX/year>, a fraudulent XXXX transaction was made from my bank account ending in XXXX for {$450.00} and {$200.00}. The payments were sent to XXXX XXXX enrolled as XXXX. I was misled into sending money under false pretenses. This was fraud. 

What I did : I immediately contacted my bank USAA on XX/XX/year> to dispute the charge and filed a Regulation E claim. I also followed up in writing. Despite this, the bank has denied my claim. 

Why I am filing this complaint : Under the Electronic Fund Transfer Act and Regulation E, the bank is required to investigate unauthorized electronic fund transfers and, when applicable, issue provisional credit. I believe the bank has failed to meet these obligations."
3898,Money transfer or service,"XX/XX/2021 - Zelle payment was sent from XXXX XXXX  for {$250.00} and then another for {$350.00}. The payment was made for tickets in which in less than 24 hours, the seller blocked me on XXXX and did not give the tickets... The seller is still active on XXXX. and on XX/XX/2021 I contacted the person by email in which the responder stated that he knows nothing of the incident and would "" find '' out what happened... did not get a response since then. And today, it is XX/XX/2021 in which Zelle and XXXX state that they are unable to do anything about it..."
3899,Bank account or service,"Robinhood has been holding {$120000.00} of my funds for over 34 months. They informed me that it takes up to 120 days from the date my account was closed for them to send a check to my mailing address. However, they refuse to tell me the exact date that the account was officially closed or when the 120-day countdown began. Without that information, I have no way of knowing when I will receive my money. Every time I contact them, they repeat the same message : It takes up to 120 days, without offering any meaningful update or clarification. 

I took out a home equity line of credit to fund this account, and I am currently paying close to {$2000.00} per month in interest. Because of this delay, Ive incurred nearly {$8000.00} in interest charges with no access to my funds. This situation is financially burdensome and unacceptable. I am requesting immediate resolution and a clear answer regarding when my check will be issued."
3900,Money transfer or service,"I am filing a complaint against Cash App ( Block Inc. ) due to inadequate customer service and unfair practices, which violated the Consumer Financial Protection Act ( CFPA ). Specifically, Cash App failed to take timely and effective measures to prevent an address fraud on their platform, leaving my account, vulnerable and unprotected. Furthermore, their dispute and resolution process was unfair and deceptive, as they did not comply with error resolution requirements under the Electronic Fund Transfer Act ( EFTA ) and regulation E. These actions have caused significant inconvenience and financial loss and I am seeking appropriate redress for these violations."
3901,Debt collection,"I got a unsecured loan from one main financial. After a month or so they kept offering newer loans and giving me ways to lower or keep same payment but get more money. Then I got in a financial bind and they offered me a plan that would help and I took it. Used my car for collateral. Needless to say, the interest was so astronomical I would be paying for a car that I already bought and paid for once for less XXXX years prior and it was brand new. Since, i can not do the payment arrangement for the interest is so high I would die before I got it paid for. My car is now worth maybe XXXX and I have to pay XXXX for it."
3902,Bank account or service,"Someone by the name of XXXX XXXX forged his name on my check ( whited out and wrote over it ) that I had mailed out to a modeling agency. This {$3000.00} check was somehow successfully deposited by XXXX XXXX. I went through years of claim XXXX with Chase bank- the customer service people giving me wrong information, wrong numbers, transferring me to other people, and finally being told today that my claim got DENIED and that there would be zero chance of reopening the claim. I even called XXXXXXXX XXXX and all they tell me is that I need to go through my bank. I tried calling and begging Chase bank three more times and all they said was that XXXX XXXX  denied the claim and they can't do anything about it. How does a guy just take an envelope, write his name on it, and gets all the money, no repercussions, no questions asked? How are Chase and XXXX Bank not being responsible about this at all?"
3903,Debt collection,I send several letters to this debtor and they refused to remove the negative mark from credit report and refuse to properly validate that the debt is owe to this agency. The statue of limitation in the state of Florida is 5 years for debt collection they failed to identify themselves with license to collect in the state of Florida and they refuse to provide proof of signature and ownership of the debt. They violated the XXXXederal Credit Right Commisions Act prohibitions.
3904,Debt collection,"The company transworlds systems inc/XXXX has reported derogatory account 3 times on my credit in the same month. I called them and told them they could not report 3 times in one month on my credit, and they said they had no control over it because it was an automated system, which means they know what they are doing is wrong but are blaming it on the a computer program to say its not their fault. Yet the program is controlled by them, which is means they have direct control of when and how many times it reports. I am fine with the one time but they then lied to me saying it wont hurt my credit yet they are reporting 3 times which directly does effect my credit."
3905,Credit card,"Please provide documentation that the account SANTANDER XXXX with a Balance Owed : {$0.00} belongs on my credit report and that my rights have not been abrogated. Otherwise please delete this damaging data immediately. This account is reported in violation of the FDICs Uniform Credit Retail Credit Classification and Account Management Policy. Please provide proof of the last payment. Otherwise, remove the account abruptly."
3906,Debt collection,"On XX/XX/XXXX/2016 was the last activity with original creditor. My vehicle was turned in and set to be auction off. I had the car for almost 2yrs paying XXXX. When I was injured at work and was off with lil income coming in I fell behind. They came and got the vehicle and told me they was auctioning it off to be sold. I have asked for documentations on what was the balance before it was turned in, what was it sold for and has received nothing but calls and letters from Ally and a law firm protaining this matter"
3907,Credit card,"On XX/XX/XXXX, my wife was alerted to a potential fraudulent charge at a grocery store on the other side of town for the amount of {$520.00}. My wife responded to the message that is was indeed a fraudulent charge and I immediately went online and 'froze ' our credit card while we figured out what was going on. While additional attempts were made after I froze the card, it turns out that before the potential fraud alert was triggered, two other charges, {$29.00} and {$310.00}, were processed at the same store. 
I called the credit card company first thing in the morning on XX/XX/XXXX and let them know that those charges were not made by us. 
On XX/XX/XXXX, the credit card company contacted me to let me know that i would be liable for charges because "" the charges were made with an EMV chip and that can't be faked. '' I appealed the decision saying that it must have been on a stolen card that we were not aware of. 
On XX/XX/XXXX, the credit card company let me know that my appeal was denied. 
I filed a police report on XX/XX/XXXX in order to get photographic evidence from the store that the charges were not made by my household but don't have a lot of hope since it was past what most video retention services are ( 14 days or 30 days ). I am still waiting to hear back from the police deputy. 
Though there was already an investigation pending into the matter I officially notified the credit card company in writing per the Cardmember Agreement and stipulations of the Fair Credit Billing Act ( FCBA ). This letter was delivered via Certified Mail on XX/XX/XXXX."
3908,Debt collection,"Conns Home Plus collections calls my wife and I everyday twice daily or more on Sundays and Saturdays and Holidays.I have requested of them not call my home because of my wife is sickly and not call while I am at work. I asked them to call me after XXXX. I have explained to them that I am only two weeks past due and please stop harassing us I told them how my Job shut down for two week and I had to file Unemployment for those weeks. and my job called us back to work but that I will be behind. Even when I give them a day that I will make arrangement the pay.They still call and ask for my Credit card number or Post dated check. 

This Company refuses to give me an address or email to file a compliant.This company is the most unreasonable company I have ever dealt with."
3909,Credit reporting,"I am contacting you to inform you that I am a victim of multiple data breaches from XXXX XXXX XXXX XXXX, & the dark web, etc therefore, I would need all of the accounts on my credit report that have been exposed and compromised to be blocked and permanently deleted pursuant to 15 USC 1681c-2 ( a ) within 4 Business Days"
3910,Debt collection,"XXXX XXXX XXXX XXXX XXXX has threatened a lawsuit for an alleged debt passed the statute of limitations, for the second time. The first time was a garnishment of an account I did not have. Now they want payment withing 14 days or they will file a lawsuit."
3911,Mortgage,"my mortgage was sold about 4 years ago lost count of how many times my mortgage was transferred the last one. we had a problem when sandy hurricane got to new york. we had no electricity or place to stay or work for 4 months at that time. the mortgage was not paid the company sens us payment schedule .start from the XXXX of that month. 
we paid the behind sum in 4 months. 
the problem was that they insist on paying the mortgage on the XXXX XXXX and it was impossible the mortgage was sold to shell point, we explained the situation .they had non of it during the last 2 years we accumulate penalty on the payment again we paid the mortgage on time never late just at the end that month after the corona time we had to pay 10 payment in 1 shot or sell the house .they did not want to help, so we did we paid it XXXX $ they want our flash with the penalty that we have no intention to pay please help us. we leave here 35 years we over XXXX years old thanks XXXX XXXX"
3912,Credit reporting,"I acquired my credit report and asked the credit bureaus to check and sure everything was complete and accurate according to 15 USC 1681i ( 5 ) I waited 30 days and received my investigation and noticed everything was still the same. The consumer reporting agencies which is equifax, XXXX, and XXXX did not modify or removed anything. The date open is not correct, date last active is not correct on all three credit reports, date of the last payment is not correct on three credit reports.which is a violation. This is impacting me from moving forward to buying a house for my family.I attached my previous credit report and my new credit report to show how Equifax violated my rights."
3913,Bank account or service,"My direct deposit was placed into an unknown account, that my name, to my knowledge not attached to. 
All statements went to a different address that I was unable to obtain. 
I requested information of my ACH deposits, however, XXXX XXXX does not allow you to speak with their ACH department. 
After long hold times, I am hung up on by representatives and have attempted to reach the employer to learn the banking information and they also refuse to assist. 
All my money for employment was placed into an account and I am unable to obtain it. 
I have also attempted to get in touch with anyone who is anyone in the XXXX company and they are at the mercy of the employer who also refuses to provide the information on the account my payroll was deposited in."
3914,Debt collection,"I do not recognize the aforementioned accounts, collections, or hard inquiries as reported. The aforementioned accounts, collections, and hard inquiries appearing on my consumer credit report maintained by you were not opened, made, or initiated by me. All of the aforementioned accounts, collections, and hard inquiries are the result of identity theft and fraud.According to USC 15 1681 I have the right to dispute inaccurate and unverifiable information thats on my credit report. I disputed multiple times with the credit bureaus and its coming back verified without a proper investigation. The company failed to send me any of the information I requested even with my other complaint they never sent verification of debt, the original contract bearing my signature and explanation of the amount and how it was calculated."
3915,Credit reporting,"On XX/XX/2020 Experian XXXX XXXXl sent to consumer via email an admonition due to there data breach and cyber security attack ; cause him to suffer from or experiencing now ( Identity theft/fraud ). Consumer provided a copy of the civil judgment previously reported to third party and other fraudulent activities were made public record on his Experian Credit Report to date. The documents are proof my Confidential and Personal Information was compromised by XXXX employee having committed fraud. As direct result of Experian XXXX XXXX ; Experian XXXX ; Experian Information Systems , Inc ( EIS ) and dba Experian XXXX XXXX ( XXXX ) arbitrary or capricious decision ( s ) to make or having made full disclosure of ( 1 ) erroneous or false reporting of NYCSE accounts about consumer presented an inaccurate image of my credit worthiness that violated or in violation of Section 1036 ( a ) ( 1 ) of the CFPA prohibits unfair, deceptive or abusive acts or practices 12 U.S.C. 5536 ( a ) ( 1 ( b ). Such misrepresentations as described in above paragraph were false and misleading constitute deceptive acts or practices in violation of section 1031 ( a ) ; 1036 ( a ) ( 1 ) ( b ) of the CPA. 125531 ( a ) 5536 ( a ) ( 1 ( b ). As direct result of such false reporting of trade lines, ( fraudulent activities ) violated or in violation of Section 13 ( b ) of the Federal Trade Commission Act ( FTC Act ), 15 U.S.C. 53 ( b ), Standards for Safeguarding Customer Information ( Safeguards Rule ), 16 C.F.R. Part 314, pursuant to Sections 501-504 of the Gramm-Leach- Bliley Act ( GLB Act ), 15 U.S.C. 6801- 6804 and Section 19831985 for injunctive relief, restitution and any other relief having violated FTC Act pursuant to 15 U.S.C. 45 ( a ) and Safeguards Rule 16 C.F.R. Part 314 to date"
3916,Debt collection,"I was checking my credit score and I discovered that I have to credit under the name of "" RS Clark & Associates '' ( see picture attache ). 
I never have been aware or notified about that. 
So I contacted them through their website and they answered with a website called "" XXXX '' and they asked me to call them. Like that they can ask me questions but unfortunately I have hearing issue on the phone so I asked them to ask me their questions in the email and I will be glad to answer. 

No more answer since, but in "" XXXX '' I found one Email address, so I tried again to contact, but still nothing."
3917,Money transfer or service,"I have filed numerous complaints with every available agency requesting that XXXX/Google investigate the fraudulent transactions and wallet account that was made without my knowledge or consent. I am now providing what I have asked Google to provide for the last three years. There is no way Google does not have the information I will be attaching. They have deleted XXXX from the account an now state its on someone else 's account, that was able to take all of my unemployment benefits with no password required as google stated in a prior response. Google also stated that all monies were refunded did they then refund to the account that was tied to mine? I did not receive that money, I would like to see proof that its my account, since all merchants stated I made no purchases. The attached documents are proof this was not my doing. Not including all of the conflicting information that has been on every other complaint. Not one charge am I able to verify or know who made. I am a identity theft victim. The person on the attached documents lives less than a hour away from me and knows were I am at all times due to XXXX XXXX and being linked to the account. Google will not protect me and has not protected my info as it states they do."
3918,Credit card,I am unable to log in to see the charges on my account and they are not able to send me a paper version. I can't confirm if the charges are correct and I have called multiple times. Customer service has had me reset my password and it never works. I am getting charged all these fees even though I have not be allowed into my account. Nobody seems to know how to fix it and i am incredibly frustrated.
3919,Debt collection,I had contacted XXXX about two debts under XXXX that are not mine. They have refused to remove them. I contacted the police and filed a report. I sent the report along with the other remaining documents requested. However the debt is still on my experian account and has not been removed.
3920,Credit card,"I setup my payment a head of time, got a letter date before it was due saying my banking info not working please update. I been on phone from XXXX to almost XXXX off and on still no help, even told me to call my bank who just said as always funds and account fine, suggested ask for someone who inputs payment and get confirmation which after time calls and even tried to contact corporate office said their system not able to process my checking account of ATM master card, no idea why and after all the calls and chats to them, my bank even XXXX  XXXX but it is their store card and process that the issue so more of a run around then helpful. XXXX XXXX XXXX XXXX XXXX  and do not need stress or XXXX  XXXX beat trying to fix something thats not my fault or in my ability to fix as if mail check same info on the check as they inputted or had computer input. Its expensive enough to use credit card without being ding for no payment when its their issue or machine holding issue up out of the blue after months or years of working. I am stressed, tired and confused by this mess please advice. Letter letting me know showed up today payment was to been processed today due tomorrow."
3921,Consumer loan,"I have had a loan with Best Egg for 14 months. Every month I have paid interest between $ XXXX. Suddenly, this month, they are demanding to apply approx. {$XXXX} toward interest and {$XXXX} ( more or less ) toward the balance. When I ask for an explanation or reconsideration I get nothing. I have paid off thousands toward the balance of this loan. My interest should be going down, not up. This company should be held responsible for stealing from their customers."
3922,Debt collection,"I am a co-borrower on an alleged debt currently being collected by Caine & Weiner. The primary borrower filed XXXX XXXX bankruptcy on XX/XX/year>. Despite this, the company has engaged in repeated and aggressive communications directed toward me. These communications include multiple phone calls, text messages, and conduct that I believe constitutes harassment under the Fair Debt Collection Practices Act ( 15 U.S.C. 1692 ). The frequency and nature of the contact is excessive and appears intended to pressure payment through repeated communication. I am requesting that the company : Cease all harassing or excessive telephone contact Limit all communication to written correspondence Provide full validation of the alleged debt I am documenting all communications and will pursue further action if this conduct continues."
3923,Mortgage,"I was sent a letter stating that I was in default, I checked in at the website, it shows my payment not being applied on the day I made it, my conformation no. Is XXXX, I also had a message saying that I called and made arrangements to pay on the third, I did not, I call and talked to a XXXX employee number XXXX and was told to disregard. Just trying to stay out of trouble, please help if you can, thank you."
3924,Credit reporting,I checked my credit report and found that some of the data were incorrect. The three credit bureaus are required by Sections 609 ( a ) ( 1 ) ( A ) and 611 ( a ) ( 1 ) to verify these accounts ( A ). It is not permitted to report these accounts as unverified information without giving any supporting documentation within the legally permitted time frame. My credit report lists the following issues as needing investigation and correction due to inaccurate reporting in my file XXXXXXXX XXXX XXXXXXXX Balance : {$190000.00} XXXX XXXX XXXXXXXX Balance : {$0.00} XXXX XXXX XXXX XXXX Balance : {$0.00}
3925,Consumer loan,I took a title loan with this company. Wilshire XXXX XXXX Westlake Financial XXXX XX/XX/2025. I fully paid off the loan on XX/XX/2025. After paying o '' the loan the company refuses to return or release my car title to me I have continuously called them and they either hang up on me or refuse to address the situation.When I paid o '' the loan I was told it takes 10 days to get my title back this has not happened and I am afraid they will not return my title to me.
3926,Credit card,I was denied loan and credit card based on false credit score. My info was hacked during XXXX data breach and during XXXX data breach. Me being denied based on a score that incorrect not by my doing is WRONG. It should be based on my finances.
3927,Mortgage,I completed a short sale in XX/XX/XXXX and I was informed from the independent foreclosure review that all negative reporting will be removed. The mortgage company is also still reporting a late that occurred XX/XX/XXXX that needs to be removed.
3928,Credit card,I have received not 1 but 2 different cards from citi bank without my knowledge. I have called them and requested they be turned off immediately. There was however a charge on 1 of the cards and I told them I refused to pay ( {$350.00} ) and that the card needed cancelled or blocked. I refused to give my ssn to them over the phone and it became a transfer nightmare from one person to the next. I just want them to resolve this and quit sending me statements like they are mine.
3929,Bank account or service,"i bank with discover.com with checking, savings & credit card accts. overdraft protection is set up for checking by savings acct. appreciate that discover waives almost all fees. however, they keep sending paper letters to notify of insufficient funds in my checking acct, even with just {$1.00} insufficient amt. 
time & again i wld leave complaint msgs & they wld just say it's their policy. i wld mention abt the green new deal, or save time, effort & pay, it's a wasteful policy, etc. besides i'm enrolled in overdraft already so why notify me still? i get emails also & by the time i get those paper letters, the overdraft transfers were made already. so those ppr notices only go straight to the wastebasket unopened. 
so which part don't they understand? i even asked if i cld write to their superiors or even to discover 's president. idk how long patience can go far. thus, i'm doing this as you had helped me in the past & hoping you wld do the same with discover. it may seem unimportant, but they shld at least cater to my request. family members hv the same issue. 
thank you!"
3930,Credit reporting,"I am writing to formally dispute the fraudulent credit inquiries again that are currently listed on my credit report. I previously submitted a dispute request onXXXXregarding theseunauthorized inquiries, but they are still on my credit report. I am following up to insist on a thorough investigation and removal of these inquiries, which were made without my knowledge or consent. 

Please confirm receipt of this dispute and provide me with a written response detailing the results of your investigation."
3931,Credit reporting,"Re : Disbute of inaccurate and/or incomplete information in the consumer report.

To Whom It May Concern, You are reporting inaccurate and/or incomplete information concerning my consumer reports. Your conduct has caused me distress and financially harmed me with cost and loss opportunity. 

The following alleged Public Record you are reporting concerning me is inaccurate and/or incomplete, also unverifiable by you : Re : Reported Bankruptcy Date Filed/Reported : XX/XX/XXXX Closing Date : XX/XX/XXXX I contacted the Court of Record you listed on my credit file, and they confirmed that they neither provide or verify court records to you or to any other third-party. ( See attached ) I then contacted XXXX and informed them of their errors in the reporting and they responded with a letter deleting any and all Public Record notations.

Unfortunately, it appears that you do not have reasonable procedures in place to assure maximum accuracy and completeness of the information that you include in your consumer reports that you prepare concerning me. Your prompt attention to this important matter is requested in order to comply with federal law."
3932,Consumer loan,"I signed my student loan refinance agreement with SoFi on XX/XX/XXXX. Section F7 of my loan agreement contains the details of the Direct Deposit Discount. I fulfilled the requirements by opening up a Checking and Savings account within 30 days ( XX/XX/XXXX ) and should have received a 0.25 % discount in the months during which I made at least {$1000.00} of direct deposits ( which I did for 6 months in XXXX plus 3 months in XXXX so far ). I have not received this discount to date. On XX/XX/XXXX, an escalated ticket was submitted to research the situation. On XX/XX/XXXX I was informed that my promotion request has been denied for the following reason : "" You can not use multiple profiles to qualify for a discount. This will remain denied. '' I emailed and called back on XX/XX/XXXX asking where it says in the eligibility requirements terms and conditions that I can not use multiple profiles to qualify for a discount. I have not received a response and believe that SoFi is currently in breach of their contract. Further, the reason I opened my bank account under a separate profile from my loan account was due to a SoFi technical system limitation. However, I was told by customer service multiple times ( including during the account creation process ) that because I'm the account holder on both profiles, it should not affect my eligibility. I was most recently told this on XX/XX/XXXX by XXXX XXXX ( employee # XXXX ) in the Loan Servicing department. I'm attaching the specific language from section F7 of my signed loan agreement that does not reference anything pertaining to account profiles."
3933,Consumer loan,"When I applied for this line of credit, I was never offered the payment protection should I become unemployed or incapacitated. I reached out many times, as I was laid off due to COVID-19, and the company never offered any help. I come to find out, all of this time, they had a payment protection program which could have helped me eliminate this debt and make my life less stressful and not destroy my credit."
3934,Credit card,On XX/XX/XXXX an account was open with XXXX XXXX with the amount of debt being {$740.00} the account listed above is now being held by portfolio recovery associates On XX/XX/XXXX an account was opened with XXXX XXXX XXXX  with the amount of debt being XXXX the countless default is now being held by portfolio recovery associates At the time of the opening of both these accounts I was incarcerated I have a certified statement from XXXXXXXX XXXX XXXX XXXX  stating such and my starting time for XXXX  was XXXX of XXXX up until XXXX my release date I tried contacting portfolio recovery associates several times during the course of my XXXX  with all my attempts failing and my written letters being returned to sender prior to my XXXX  the car that I was driving at the time of my XXXX was impounded and my wallet and several other pieces of identification were in the vehicle and never returned now that I'm home from XXXX  after my XXXX  I would like to address these matters because I would like to live a normal life and plan on purchasing a car and a home and these derogatory marks on my credit report or destroying any chances at
3935,Consumer loan,XXXX XXXX XXXX XXXX said I asked for a loan from XXXX and XXXX XXXX  a day before I found out my address been changed cards issued out and the one I closed I had seemed overc20 cards and told me they was not real cards.they refuse to cancel online access and telephone access cause I can still use my phone number to gain access to my account and the day before my two step had been removed then could not verify but called back and it was
3936,Debt collection,"To whom this may concern, I am writing this letter in order to dispute the collection account on my credit report. The collections from Aldous and Associates, originally from a debt by XXXX XXXX. 

I obtained a year membership with the fitness agency XXXXXXXX XXXX on XX/XX/XXXX and. However, I never agreed to extend my membership beyond this point. Moreover, Gyms were closed during the Covid 19 pandemic due to stay at home orders. XXXX XXXX  did not open again until the date of XX/XX/XXXX. Which is 2 months after my one year term. I never agreed to extend my membership beyond the one year mark."
3937,Bank account or service,"Received a check from my deceased father 's life insurance policy for the amount of XXXX USD on XX/XX/2023 and deposited it. Check went in on XX/XX/XXXX but my account and funds were put on hold till the XXXX. The XXXX of XXXX came and went and my account still was placed on hold and still had no access to my funds, regardless of where they came from. My bank could not verify the origin of the check despite it being from a respected and known institution, which I find absolutely outrageous. After a long struggle with the bank i decided to close the account to open a new one elsewhere and have them resend me my check. My bank still hasn't let go of that previous check meaning i cant receive a new one and after speaking to the insurance company today ( XX/XX/2023 ) they said the check was cleared and cashed on XX/XX/XXXX without anyone calling to verify. I have not seen a single cent from that check and have gone through extreme hardships trying to get this situated. Neither company seem interested in helping me fix this issue."
3938,Debt collection,"On XX/XX/2023, received several emails from a collection agency trying to collect a debt of over {$14000.00} owed to original creditor XXXX of South Dakota. The debt collector is TrueAccord Corp. and account XXXX. This is not my debt."
3939,Consumer loan,"I am a XXXX who has worked over ten years in XXXX XXXX and has successfully made all 120 payments towards PSLF. All payments have been certified and I have filled out all the correct paperwork. I have been waiting for Mohela to "" process '' my final payment since I made it in XXXX. Even though I have made all my required payments, Mohela is not granting my student loan relief. I am continuing to be billed and my credit report was reported to last week. I am currently on the phone on hold with Mohela. It has been 3 hours and nine minutes. I have already filed a complaint through the federal aid site."
3940,Mortgage,"Citizens bought our loan in XXXX. I have paid all of our payments on time or early. I was paying {$500.00} biweekly. 

In XXXX of XXXX this became an issue with Citizens even though I was about {$3000.00} ahead on our payments. They stated, among other things that we could not pay ahead and that we owed money due to placing an escrow on our account- even though we submitted documents that we did not owe any money as we were paying our taxes and insurance ourselves. 

In XX/XX/XXXX, Citizens started returning our checks- I sent them back to them with a letter stating they were to be applied to our account and that the situation needed to be resolved. 

In XX/XX/XXXX, Citizens stopped allowing our bank to send payments to them ( they were automatic ). 

In XX/XX/XXXX, I had to send Citizens attorneys {$11000.00} to prevent my home from being sold/foreclosed on. 

I felt this would create a fresh start, but in XXXX of XXXX we started getting the same letters. This time I have kept very specific records of my conversations with them. I have stopped paying ahead on our mortgage to prevent issues, but once again, there are issues. 

In XXXX of XXXX, I was notified that Citizens had sold our loan to XXXX. They are now pursuing collections on us due to the file submitted to them. 

We are about to loose our home, our credit is destroyed, and my husband may loose a job opportunity due to our credit ( due solely to Citizens ). 

We want our account corrected and our credit restored."
3941,Credit reporting,"Immediately block all accounts associated with my personal information, including my name, Social Security number, and any other identifying details that may have been compromised. 
Account name : XXXX XXXX Account number : XXXX Date Opened : XX/XX/XXXX Balance : {$0.00} Account name : XXXX XXXX Account number : XXXX Date Opened : XX/XX/XXXX Balance : {$3000.00} Account name : XXXX  XXXX Account number : XXXX Date Opened : XX/XX/XXXX Balance : {$4100.00} Account name : XXXX  XXXX Account number : XXXX Date Opened : XX/XX/XXXX Balance : {$590.00} Account name : XXXX XXXX  Account number : XXXX Date Opened : XX/XX/XXXX Balance : {$230.00} INQUIRIES : XXXX XX/XX/XXXX XXXX XX/XX/XXXX XXXX XX/XX/XXXX"
3942,Money transfer or service,"On XX/XX/XXXX I responded to a posting on XXXX for some bedroom furniture and a fridge. The prices were within reason and the individual who posted the items ( XXXX ) seemed legitimate. We discussed the items over XXXX 's messaging about 8 times, then switched to coordinating delivery of the furniture/fridge over text messaging and phone calls. I was even provided with the house address of where the furniture supposedly was : XXXX XXXX XXXX XXXX, XXXX, WA XXXX. The number the individual was texting me from and called from was : XXXX ( a local number ). 

We agreed I was going to give 50 % payment upfront and 50 % on delivery of the items. We discussed various payment options and they suggested XXXX XXXX to a number : XXXX. I asked if XXXX would work- to which they said I could send it to their son "" XXXX '' and gave me the number of XXXX. I made a test transfer of {$10.00}, they said they received it, then I transferred the remaining {$290.00} ( representing half the agreed amount ). They confirmed receipt and said they would deliver the items whenever i was ready. The next day I attempted delivery and found their profile to be deleted, all messaging to be deleted through XXXX, and they were unresponsive to texts or calls. I immediately contacted Chase bank 's fraud department and they said that XXXX is only supposed to be used to transfer funds to and from friends that you know ( even though it CLEARLY states on their website it is for "" XXXX XXXX '' to merchants. The Chase representative said they can not recoup the funds because it was authorized by XXXX. 

This goes against the XX/XX/XXXX Consumer Financial Protection Bureau issued guidance stating that fraudulent XXXX transactions are considered unauthorized because they were initiated by someone other than the consumer and the consumer received no benefit. 

Chase has refused to refund the transfer of funds."
3943,Bank account or service,Chase closed my account randomly!! When I call to find out all I kept getting is no one seems to know.. I went into a Branch in XXXX SC and the rep keep yelling my info across the branch with customers in the branch!! .. He didnt even. Verify my address or anything he waited until he told me my account was closed to ask me My address while holding my Driving license in his hand. I asked the manager why is he yelling my information out. she stated social distances. This same rep had no problem helping other customers without mask and said nothing to them about social distancing. Meanwhile my money is hold and i was advised I had to wait WEEKS for my money!! And no explanation as to why my account is closed
3944,Money transfer or service,"I was trying to get an appointment for a XXXX XXXX slot in embassy in XXXX. A person reached out to me over telgram that he can help me get an appointment. I shared my account credentials with the person after which he changed them and sent me a fake evidence showing that he got appointment. The merchant then asked me for {$150.00} and asked me to send them via remitly. Once I sent them via remitly, the person claimed that he did not receive the money. He refused to give me my account 's credentials/access back until I sent money again. Then again I had to send {$100.00} to person and this time again the merchant made up another excuse that they can't withdraw money and that's why they can't give me the credentials. So I was scammed by {$250.00} due to this. Later I was able to regain access to my XXXX XXXX account by trying random email/password and I could see that there was indeed no appointment scheduled. 

I have asked the person to give me my money back but they have completely stopped responding to me and claiming it wasn't indeed a scam. I have contacted remitly and they are refusing to help as well. Lastly, I contacted my bank ( XXXX ) through which I made the credit card payment and they said only remitly can help me here. 

Hence writing this complaint to request that CFPB please help me resolve this with remitly and help me get my money back. Thanks! 

I have attached the entire chat history screenshots and proof from visa portal that appointment wasn't updated."
3945,Credit reporting,I filed a FTC report for identity theft because my personal information was exposed in a data breach of over 3 billion consumers personal information. I would like and appreciate to have all accounts on my credit report removed immediately pursuant to 15 USC subsection 1681.
3946,Money transfer or service,I paid for services that I have never received. I reached out to the merchant and they told me that they will give me my money back. They never did. I have proof of the merchant tell me that they would send me my money. I hope you could help me with this issue.
3947,Mortgage,"I had autopay set up with my Citizens Bank mortgage. The payment was supposed to go through on XX/XX/XXXX, but because that was a bank holiday, it went through on the XXXX. However as of XX/XX/XXXX, the account was only updated as of XX/XX/XXXX. The website told me that I was one day late on a payment, and so I immediately made a manual payment, thinking that autopay had not worked. However, it had and I had made an additional payment, which I now will not be able to get back quickly. 

The website gave me false information. It should not have informed me that I was one day late on a payment if autopay was set up. This was a failure in website design which gave inaccurate information that was relevant to my financial wellbeing. As a result, I will be out over {$3400.00} this month and will struggle to make my other expenses."
3948,Debt collection,"Plaza Services LLC, must comply with both the Florida Consumer Collection Practices Act ( FCCPA ) and the federal Fair Debt Collection Practices Act ( FDCPA ).

However, they have placed a derogatory collection on my account without validating the debt was mine. I have sent multiple formal requests for validation in the past months and the credit derogatory note was never marked as disputed nor removed from my credit report. 

They are also not licensed in the state of Florida where I live. XXXX XXXX XXXX XXXX XXXX XXXX XXXX could not retrieve licensing for this company which I discovered is in violation of the state licensing requirements. I can provide time- stamped proof of their non compliance. XXXX XXXX XXXX"
3949,Money transfer or service,"On XXXX XXXX, 2018 I purchased XXXX ETH and XXXX LTC for {$2100.00} USD and {$860.00} USD respectively through https : //www.coinbase.com. On their site, they indicate they advertise that after business 3-5 days, the ACH payment will process, and then they will provide the currency "" instantly '' once the bank processes the payment ( see photo 3 for their advertisement of the process ). Based upon their advertising, my understanding was that I would receive the ETH and LTC within 3-5 business days from the time the ACH was initiated. On XX/XX/XXXX, the funds for the aforementioned purchases went out ( see image 4 ). At the very latest, per their advertisement ( image 3 ), funds should have been available by that friday, XX/XX/XXXX. By not having access to my funds and by falsely advertising when my funds would be available, I have experienced a tangible loss in value as the value of ETH & LTC have fallen substantially. Numerous other instances of Coinbase defrauding customers and cancelling or delaying transactions when it is convenient to them can be found online. I believe they are buying currency and fulfilling orders as the price suits them, rather than at the appropriate time when the funds are received per their advertised image 3. Customer support has been completely unresponsive to any inquiries and I 've received no responses from them. 

There has been no action from Coinbase despite taking my money 7 business days ago."
3950,Credit card,"i noticed a charge on my credit card account in the amount of XXXX $ posted on XX/XX/XXXX from XXXX. 

i dont recall making any purchase with XXXX on XX/XX/XXXX. 

when i contacted XXXX regarding this charge, XXXX informed me that it was a purchase made on XX/XX/XXXX, but was not able to provide any information on this transaction. 

i contacted my bank ( chase ) to dispute this transaction. 

2 months after my initial dispute request, the bank responded to the dispute XXXX said i was responsible becuase i had prior purchases with this business. yes, i have shopped with XXXX in the past, and during that time period ( XXXX and XXXX ). However, i never authorized this charge for XXXX and no one ( XXXX or my bank ) is able to tell me what was purchased."
3951,Credit card,"This complaint is in regards to a closed XXXX XXXX card owned by Comenity Bank. 

On XX/XX/XXXX and XX/XX/XXXX I received a returned payment fee and finance charge. Both fees were refunded. On XX/XX/XXXX, I received a late fee of {$35.00} and a finance charge of {$2.00}. The fees were supposed to be refunded. Instead, I received a "" late fee refund '' of only {$6.00}, and I was left with a balance. 

I paid the remaining balance in full to avoid any further fees. My balance should have been {$0.00}. 

I am asking for the removal of all fees on the account, a refund ( via check to the XXXX XXXX address on this complaint ) of the payment made on XX/XX/XXXX, and verification that the balance is {$0.00} and no further fees will be assessed on this closed account."
3952,Mortgage,"Received an electronic notification on XX/XX/XXXX from Loan Servicing company PrimeLending, that our XXXX statement was not satisfied for the amount of {$2100.00} due on XX/XX/XXXX. This is incorrect. We paid XX/XX/XXXX mortgage statement in two separate installments, both prior to deadline of XX/XX/XXXX before a late fee will access. 1st payment of {$500.00} received by PrimeLending on XX/XX/XXXX. Second payment of {$1600.00} received by PrimeLending on XX/XX/XXXX. 

I have placed calls on XX/XX/XXXX, XX/XX/XXXX & XX/XX/XXXX in order to get the error resolved, to no avail. The first representative indicated dual payments are okay to process as long as they are received closer together, but he would solve error. Second representative indicates dual payments would not be accepted, but she would direct me to customer service who could handle the error & get it fixed. Third representative placed me on hold for 20 minutes before the phone disconnected & no one has called me back since."
3953,Debt collection,"They called on a Sunday, they also have been calling on repeat. The account has been purchased by a third party and I did not get notified that it was happening nor did I agree. I also had disputed account with original creditor and they did not follow on the terms and conditions that they set and charged fees that were not valid. There was a lawsuit for it."
3954,Money transfer or service,"Credit Karma has held my funds for almost a week with no valid reason. Ive contacted support multiple times and still havent received a real resolution. I rely on this money for basic living expenses, and they continue to delay access without any clear explanation. 

I was told I needed to verify my identity to access my account, which I did. I also updated my phone number to my new one, and now they claim thats why Im restricted. However, I made that update on Thursdayits now Sunday, and I still cant access my funds. 

By access, I mean I can not view my virtual card details, transfer funds, or move my money in any way. This is unacceptable."
3955,Bank account or service,"I received an unsolicited XXXX debit card in the mail from "" netSpend. "", associated with "" XXXX '' - shown in the documents sent with this unsolicited card. 
I have never heard of this company or bank, have never done business with them, and certainly do not accept any unsolicited credit/debit issues. 
Offers of this type can cause serious financial damage if intercepted by a crook."
3956,Bank account or service,"On XX/XX/2022, two charges were made to my account that were unauthorized ; one in the amount of XXXX and the other XXXX. These were charged by XXXX XXXX. I contacted XXXX on that date to find out what was going on ; they told me no charges were made to my account. I contacted Schools First to file a claim ; I was given a provisional credit while they investigated. I gave them everything I had regarding the transactions. On XXXX these fees were reversed. I was asked to provide additional information from XXXX XXXX which states I did not charge this to my account. I do not have confirmation because I did not make the transaction ; it was fraud! XXXX states they did not charge my account. On XX/XX/XXXX I contacted XXXX again and was told I had to file a complaint online but it could take 30 days. The confirmation/ case # is XXXX. I am filing this complaint because it is close to the 60 day mark in which the transaction was made. I just want this problem resolved and my money back."
3957,Debt collection,"XXXX XXXX XXXX XXXX XXXX XXXX XXXX XXXX XXXX, VA XXXX XXXX XXXX Code $ 1681c-2 a consumer reporting agency shall block the reporting of any information in the file of a consumer that the consumer identifies as information that resulted from an alleged identity theft, not later than 4 business days after the date of receipt.

It has been 30 days and you are in VIOLATION of this law because I am a victim of identity theft!! Please delete these items IMMEDIATELY!

These accounts should not be furnished on my consumer report as they are in VIOLATION!!! Under, 15 U.S Code 1681b - Permissible purposes of consumer reports ( a ) IN GENERAL Subject to subsection ( c ) any consumer reporting agency may furnish a consumer report under the following circumstances and no other : ( 2 ) In accordance with the WRITTEN INSTRUCTION of the consumer to whom it relates. I NEVER gave any consumer reporting agency WRITTEN CONSENT to report anything on my consumer report which violates my rights as a federal protected consumer. NO CONSENT IS IDENTITY THEFT. As a consumer lam demanding the deletion of the accounts listed IMMEDIATELY! 

XXXX XXXX XXXX XXXX"
3958,Mortgage,"b""My mortgage company paid my taxes and insurance and sent me an escrow analysis explaining a shortage due to increase in my homeowner's policy.  After my policy was re-evaluated and there was a decrease in my payment, my mortgage company sent me a new analysis showing a lower shortage amount due but my monthly payment would still be increasing.  I asked my mortgage company if I could pay more than what I owed on the shortage amount to keep my monthly payment from increasing.  The mortgage company said that could not be done.\nIf a new analysis was run after my insurance premium changed, why can't I pay extra to avoid my monthly payment increasing and a new analysis run to reflect it?\nI called the XXXX XXXX XXXX XXXX and they referred me to CFPB.\nThe CFPB referred me to the Housing Counselor for my zip code, phone number XXXX XXXX\nThe Housing counselor referred me to HUD XXXX.\nHUD has recorded message which referred me back to Housing Counselor for my zip code.\nI read a blog somewhere that someone was able to pay extra on top of their shortage due to avoid their monthly payment from increasing so I would like to know; is every loan servicer allowed to make up their own rules in this situation?"""
3959,Credit card,My account was blocked because they stated it saw suspicious activity I called gave them my information to verify me. They stated they needed my ID I asked to speak to the fraud department. They stated to me that the fraud department do not accept phone calls. I even provided them with the checking and routing number that I use to pay my monthly bill.
3960,Mortgage,"Our loan was paid off in XX/XX/XXXX. On XX/XX/XXXX, our regular monthly payment was debited from our bank account by Rushmore Loan Servicing in error. We called on XXXX to get a refund and was told that it would be sent out ASAP. That was a lie. We never received anything and I called again on XX/XX/XXXX. I was told they needed proof of funds from our bank statements. While that doesn't make any sense, I did it anyway in an effort to expedite the process. The gentleman I spoke with said it was approved, checks are cut on Fridays and mailed out, so I would be receiving the check the week of XX/XX/XXXX. We never received anything. I called again today, and after being transferred to about 5 different reps, I was told that the first check needed to be voided, which takes 5-7 business days, and then a new check would be sent out. This means after being paid in full for a loan, Rushmore has stolen {$2500.00} from my family for over 4 weeks with no end in sight. I have no confidence that this money will ever be seen again."
3961,Credit card,I hade a credit card with best buy and its threw Citi bank. There was a charge on XX/XX/XXXX for the amount of XXXX. I did not make the transaction because I lost my wallet at the time. it was an online purchase and shipped to the address I live in before. i did not make this transaction and after i spoke to them they did give me a credit for the full amount and after they investigated said that i was going to pay for the charges i asked i did not make it and what can i do to prove that i did not they said they can tell me what to do they said that they will open it again and see what they can do they send me a letter saying that they did the investigation and im at fault for the charges. called again and they said that i can send them a bank statement for the amount threw fax id di comply and they said that they did not receive it and will not open the investigation unit they do. they said give it will Monday XX/XX/XXXX to see if they do get it if not they will look at other options
3962,Money transfer or service,"I am writing to formally express my concerns regarding Zelles handling of disputes, particularly in light of the recent CFPB lawsuit highlighting significant issues with the platform. Despite using Zelle numerous times and reporting discrepancies, my financial institution and Zelle failed to investigate my claims adequately. They informed me that recovering lost funds was impossible and that tracking these transactions was unfeasible. The CFPBs finding indicates that Zelle has not only neglected to protect consumers but has also allowed repeated offenders to exploit the system, leaving users vulnerable to scams. This lack of accountability and transparency is unacceptable and raises serious concerns about consumers safety."
3963,Mortgage,The company Freedom Mortgage changed the payment invoice to include property tax 's and insurance with out my knowledge. The payment went from {$1800.00} to {$2900.00} dollars a month. There was never an impound account at the time the loan was originated. I can not afford this monthly mortgage increase. The house is in forbearance and they are adding this amount to the forbearance account. This was all done without my consent.
3964,Consumer loan,"On XX/XX/2022 I applied for a loan with Conns home direct for an XXXX laptop. After repeatedly trying to contact them on movement of the product, I finally canceled the purchase over email with their team, which I got confirmation the cancelation was made. On XX/XX/XXXX, I found the purchase on my credit report. After calling multiple times, I found the computer was purchased in XXXX ( a new and separate purchase ) and delivered on XX/XX/XXXX. During that time, I never received emails to confirm the purchase, sending the tracking information, or any of the other emails that were sent with my previous purchase. Also, there was not any logs on my nest doorbell of any delivery for that day that may have been stolen. I requested the company remove this information from my credit report over the phone AND through a credit dispute. They in turn updated the dispute to show a payment was made, which I did not do. And have not made any attempt to cal back. On my calls with them, I confirmed all my information was correct so how I never received or show any of this from my emails, payment account, or delivery address screams that there is something more going on other than someone stealing my identity."
3965,Debt collection,"Dear Sir/Madam, I am writing to dispute the validity of an item on my credit report. According to my credit report from [ Credit Bureau Name ], there is an open account listed under collection account number XXXX. The details of the account are as follows : Account Type : Open account Bureau Code : Individual account Date Opened : XX/XX/XXXX Balance : {$3900.00} High Credit : {$3900.00} Last Reported : XX/XX/XXXX Comments : Account information disputed by consumer Date Last Active : XXXX dispute this account for the following reasons : Lack of Validation : I have not received any validation or verification of this debt from your agency. As per the Fair Debt Collection Practices Act ( FDCPA ), I am entitled to receive validation of the debt upon request.Incorrect Reporting : The reported balance of {$3900.00} is inaccurate. I have no record of owing such an amount to your agency or any other creditor.Compliance with Reporting Guidelines : The reporting of this account does not comply with the guidelines set forth by the Fair Credit Reporting Act ( FCRA ) and the Consumer Financial Protection Bureau ( CFPB ) .I am requesting that you provide validation of this debt as required by law. If you are unable to provide proper validation, I request that you delete this item from my credit report as it is inaccurate and unverifiable.Please investigate this matter promptly and provide me with written documentation of the results of your investigation."
3966,Money transfer or service,"Reporting -phishing -fraud? -abuse? From : XXXX XXXX XXXX, Thank you for choosing PayPal! We are pleased to confirm your order placed on Tuesday, XX/XX/. Here are the details of your order : Invoice No : # XXXX Payment Id : XXXX Invoice Date : Tuesday, XX/XX/XXXX Item Ordered : XXXX ( XXXX ) ( XXXX ) Wallet Id : XXXX Total Amount : {$1100.00} Your order will be processed shortly, and you will receive a shipping confirmation once it has been dispatched."
3967,Credit reporting,"XXXXI sent a certified letter to Experian on XXXX. The letter has a tracking of XXXX XXXX XXXX XXXX XXXX XXXX Per the USPS the letter was delivered on XXXX  The letter is requesting Experian to promptly delete serval accounts that are being reported with errors. The accounts listed are XXXX XXXX XXXX XXXX XXXX XXXX XXXX XXXX XXXX XXXX XXXX  They replied on XXXX stating that they think someone else may have sent this on my behalf and did nothing to resolve my issue. I proceeded to send another letter to Experian on XXXX and until this date I haven't received a response from Experian."""
3968,Debt collection,"I am reaching out to notify you that my credit file includes a collection entry attributed to your agency. Surprisingly, I have not received any prior notifications regarding this collection. Moreover, I firmly contest the accuracy of the claimed debt. In accordance with the Fair Debt Collection Practices Act, I am within my rights to request and receive validation of the debt. Consequently, I kindly request that you furnish the necessary validation and take appropriate measures to address and resolve this issue."
3969,Credit card,"I have always made sure to pay this account on time and have never missed a payment. I don't understand why there are late payment remarks on my accounts. According to 15 USC 1666b, this billing error should be corrected."
3970,Debt collection,"I moved out of  XXXX   XXXX  in  XXXX   XXXX . In  XXXX   XXXX , the apartment complex engag ed IQ Data International dba R ent Collect Global to collect a debt of {$120.00} they claimed I owed for cleanout of the apartment I vacated in  XXXX   XXXX .  <P/> I disputed this debt with both the apartment comple x and IQ Data. B oth parties maintained that I owed the debt.  <P/> I sued the apartment complex  in Justice Court to have the d ebt cleared and my apartment deposit returned. On  XXXX   XXXX ,  XXXX  t he Justice of the Peace issued  the judgement on this case in my favor. In  XXXX   XXXX , the  XXXX   XXXX  wrote a check to pay the court costs and return my deposit.  <P/> 
IQ Data has refused to stop reporting this debt to the credit reporting agencies   XXXX   XXXX   XXXX   XXXX  . I   disputed the debt directly with all  XXXX  credit reporting agencies.   XXXX   and   XXXX   have removed the collection from my report.  XXXX  has not.  <P/> Per my current  XXXX  credit r eport, IQ Data Collections has inc reased my debt due to interest owed to {$130.00} and continues to report this debt as of  XXXX   XXXX ,  XXXX . I have written  to both IQ Data and  XXXX  on multiple occasions to remove this mark from my credit history, but IQ Data maintains that I owe the debt despite being presented with the court 's judgement."
3971,Debt collection,I got letter from this collection agency base out of Washington XXXX and the letter date XX/XX/XXXX.I was check my credit report onXX/XX/XXXX I got alert on my email tell me new stuff be add on my credit report. This company list everything that was on this letter on my credit report before my 30 days I can valid information. I send the register letter from the postal office these item is not my and I need the debt valid. I feel the company violated my rights under the FDCPA.
3972,Credit reporting,"Someone stole my information and has used it to open this loan. I didn't open this loan, and I have not authorized for this loan to be opened. I have contacted the company over 100 times and I am not getting a resolution. The company also got sold when I was in the process of having the loan cleared from my name, and now the new company can't verify information I have already went through with the previous company."
3973,Consumer loan,"I purchased a truck from Carvana LLC online. After a few trips to the bank because they don't accept checks from companies, I had to get a personal check to pay in full - XX/XX/XXXX. They set up the delivery date of the car and cancelled 3 times, because there was a delay with the delivery - They charged almost {$2000.00} for this. XXXX weeks later, I got the car and the next day it got flooded through the roof/ back window after a day of rain. It was in such a bad state, that I returned the car on XX/XX/year> and they accepted it. They said within a few days they were going to send the money back. 
XXXX week later, I have not received any communication, they deleted the car info from the online account and after I reached out to them on XX/XX/XXXX, they said, there is no record of any transaction for this purchase. They said they will get back to me ( ops department ) and have not heard back from them. I don't have the car, I don't have the money, they are ignoring me. 
There is no loan, but I called CFPB and they asked me to use this option"
3974,Debt collection,"I'm not sure which is the correct category for this issue, I was a recipient for a live check, I never stepped foot in this office, they didn't even have my ssn, I have never agreed or signed anything. They have continued harassing family members whom I do not have any contact with. They told them not to contact them and they continued I did call sunloan to ask if they would stop giving them info on my personal affairs and not to contact as I never listed anyone as a reference, they did mention they do have a directory and could contact them as many times as they wanted because it was not against the law. That type of behavior is unethical, that same day upon research I did find out that this issue is not criminal yet we as consumers do have rights and they can't be doing this to anyone. I will be fighting this to the fullest because they have now filed for civil complaint. They have bullied me, aside from the harassment of family and now they try to scare me by calling the constable to issue civil process. I did file a complaint with the Texas attorney General and do have a case number, this was filed on XX/XX/XXXX and they have continued to call after that date as well."
3975,Consumer loan,Recently in doing some research on the student loans in my name that are being serviced by Fed Loan Servicing. I learned that the loans are for a school by the name of XXXX University  XXXX. I never signed an enrollment agreement with XXXX University  XXXX nor did I ever sign or agree to become a former student of XXXX University. This seems like fraud to me. I do not wish to be associated with XXXX University and I never agreed to it. I do not understand how this is possible and how this legally has taken place. I do not understand why there are student loans listed under XXXX University in my name. I never agreed to this. I am requesting XXXX University XXXX to provide information stating that I agreed to be associated as a former or current student with this school. Before today I had no knowledge of any of this. I am requesting documentation with signatures that Fed Loan Servicing has the right to pursue loan payment from me for the school XXXX University XXXX. I do not wish to be affiliated with XXXX University XXXX. I never agreed to any enrollment or loans with XXXX University. Therefore Fed Loan Servicing must substantiate seeking loans associated with XXXX from me.
3976,Debt collection,"This complaint is a continuation of my prior CFPB complaint, Case # XXXX which was closed after Resurgent Capital Services submitted a response.

Despite their response, Resurgent has not provided proper debt validation under the Fair Debt Collection Practices Act ( FDCPA ) and New York law. 
On XX/XX/year>, and XX/XX/year>, I requested validation in writing by email and U.S. Mail.

I specifically requested : ( 1 ) the original signed contract/application, and ( 2 ) a complete account history showing all charges, payments, fees, and interest. 
On XX/XX/year>, Resurgent claimed they had enclosed the signed contract/application, but no such document was provided. Instead, I only received a few billing statements and a self-prepared account summary. 
This does not meet validation requirements because billing statements do not prove ownership or accuracy of the balance. 

Meanwhile, LVNV continues to report this account to the credit bureaus as valid. Reporting unverifiable information while the debt remains in dispute may violate both the FDCPA and the Fair Credit Reporting Act ( FCRA )."
3977,Bank account or service,XX/XX/17 I was at XXXX purchasing some food with my Key Bank debit card to my surprise it was declining I called Key Bank and they told me that they blocked my card because they got a message from MasterCard the day before that my card been compromise the problem is they didn't give me immediate notice that my funds will be blocked because of the situation they have my phone number and email and in the morning I looked at the banking app that there was no notifications of my card being closed or block. And I missed my doctor 's appointment because I had to go to a branch to get a ATM card just so I can get access to my money. They had a duty to legally tell me immediately what was going on with my account. On top of that the XXXX  employee was going to call the cops on me because I was able to pay for the food. Because of their negligence I suffered emotional distress and embarrassment.
3978,Debt collection,"There have been numerous attempt ( XXXX ) to initiate more debt upon my report ( XXXX ) and record ( XXXX ) when I have worked hard to fix my credit. 
Such action ( XXXX ) and practice ( XXXX ) against me are unlawful, illegal and unfair/deceptive trade tactics in the highest form of discrimination."
3979,Credit card,"I have been furloughed by my company due to Covid19. This occurred on XXXX, 2020. I immediately filed for unemployment since I am XXXX years old and have a XXXX son I care for. It is now XX/XX/2020 and I have not received a card from Oklahoma Way2go prepaid card/ XXXX, through the Oklahoma Employment Security Commission . I have received written notice of eligibility as well as online evidence of payment for past six weeks. I have called the company phone number numerous times, to get assistance with this, only to be placed on hold, diverted or hanged up on. I am at a loss. In addition, I have daily gone online through the OESC, as recommended to attempt to reconcile this."
3980,Credit card,"There are late payment entries on my credit report that I believe are inaccurate. In accordance with 15 USC 1681e ( b ) and 15 USC 1681i, my credit report must only contain information that is accurate, complete, and verifiable. I am requesting verification of these entries, and if they can not be confirmed, they should be corrected or removed."
3981,Credit reporting,I was on the phone today for over an hour trying to resolve this they were incompetent saying they were reporting me on time I was transferred about 6 different times finally the last person was like oh yeah were reporting incorrectly but said she couldnt fix it needed to transfer me to another person she then transferred me to a disconnected number very rude and Unprofessional. They have been reporting incorrectly since XXXX.
3982,Bank account or service,"My savings account was frozen by XXXX * TRADE on XX/XX/year>. It is now XX/XX/year>, and I have gotten no reason as to why my account was frozen, and no timeframe for when it will be unfrozen. I've called them XXXX times now, and each time they put me on hold only to tell me that it's under review and they would get back to me within XXXX or XXXX business days, but it's already been over XXXX days. This is unacceptable, as this is causing my family and I to experience severe financial hardship by having OUR MONEY frozen indefinitely."
3983,Debt collection,"My insurance has paid this collection, and it was never ever supposed to be on my credit. I was in a car   accident and all of this was taken care of by my insurance, this debt is reporting a balance, and they have been trying to call me and threaten me into paying, when the account was satisfied in full by my insurance! Everyone has been paid, are they trying to get paid twice for the same debt? is that legal? I believe you are supposed to determine that, please help me, I am trying to become a first time homeowner and this is the only thing that is stopping me from achieving my dreams! Please let justice reign supreme and HELP ME! This must be unjust enrichment and a breach of contract as well no? How many other people has this company enriched themselves off of, what if I had payed them without checking with my insurance first, would I have ever gotten my money back or would they have kept it as their own money, which it would not have been! if this company was nearly this successful with me, how many other consumers have they done this to?"
3984,Credit reporting,"I am writing to formally dispute the accuracy and validity of the student loan debts reported under my name, associated with the following account numbers : - Account # XXXX opened XX/XX/XXXX, with a balance of {$2600.00} - Account # XXXX, opened XX/XX/XXXX, with a balance of {$5200.00} - Account # XXXX, opened XX/XX/XXXX, with a balance of {$6200.00} - Account # XXXX, opened XX/XX/XXXX, with a balance of {$2600.00} I hereby request a comprehensive investigation and verification of these debts, in accordance with the Gramm-Leach-Bliley Act ( GLBA ), which pertains to the protection and privacy of my personal financial information, as well as the Fair Credit Reporting Act ( FCRA ), which governs the accuracy and fairness of credit reporting. 

Please provide complete documentation to validate the legitimacy and ownership of these debts. This should include, but not be limited to, the original loan agreements, detailed payment histories, and any documentation related to the assignment or transfer of these loans. 

Should you be unable to verify these debts or identify any inaccuracies in your records, I demand the immediate deletion or correction of this information from my credit report and all related records. 

I expect your response within the statutory timeframe of 30 days, as mandated by the FCRA. Kindly send all correspondence to the address noted above. 

Thank you for your prompt attention to this matter"
3985,Credit card,my personal information was stolen by a navy federal impersonator and my phone number was spoofed on XX/XX/year> and unauthorized charges on my credit cards of {$3500.00} on both cards were made for XXXX XXXX XXXX XXXX I reported the fraudulent charges to navy federal and i received a temporary credit for the charges that were later removed when they said they have found no evidence of fraud. i wrote an appeal to them but was later told the decision stands. i was told that i can receive further help by going to a navy federal branch but i was unfortunately XXXX XXXX XXXX XXXX XXXX XXXX where there is no branch. i later went to a branch a few weeks ago when i came back from duty to submit the claim again to later have it be denied as they said no error was found. At each turn i was explained the impossibility and ridiculousness of me authorizing the charges as XXXX XXXX XXXX XXXX XXXX  and would be unable to travel to XXXX only to be met with skepticism and their explanation of why the charge is legitimate.
3986,Debt collection,"I have a line of credit with Capital One, which recently shifted from interest only to principal and interest. This change created a financial hardship which was communicated, as I could only afford to continue interest only payments. While I continued to make interest only payments, Capital One discovered that I was connected to my employer 's investment account as a signer. 

Funds from this organization, ( XXXX XXXX XXXX ) were drafted on XX/XX/2022 in the amount of {$2100.00} and on XX/XX/2022 in the amount of {$2000.00} for a total of {$4200.00}. 

I was notified by the accountant of XXXX XXXX XXXX that a "" right to offset '' charge was noted on bank statements. Upon further research it was determined that these funds belonging to XXXX XXXX XXXX had been seized to satisfy my personal debt. 

The inappropriate handing of this matter has exposed my personal business to an employer that has entrusted be with fiduciary responsibility, caused great embarrassment, and is creating an adverse situation regarding my position. 

Furthermore, XXXX XXXX XXXX is a non-profit, XXXX ( c ) XXXX corporation organized in the State of Louisiana and I am not an owner, director or stock owner in this corporation nor is XXXX XXXX XXXX responsible or obligated for any of my personal obligations."
3987,Bank account or service,"XX/XX/XXXX I withdrew {$2000.00} from my MARCUS personal online savings account to fund a personal savings account at XXXX ending in XXXX. This fund was a gift to my niece. 

XX/XX/XXXX MARCUS informed me that I broke MARCUS bank rules by giving the money away to another person and I was to return the money.

I told MARCUS I would be happy to return the money but that it would come from a different XXXX account. 
MARCUS refused to accept the funds and froze all of my MARCUS accounts and locked my online access."
3988,Bank account or service,"I recently received notification from Marcus XXXX that my savings account had been closed without prior notification on XX/XX/year>. Upon contacting customer service several times since XX/XX/year> and undergoing identity verification through security questions, I was informed that my identity could not be verified in their system even though I was able to provide all the information they asked such as security questions. I communicated that while I no longer require access to my savings account since it has been closed, I am seeking clarification on when the funds will be transferred back to my checking account within the Marcus system. They have repeatedly assured me that they will contact me regarding verification within 1 to 3 days, but it has been 5 business days and I have yet to receive any communication from them. The amount on the account was XXXX USD +APY %. I have to make a payment for my living, but Marcus is holding my money for no reason."
3989,Debt collection,"To whom it may concern, I am writing to formally report two fraudulent accounts that have been listed on my Equifax credit report as a result of identity theft. I did not open these accounts, nor did I authorize anyone to open them on my behalf. The details of the fraudulent accounts are as follows : Account Name : XXXX XXXX XXXX XXXX Account number : XXXX I became aware of these unauthorized accounts on XX/XX/year> and I have taken immediate steps to secure my personal information, including [ mention actions youve taken, such as filing a police report and freezing my credit. 

Please remove these fraudulent accounts from my credit report, as they do not reflect my credit activity or financial responsibility. I have also attached supporting documentation, including a copy of my identity theft affidavit, police report, and any relevant communication with the creditors involved. 

Thank you for your prompt attention to this matter. I trust that this will be resolved quickly to prevent further harm to my credit standing. 
Sincerely XXXX XXXX XXXX"
3990,Consumer loan,On XX/XX/2022 there was an issue that occurred with XXXX XXXX  that I was not aware of. I got a letter in the mail on the XXXX of XXXX saying that XXXX XXXX is under investigation. Stating that theyve been issuing loans to XXXX XXXX with hidden fees and interest rates. Break some sort of Act between financial institutions and the military. I was told the hidden fees that I had been charged would be issued in a paper check in the mail box. I have not received this check.
3991,Credit card,"I filed a dispute with AMEX. 
They declined it because they want documentation showing the purchase was unsafe prior to buying it. 
How am I supposed to provide documentation showing it was unsafe? 
I was not aware until after the purchase. This is why I filed the dispute. AMEX is not protecting me as the customer and allowing fraud merchants to recive payment for unsafe goods."
3992,Consumer loan,"I have 2 separate accounts through Navient, a student loan corporation through the department of education. i have 2 seperate accounts one for {$4300.00} and another for {$2000.00}. one of these accounts if not both shouldnt be open because the dates they have stating i was in school is not accurate nor is the institution. they told me to call the school and verify which i did. the school has no record of me being registered in the dates they gave me. Navient stated the school would have to call and verify which they did. but they still wouldnt remove my account. Navient has had a history of having false open accounts and have been under investigation. i opened up a suit but never heard anything back. Anytime i speak to someone and do as they say they give me another excuse and soimething else i need to do to close my account and it never closes. the school they have on file is XXXX tech in XXXX GA, i wasnt even in the state for the dates they have because i was stationed in another state in the United States XXXX."
3993,Credit card,"In relation to a previous complaint, Amex responded "" Its important to note that we made several attempts to contact you prior to closing your account, because we needed to complete additional identity verification for your account. '' I found this concerning as I had no record of any correspondence at all from the company prior to my account closure. 

I've attempted to speak with support multiple times, including XX/XX/year> and XXXX on this issue, and previously had a ticket open with their support, which was closed without resolution or notice to me. 

Each time, Amex has insisted that they attempted to contact me, but failed to provide any information on the supposed attempts. Most recently, I was told they do have the information and can confirm that there were attempts, but that there system did not allow them to share the information with me. 

I find all of this extremely concerning, as I maintain an account with AmEx and may need to be contacted in the future. It seems that either A : American Express is attempting to contact someone other than me related to my account, or B : American Express Provided false information on my previous complaint and is unwilling to admit the mistake."
3994,Credit card,"Dear CFPB, I'm XXXX XXXX XXXX senior citizen. Please note that I've filed a fraud alert case with American Express. Apparently, offshore scammer called my phone and pretended to be a merchant ( employee of airline vendor called Just Fly ). The scammer received my airline ticket booking ID. From that booking ID, he repurchased tickets. That charged my AMEX card three charges on XX/XX/XXXX : XXXX ) {$400.00} XXXX ) {$200.00} and XXXX ) {$910.00}. I NEVER SHARED AMEX CARD INFORMATION NOR DID I APPROVE THESE CHARGES. The scammer was able to rebook airfare without my consent only by using my existing booking ID. 
I filed fraud charges with American Express. As of this writing, I filed at least three fraud charges with American Express on same transaction. But, they keep reverting charges back to me with excuse that I've shared card details with the merchant. I never shared card details nor I authorized these charges. But, American Express fraud protection team is not willing to even consider this. I tried explaining them at least 10 times on the call and through live chat with support. Initially they open fraud case and in few weeks they remove fraud case and revert the charges back to me. 
I'm not sure why they don't understand that I didn't give my card details nor authorized these charges. XXXX scammer was able to charge my AMEX card through airline reservation details. These are fraud charges and they need to be removed from my account. I'm retired and can't afford to pay these charges that weren't made by me! I'm begging CFPB to save me from these fraud charges!"
3995,Bank account or service,"i purchased a money order completely filled out and singned by me, it most have fell out of my purse and someone found it got it cashed at Fifth Third Bank the money order was made out to XXXX XXXX for my rent payment. They never received it so i called the XXXX number XXXX XXXX and it had been cashed at a Fifth Thidr Bank in XXXX Mo. and i purchased another money order for a finder fee of XXXX and it shoed that someone had crossed through the pay to the order of and wrote over it with the name of XXXX XXXX and also crossed over my name, the purchasher and wrote XXXX XXXX on that also. My copy i receiced back was cashed on XX/XX/2017. this money order had been forged and cashed and Not by Me."
3996,Money transfer or service,"3 days ago i sent XXXX to XXXX dollares here to exchange it, there was not a message notifying me that the account was not able to recieve other way i would have use paypal, but they act in a very scammy way, they blocked my account i ok with that i do not need an account that is going to steal my earnings, so i asked them to give me my money and they decide to keep it and the last message says that they wont answer anymore, first time that a support solves in that fraudulent way, so is it fair that they are keeping my funds? who are they to steal from me i dont want o use AIRTM ANYMORE I DONT NEED IT, I WANT MY FUNDS DONT GET STEALED BY THIS SCUM"
3997,Mortgage,"I have a condo mortgage payment with Nationstar mortgage company. Nationstar mortgage has placed flood insurance into the escrow payments on my current mortgage payments. The flood insurance that they charged me for is for the entire building, not just my condo, which increased my monthly payments by {$620.00}. Flood insurance is paid by the condo association of my building and was paid in full in XXXX 2015 for the year. Nationstar collected money from me for this payment for the flood insurance for the entire building even though it was already paid in full. I make the monthly mortgage payments each month, but due to Nationstar 's inaccurate billing they are saying that my account is delinquent, when in fact it has been overpaid."
3998,Bank account or service,"I have opened a money market account and a realtionship checking account with them and the promotion code is XXXX XXXX- Promotion, XX/XX/XXXX, XXXX {$300.00}. where they agree to give me XXXX bonus as long as I put XXXX in their account and leave for 90 days. I follow their request and they refuse to give me bonus, claim that I need flyers to have that. However, it was a public offer that post online, and I have confirmed with banker for this as well, they keep that offer online even I tried to resolve the problem with them till XX/XX/XXXX. I am frustrated the bank service can't promise what they have to me. 

Go to the website, even now it is clear they still run this promo period to period. The requirement is exact the same. They just cheat with customer and tried to get our money, I am disappointed about commerce bank credit -- could not keep the word as they said on flyer. 
https : //www.commercebank.com/XXXX"
3999,Bank account or service,"Unauthorized transactions were made from my checking account with Chime after my XXXX account was hacked. The attacker used my debit card information to purchase XXXX and transfer the XXXX to other accounts without my authorization. After discovering the transactions, I immediately contacted XXXX support and reported the account compromise. XXXX confirmed that my account had been accessed by a hacker and restored my account access. I then filed a dispute with Chime for the unauthorized transactions and provided an explanation that the charges were fraudulent. However, Chime denied my dispute and refused to refund the unauthorized charges. I am requesting that Chime reopen the investigation and refund the money taken from my account due to these unauthorized transactions."