2026-10-08 21:38:18,329 INFO o.a.j.u.JMeterUtils: Setting Locale to en_EN
2026-10-08 21:38:18,341 INFO o.a.j.JMeter: Loading user properties from: C:\apache-jmeter-5.6.3\bin\user.properties
2026-10-08 21:38:18,341 INFO o.a.j.JMeter: Loading system properties from: C:\apache-jmeter-5.6.3\bin\system.properties
2026-10-08 21:38:18,341 INFO o.a.j.JMeter: Setting JMeter property: host=192.168.50.104
2026-10-08 21:38:18,341 INFO o.a.j.JMeter: Setting JMeter property: start_rate=50
2026-10-08 21:38:18,341 INFO o.a.j.JMeter: Setting JMeter property: end_rate=3200
2026-10-08 21:38:18,341 INFO o.a.j.JMeter: Setting JMeter property: duration=60
2026-10-08 21:38:18,341 INFO o.a.j.JMeter: Setting JMeter property: run_id=llama3_1_8b-stress
2026-10-08 21:38:18,341 INFO o.a.j.JMeter: Setting JMeter property: jmeter.save.saveservice.output_format=csv
2026-10-08 21:38:18,345 INFO o.a.j.JMeter: Copyright (c) 1998-2024 The Apache Software Foundation
2026-10-08 21:38:18,345 INFO o.a.j.JMeter: Version 5.6.3
2026-10-08 21:38:18,345 INFO o.a.j.JMeter: java.version=17
2026-10-08 21:38:18,345 INFO o.a.j.JMeter: java.vm.name=Java HotSpot(TM) 64-Bit Server VM
2026-10-08 21:38:18,345 INFO o.a.j.JMeter: os.name=Windows 10
2026-10-08 21:38:18,345 INFO o.a.j.JMeter: os.arch=amd64
2026-10-08 21:38:18,345 INFO o.a.j.JMeter: os.version=10.0
2026-10-08 21:38:18,345 INFO o.a.j.JMeter: file.encoding=Cp1252
2026-10-08 21:38:18,345 INFO o.a.j.JMeter: java.awt.headless=true
2026-10-08 21:38:18,345 INFO o.a.j.JMeter: Max memory     =1073741824
2026-10-08 21:38:18,345 INFO o.a.j.JMeter: Available Processors =20
2026-10-08 21:38:18,350 INFO o.a.j.JMeter: Default Locale=English (EN)
2026-10-08 21:38:18,350 INFO o.a.j.JMeter: JMeter  Locale=English (EN)
2026-10-08 21:38:18,350 INFO o.a.j.JMeter: JMeterHome=C:\apache-jmeter-5.6.3
2026-10-08 21:38:18,350 INFO o.a.j.JMeter: user.dir  =C:\Users\Ashley\Documents\GitHub\ICT3113_P2-3
2026-10-08 21:38:18,350 INFO o.a.j.JMeter: PWD       =C:\Users\Ashley\Documents\GitHub\ICT3113_P2-3
2026-10-08 21:38:18,351 INFO o.a.j.JMeter: IP: 192.168.50.172 Name: DESKTOP-FE7GKLN FullName: DESKTOP-FE7GKLN
2026-10-08 21:38:18,359 INFO o.a.j.s.FileServer: Default base='C:\Users\Ashley\Documents\GitHub\ICT3113_P2-3'
2026-10-08 21:38:18,360 INFO o.a.j.s.FileServer: Set new base='C:\Users\Ashley\Documents\GitHub\ICT3113_P2-3\jmeter'
2026-10-08 21:38:18,427 INFO o.a.j.s.SaveService: Testplan (JMX) version: 2.2. Testlog (JTL) version: 2.2
2026-10-08 21:38:18,438 INFO o.a.j.s.SaveService: Using SaveService properties version 5.0
2026-10-08 21:38:18,439 INFO o.a.j.s.SaveService: Using SaveService properties file encoding UTF-8
2026-10-08 21:38:18,441 INFO o.a.j.s.SaveService: Loading file: C:\Users\Ashley\Documents\GitHub\ICT3113_P2-3\jmeter\stress_test.jmx
2026-10-08 21:38:18,469 INFO o.a.j.p.h.s.HTTPSamplerBase: Parser for text/html is org.apache.jmeter.protocol.http.parser.LagartoBasedHtmlParser
2026-10-08 21:38:18,469 INFO o.a.j.p.h.s.HTTPSamplerBase: Parser for application/xhtml+xml is org.apache.jmeter.protocol.http.parser.LagartoBasedHtmlParser
2026-10-08 21:38:18,469 INFO o.a.j.p.h.s.HTTPSamplerBase: Parser for application/xml is org.apache.jmeter.protocol.http.parser.LagartoBasedHtmlParser
2026-10-08 21:38:18,469 INFO o.a.j.p.h.s.HTTPSamplerBase: Parser for text/xml is org.apache.jmeter.protocol.http.parser.LagartoBasedHtmlParser
2026-10-08 21:38:18,469 INFO o.a.j.p.h.s.HTTPSamplerBase: Parser for text/vnd.wap.wml is org.apache.jmeter.protocol.http.parser.RegexpHTMLParser
2026-10-08 21:38:18,469 INFO o.a.j.p.h.s.HTTPSamplerBase: Parser for text/css is org.apache.jmeter.protocol.http.parser.CssParser
2026-10-08 21:38:18,476 INFO o.a.j.JMeter: Creating summariser <summary>
2026-10-08 21:38:18,486 INFO o.a.j.e.StandardJMeterEngine: Running the test!
2026-10-08 21:38:18,486 INFO o.a.j.s.SampleEvent: List of sample_variables: []
2026-10-08 21:38:18,486 INFO o.a.j.s.SampleEvent: List of sample_variables: []
2026-10-08 21:38:18,488 INFO o.a.j.e.u.CompoundVariable: Note: Function class names must contain the string: '.functions.'
2026-10-08 21:38:18,489 INFO o.a.j.e.u.CompoundVariable: Note: Function class names must not contain the string: '.gui.'
2026-10-08 21:38:18,524 INFO o.a.j.JMeter: Running test (1791466698524)
2026-10-08 21:38:18,532 INFO o.a.j.e.StandardJMeterEngine: Starting ThreadGroup: 1 : Intake ramp
2026-10-08 21:38:18,532 INFO o.a.j.e.StandardJMeterEngine: Starting 0 threads for group Intake ramp.
2026-10-08 21:38:18,532 INFO o.a.j.e.StandardJMeterEngine: Thread will continue on error
2026-10-08 21:38:18,532 INFO o.a.j.t.o.OpenModelThreadGroup: Starting OpenModelThreadGroup#1 with schedule rate(50/hour) random_arrivals(60 min) rate(3200/hour)
2026-10-08 21:38:18,549 INFO o.a.j.e.StandardJMeterEngine: All thread groups have been started
2026-10-08 21:38:18,549 INFO o.a.j.t.o.OpenModelThreadGroup: Thread starting init
2026-10-08 21:38:18,552 INFO o.a.j.t.o.PoissonArrivalsRamp: Generating 1624 events, beginRate = 0.013888888888888888 / sec, endRate = 0.8888888888888888 / sec, duration = 3600.0 sec
2026-10-08 21:38:50,890 INFO o.a.j.t.JMeterThread: Thread started: Intake ramp 1-1
2026-10-08 21:38:50,891 INFO o.a.j.s.FileServer: Stored: narratives.txt
2026-10-08 21:38:50,903 INFO o.a.j.p.h.s.HTTPHCAbstractImpl: Local host = DESKTOP-FE7GKLN
2026-10-08 21:38:50,906 INFO o.a.j.p.h.s.HTTPHC4Impl: HTTP request retry count = 0
2026-10-08 21:38:50,906 INFO o.a.j.s.SampleResult: Note: Sample TimeStamps are START times
2026-10-08 21:38:50,906 INFO o.a.j.s.SampleResult: sampleresult.default.encoding is set to UTF-8
2026-10-08 21:38:50,906 INFO o.a.j.s.SampleResult: sampleresult.useNanoTime=true
2026-10-08 21:38:50,907 INFO o.a.j.s.SampleResult: sampleresult.nanoThreadSleep=5000
2026-10-08 21:38:51,674 INFO o.a.j.t.JMeterThread: Thread is done: Intake ramp 1-1
2026-10-08 21:38:51,674 INFO o.a.j.t.JMeterThread: Thread finished: Intake ramp 1-1
2026-10-08 21:39:02,084 INFO o.a.j.t.JMeterThread: Thread started: Intake ramp 1-2
2026-10-08 21:39:03,698 INFO o.a.j.r.Summariser: summary +      2 in 00:00:45 =    0.0/s Avg:  1170 Min:   731 Max:  1609 Err:     0 (0.00%) Active: 1 Started: 2 Finished: 1
2026-10-08 21:39:03,700 INFO o.a.j.t.JMeterThread: Thread is done: Intake ramp 1-2
2026-10-08 21:39:03,700 INFO o.a.j.t.JMeterThread: Thread finished: Intake ramp 1-2
2026-10-08 21:39:24,970 INFO o.a.j.t.JMeterThread: Thread started: Intake ramp 1-3
2026-10-08 21:39:28,769 INFO o.a.j.t.JMeterThread: Thread is done: Intake ramp 1-3
2026-10-08 21:39:28,769 INFO o.a.j.t.JMeterThread: Thread finished: Intake ramp 1-3
2026-10-08 21:40:02,791 INFO o.a.j.t.JMeterThread: Thread started: Intake ramp 1-4
2026-10-08 21:40:04,656 INFO o.a.j.r.Summariser: summary +      2 in 00:01:01 =    0.0/s Avg:  2830 Min:  1862 Max:  3798 Err:     0 (0.00%) Active: 1 Started: 4 Finished: 3
2026-10-08 21:40:04,656 INFO o.a.j.r.Summariser: summary =      4 in 00:01:46 =    0.0/s Avg:  2000 Min:   731 Max:  3798 Err:     0 (0.00%)
2026-10-08 21:40:04,658 INFO o.a.j.t.JMeterThread: Thread is done: Intake ramp 1-4
2026-10-08 21:40:04,658 INFO o.a.j.t.JMeterThread: Thread finished: Intake ramp 1-4
2026-10-08 21:40:11,959 INFO o.a.j.t.JMeterThread: Thread started: Intake ramp 1-5
2026-10-08 21:40:15,107 INFO o.a.j.t.JMeterThread: Thread is done: Intake ramp 1-5
2026-10-08 21:40:15,107 INFO o.a.j.t.JMeterThread: Thread finished: Intake ramp 1-5
2026-10-08 21:40:24,992 INFO o.a.j.t.JMeterThread: Thread started: Intake ramp 1-6
2026-10-08 21:40:25,605 INFO o.a.j.t.JMeterThread: Thread is done: Intake ramp 1-6
2026-10-08 21:40:25,605 INFO o.a.j.t.JMeterThread: Thread finished: Intake ramp 1-6
2026-10-08 21:40:26,100 INFO o.a.j.t.JMeterThread: Thread started: Intake ramp 1-7
2026-10-08 21:40:26,807 INFO o.a.j.t.JMeterThread: Thread is done: Intake ramp 1-7
2026-10-08 21:40:26,807 INFO o.a.j.t.JMeterThread: Thread finished: Intake ramp 1-7
2026-10-08 21:40:56,269 INFO o.a.j.t.JMeterThread: Thread started: Intake ramp 1-8
2026-10-08 21:40:58,450 INFO o.a.j.t.JMeterThread: Thread is done: Intake ramp 1-8
2026-10-08 21:40:58,450 INFO o.a.j.t.JMeterThread: Thread finished: Intake ramp 1-8
2026-10-08 21:41:23,257 INFO o.a.j.t.JMeterThread: Thread started: Intake ramp 1-9
2026-10-08 21:41:24,739 INFO o.a.j.t.JMeterThread: Thread is done: Intake ramp 1-9
2026-10-08 21:41:24,739 INFO o.a.j.t.JMeterThread: Thread finished: Intake ramp 1-9
2026-10-08 21:41:25,808 INFO o.a.j.t.JMeterThread: Thread started: Intake ramp 1-10
2026-10-08 21:41:27,165 INFO o.a.j.t.JMeterThread: Thread started: Intake ramp 1-11
2026-10-08 21:41:28,522 INFO o.a.j.t.JMeterThread: Thread is done: Intake ramp 1-10
2026-10-08 21:41:28,523 INFO o.a.j.t.JMeterThread: Thread finished: Intake ramp 1-10
2026-10-08 21:41:29,043 INFO o.a.j.t.JMeterThread: Thread is done: Intake ramp 1-11
2026-10-08 21:41:29,043 INFO o.a.j.t.JMeterThread: Thread finished: Intake ramp 1-11
2026-10-08 21:41:53,987 INFO o.a.j.t.JMeterThread: Thread started: Intake ramp 1-12
2026-10-08 21:41:54,620 INFO o.a.j.t.JMeterThread: Thread is done: Intake ramp 1-12
2026-10-08 21:41:54,621 INFO o.a.j.t.JMeterThread: Thread finished: Intake ramp 1-12
2026-10-08 21:42:22,623 INFO o.a.j.t.JMeterThread: Thread started: Intake ramp 1-13
2026-10-08 21:42:24,786 INFO o.a.j.t.JMeterThread: Thread is done: Intake ramp 1-13
2026-10-08 21:42:24,786 INFO o.a.j.t.JMeterThread: Thread finished: Intake ramp 1-13
2026-10-08 21:42:32,065 INFO o.a.j.t.JMeterThread: Thread started: Intake ramp 1-14
2026-10-08 21:42:32,538 INFO o.a.j.t.JMeterThread: Thread started: Intake ramp 1-15
2026-10-08 21:42:33,607 INFO o.a.j.r.Summariser: summary +     10 in 00:02:29 =    0.1/s Avg:  1703 Min:   610 Max:  3145 Err:     0 (0.00%) Active: 2 Started: 15 Finished: 13
2026-10-08 21:42:33,608 INFO o.a.j.r.Summariser: summary =     14 in 00:04:15 =    0.1/s Avg:  1787 Min:   610 Max:  3798 Err:     0 (0.00%)
2026-10-08 21:42:33,609 INFO o.a.j.t.JMeterThread: Thread is done: Intake ramp 1-14
2026-10-08 21:42:33,609 INFO o.a.j.t.JMeterThread: Thread finished: Intake ramp 1-14
2026-10-08 21:42:36,321 INFO o.a.j.t.JMeterThread: Thread is done: Intake ramp 1-15
2026-10-08 21:42:36,321 INFO o.a.j.t.JMeterThread: Thread finished: Intake ramp 1-15
2026-10-08 21:42:53,412 INFO o.a.j.t.JMeterThread: Thread started: Intake ramp 1-16
2026-10-08 21:42:53,954 INFO o.a.j.t.JMeterThread: Thread is done: Intake ramp 1-16
2026-10-08 21:42:53,954 INFO o.a.j.t.JMeterThread: Thread finished: Intake ramp 1-16
2026-10-08 21:43:27,283 INFO o.a.j.t.JMeterThread: Thread started: Intake ramp 1-17
2026-10-08 21:43:27,935 INFO o.a.j.t.JMeterThread: Thread is done: Intake ramp 1-17
2026-10-08 21:43:27,936 INFO o.a.j.t.JMeterThread: Thread finished: Intake ramp 1-17
2026-10-08 21:43:28,376 INFO o.a.j.t.JMeterThread: Thread started: Intake ramp 1-18
2026-10-08 21:43:29,864 INFO o.a.j.t.JMeterThread: Thread is done: Intake ramp 1-18
2026-10-08 21:43:29,864 INFO o.a.j.t.JMeterThread: Thread finished: Intake ramp 1-18
2026-10-08 21:43:35,022 INFO o.a.j.t.JMeterThread: Thread started: Intake ramp 1-19
2026-10-08 21:43:37,377 INFO o.a.j.t.JMeterThread: Thread is done: Intake ramp 1-19
2026-10-08 21:43:37,377 INFO o.a.j.t.JMeterThread: Thread finished: Intake ramp 1-19
2026-10-08 21:43:53,843 INFO o.a.j.t.JMeterThread: Thread started: Intake ramp 1-20
2026-10-08 21:43:54,983 INFO o.a.j.t.JMeterThread: Thread is done: Intake ramp 1-20
2026-10-08 21:43:54,983 INFO o.a.j.t.JMeterThread: Thread finished: Intake ramp 1-20
2026-10-08 21:44:10,032 INFO o.a.j.t.JMeterThread: Thread started: Intake ramp 1-21
2026-10-08 21:44:12,413 INFO o.a.j.t.JMeterThread: Thread is done: Intake ramp 1-21
2026-10-08 21:44:12,414 INFO o.a.j.t.JMeterThread: Thread finished: Intake ramp 1-21
2026-10-08 21:44:18,126 INFO o.a.j.t.JMeterThread: Thread started: Intake ramp 1-22
2026-10-08 21:44:18,695 INFO o.a.j.t.JMeterThread: Thread is done: Intake ramp 1-22
2026-10-08 21:44:18,695 INFO o.a.j.t.JMeterThread: Thread finished: Intake ramp 1-22
2026-10-08 21:44:21,210 INFO o.a.j.t.JMeterThread: Thread started: Intake ramp 1-23
2026-10-08 21:44:22,259 INFO o.a.j.t.JMeterThread: Thread is done: Intake ramp 1-23
2026-10-08 21:44:22,259 INFO o.a.j.t.JMeterThread: Thread finished: Intake ramp 1-23
2026-10-08 21:44:22,376 INFO o.a.j.t.JMeterThread: Thread started: Intake ramp 1-24
2026-10-08 21:44:25,480 INFO o.a.j.t.JMeterThread: Thread is done: Intake ramp 1-24
2026-10-08 21:44:25,481 INFO o.a.j.t.JMeterThread: Thread finished: Intake ramp 1-24
2026-10-08 21:44:31,657 INFO o.a.j.t.JMeterThread: Thread started: Intake ramp 1-25
2026-10-08 21:44:32,122 INFO o.a.j.t.JMeterThread: Thread started: Intake ramp 1-26
2026-10-08 21:44:32,223 INFO o.a.j.r.Summariser: summary +     11 in 00:01:59 =    0.1/s Avg:  1600 Min:   540 Max:  3782 Err:     0 (0.00%) Active: 2 Started: 26 Finished: 24
2026-10-08 21:44:32,224 INFO o.a.j.r.Summariser: summary =     25 in 00:06:14 =    0.1/s Avg:  1705 Min:   540 Max:  3798 Err:     0 (0.00%)
2026-10-08 21:44:32,224 INFO o.a.j.t.JMeterThread: Thread is done: Intake ramp 1-25
2026-10-08 21:44:32,224 INFO o.a.j.t.JMeterThread: Thread finished: Intake ramp 1-25
2026-10-08 21:44:34,021 INFO o.a.j.t.JMeterThread: Thread is done: Intake ramp 1-26
2026-10-08 21:44:34,022 INFO o.a.j.t.JMeterThread: Thread finished: Intake ramp 1-26
2026-10-08 21:44:47,917 INFO o.a.j.t.JMeterThread: Thread started: Intake ramp 1-27
2026-10-08 21:44:51,950 INFO o.a.j.t.JMeterThread: Thread is done: Intake ramp 1-27
2026-10-08 21:44:51,950 INFO o.a.j.t.JMeterThread: Thread finished: Intake ramp 1-27
2026-10-08 21:44:58,103 INFO o.a.j.t.JMeterThread: Thread started: Intake ramp 1-28
2026-10-08 21:44:58,409 INFO o.a.j.t.JMeterThread: Thread started: Intake ramp 1-29
2026-10-08 21:44:58,675 INFO o.a.j.t.JMeterThread: Thread is done: Intake ramp 1-28
2026-10-08 21:44:58,675 INFO o.a.j.t.JMeterThread: Thread finished: Intake ramp 1-28
2026-10-08 21:45:00,408 INFO o.a.j.r.Summariser: summary +      4 in 00:00:28 =    0.1/s Avg:  2123 Min:   569 Max:  4031 Err:     0 (0.00%) Active: 1 Started: 29 Finished: 28
2026-10-08 21:45:00,409 INFO o.a.j.r.Summariser: summary =     29 in 00:06:42 =    0.1/s Avg:  1763 Min:   540 Max:  4031 Err:     0 (0.00%)
2026-10-08 21:45:00,410 INFO o.a.j.t.JMeterThread: Thread is done: Intake ramp 1-29
2026-10-08 21:45:00,410 INFO o.a.j.t.JMeterThread: Thread finished: Intake ramp 1-29
2026-10-08 21:45:16,188 INFO o.a.j.t.JMeterThread: Thread started: Intake ramp 1-30
2026-10-08 21:45:17,665 INFO o.a.j.t.JMeterThread: Thread started: Intake ramp 1-31
2026-10-08 21:45:18,899 INFO o.a.j.t.JMeterThread: Thread started: Intake ramp 1-32
2026-10-08 21:45:19,835 INFO o.a.j.t.JMeterThread: Thread is done: Intake ramp 1-30
2026-10-08 21:45:19,835 INFO o.a.j.t.JMeterThread: Thread finished: Intake ramp 1-30
2026-10-08 21:45:22,152 INFO o.a.j.t.JMeterThread: Thread is done: Intake ramp 1-31
2026-10-08 21:45:22,153 INFO o.a.j.t.JMeterThread: Thread finished: Intake ramp 1-31
2026-10-08 21:45:24,059 INFO o.a.j.t.JMeterThread: Thread is done: Intake ramp 1-32
2026-10-08 21:45:24,059 INFO o.a.j.t.JMeterThread: Thread finished: Intake ramp 1-32
2026-10-08 21:45:31,240 INFO o.a.j.t.JMeterThread: Thread started: Intake ramp 1-33
2026-10-08 21:45:33,384 INFO o.a.j.r.Summariser: summary +      4 in 00:00:33 =    0.1/s Avg:  3857 Min:  2141 Max:  5157 Err:     0 (0.00%) Active: 1 Started: 33 Finished: 32
2026-10-08 21:45:33,386 INFO o.a.j.r.Summariser: summary =     33 in 00:07:15 =    0.1/s Avg:  2016 Min:   540 Max:  5157 Err:     0 (0.00%)
2026-10-08 21:45:33,387 INFO o.a.j.t.JMeterThread: Thread is done: Intake ramp 1-33
2026-10-08 21:45:33,387 INFO o.a.j.t.JMeterThread: Thread finished: Intake ramp 1-33
2026-10-08 21:45:37,966 INFO o.a.j.t.JMeterThread: Thread started: Intake ramp 1-34
2026-10-08 21:45:41,048 INFO o.a.j.t.JMeterThread: Thread is done: Intake ramp 1-34
2026-10-08 21:45:41,048 INFO o.a.j.t.JMeterThread: Thread finished: Intake ramp 1-34
2026-10-08 21:45:42,821 INFO o.a.j.t.JMeterThread: Thread started: Intake ramp 1-35
2026-10-08 21:45:46,180 INFO o.a.j.t.JMeterThread: Thread is done: Intake ramp 1-35
2026-10-08 21:45:46,180 INFO o.a.j.t.JMeterThread: Thread finished: Intake ramp 1-35
2026-10-08 21:45:46,316 INFO o.a.j.t.JMeterThread: Thread started: Intake ramp 1-36
2026-10-08 21:45:48,796 INFO o.a.j.t.JMeterThread: Thread started: Intake ramp 1-37
2026-10-08 21:45:49,457 INFO o.a.j.t.JMeterThread: Thread is done: Intake ramp 1-36
2026-10-08 21:45:49,457 INFO o.a.j.t.JMeterThread: Thread finished: Intake ramp 1-36
2026-10-08 21:45:51,741 INFO o.a.j.t.JMeterThread: Thread is done: Intake ramp 1-37
2026-10-08 21:45:51,742 INFO o.a.j.t.JMeterThread: Thread finished: Intake ramp 1-37
2026-10-08 21:46:14,490 INFO o.a.j.t.JMeterThread: Thread started: Intake ramp 1-38
2026-10-08 21:46:16,461 INFO o.a.j.t.JMeterThread: Thread is done: Intake ramp 1-38
2026-10-08 21:46:16,461 INFO o.a.j.t.JMeterThread: Thread finished: Intake ramp 1-38
2026-10-08 21:46:16,611 INFO o.a.j.t.JMeterThread: Thread started: Intake ramp 1-39
2026-10-08 21:46:18,467 INFO o.a.j.t.JMeterThread: Thread is done: Intake ramp 1-39
2026-10-08 21:46:18,467 INFO o.a.j.t.JMeterThread: Thread finished: Intake ramp 1-39
2026-10-08 21:46:21,682 INFO o.a.j.t.JMeterThread: Thread started: Intake ramp 1-40
2026-10-08 21:46:24,806 INFO o.a.j.t.JMeterThread: Thread is done: Intake ramp 1-40
2026-10-08 21:46:24,806 INFO o.a.j.t.JMeterThread: Thread finished: Intake ramp 1-40
2026-10-08 21:46:26,045 INFO o.a.j.t.JMeterThread: Thread started: Intake ramp 1-41
2026-10-08 21:46:27,080 INFO o.a.j.t.JMeterThread: Thread started: Intake ramp 1-42
2026-10-08 21:46:27,699 INFO o.a.j.t.JMeterThread: Thread started: Intake ramp 1-43
2026-10-08 21:46:28,720 INFO o.a.j.t.JMeterThread: Thread is done: Intake ramp 1-41
2026-10-08 21:46:28,720 INFO o.a.j.t.JMeterThread: Thread finished: Intake ramp 1-41
2026-10-08 21:46:31,217 INFO o.a.j.r.Summariser: summary +      9 in 00:00:58 =    0.2/s Avg:  2919 Min:  1854 Max:  4135 Err:     0 (0.00%) Active: 2 Started: 43 Finished: 41
2026-10-08 21:46:31,217 INFO o.a.j.r.Summariser: summary =     42 in 00:08:13 =    0.1/s Avg:  2210 Min:   540 Max:  5157 Err:     0 (0.00%)
2026-10-08 21:46:31,217 INFO o.a.j.t.JMeterThread: Thread is done: Intake ramp 1-42
2026-10-08 21:46:31,217 INFO o.a.j.t.JMeterThread: Thread finished: Intake ramp 1-42
2026-10-08 21:46:34,034 INFO o.a.j.t.JMeterThread: Thread started: Intake ramp 1-44
2026-10-08 21:46:35,064 INFO o.a.j.t.JMeterThread: Thread is done: Intake ramp 1-43
2026-10-08 21:46:35,064 INFO o.a.j.t.JMeterThread: Thread finished: Intake ramp 1-43
2026-10-08 21:46:38,633 INFO o.a.j.t.JMeterThread: Thread is done: Intake ramp 1-44
2026-10-08 21:46:38,633 INFO o.a.j.t.JMeterThread: Thread finished: Intake ramp 1-44
2026-10-08 21:46:40,708 INFO o.a.j.t.JMeterThread: Thread started: Intake ramp 1-45
2026-10-08 21:46:44,837 INFO o.a.j.t.JMeterThread: Thread is done: Intake ramp 1-45
2026-10-08 21:46:44,837 INFO o.a.j.t.JMeterThread: Thread finished: Intake ramp 1-45
2026-10-08 21:46:56,823 INFO o.a.j.t.JMeterThread: Thread started: Intake ramp 1-46
2026-10-08 21:46:58,257 INFO o.a.j.t.JMeterThread: Thread is done: Intake ramp 1-46
2026-10-08 21:46:58,257 INFO o.a.j.t.JMeterThread: Thread finished: Intake ramp 1-46
2026-10-08 21:47:12,660 INFO o.a.j.t.JMeterThread: Thread started: Intake ramp 1-47
2026-10-08 21:47:15,119 INFO o.a.j.t.JMeterThread: Thread is done: Intake ramp 1-47
2026-10-08 21:47:15,119 INFO o.a.j.t.JMeterThread: Thread finished: Intake ramp 1-47
2026-10-08 21:47:16,427 INFO o.a.j.t.JMeterThread: Thread started: Intake ramp 1-48
2026-10-08 21:47:17,493 INFO o.a.j.t.JMeterThread: Thread started: Intake ramp 1-49
2026-10-08 21:47:18,997 INFO o.a.j.t.JMeterThread: Thread is done: Intake ramp 1-48
2026-10-08 21:47:18,997 INFO o.a.j.t.JMeterThread: Thread finished: Intake ramp 1-48
2026-10-08 21:47:21,791 INFO o.a.j.t.JMeterThread: Thread started: Intake ramp 1-50
2026-10-08 21:47:22,678 INFO o.a.j.t.JMeterThread: Thread is done: Intake ramp 1-49
2026-10-08 21:47:22,678 INFO o.a.j.t.JMeterThread: Thread finished: Intake ramp 1-49
2026-10-08 21:47:24,318 INFO o.a.j.t.JMeterThread: Thread is done: Intake ramp 1-50
2026-10-08 21:47:24,318 INFO o.a.j.t.JMeterThread: Thread finished: Intake ramp 1-50
2026-10-08 21:47:25,740 INFO o.a.j.t.JMeterThread: Thread started: Intake ramp 1-51
2026-10-08 21:47:27,068 INFO o.a.j.t.JMeterThread: Thread started: Intake ramp 1-52
2026-10-08 21:47:27,311 INFO o.a.j.t.JMeterThread: Thread is done: Intake ramp 1-51
2026-10-08 21:47:27,311 INFO o.a.j.t.JMeterThread: Thread finished: Intake ramp 1-51
2026-10-08 21:47:28,943 INFO o.a.j.t.JMeterThread: Thread started: Intake ramp 1-53
2026-10-08 21:47:29,697 INFO o.a.j.t.JMeterThread: Thread started: Intake ramp 1-54
2026-10-08 21:47:31,029 INFO o.a.j.r.Summariser: summary +     10 in 00:01:00 =    0.2/s Avg:  3577 Min:  1432 Max:  7364 Err:     0 (0.00%) Active: 3 Started: 54 Finished: 51
2026-10-08 21:47:31,031 INFO o.a.j.r.Summariser: summary =     52 in 00:09:13 =    0.1/s Avg:  2473 Min:   540 Max:  7364 Err:     0 (0.00%)
2026-10-08 21:47:31,031 INFO o.a.j.t.JMeterThread: Thread is done: Intake ramp 1-52
2026-10-08 21:47:31,031 INFO o.a.j.t.JMeterThread: Thread finished: Intake ramp 1-52
2026-10-08 21:47:32,405 INFO o.a.j.t.JMeterThread: Thread is done: Intake ramp 1-53
2026-10-08 21:47:32,406 INFO o.a.j.t.JMeterThread: Thread finished: Intake ramp 1-53
2026-10-08 21:47:34,188 INFO o.a.j.t.JMeterThread: Thread is done: Intake ramp 1-54
2026-10-08 21:47:34,188 INFO o.a.j.t.JMeterThread: Thread finished: Intake ramp 1-54
2026-10-08 21:47:52,202 INFO o.a.j.t.JMeterThread: Thread started: Intake ramp 1-55
2026-10-08 21:47:53,403 INFO o.a.j.t.JMeterThread: Thread is done: Intake ramp 1-55
2026-10-08 21:47:53,403 INFO o.a.j.t.JMeterThread: Thread finished: Intake ramp 1-55
2026-10-08 21:48:00,209 INFO o.a.j.t.JMeterThread: Thread started: Intake ramp 1-56
2026-10-08 21:48:04,235 INFO o.a.j.t.JMeterThread: Thread started: Intake ramp 1-57
2026-10-08 21:48:04,544 INFO o.a.j.r.Summariser: summary +      4 in 00:00:34 =    0.1/s Avg:  3369 Min:  1199 Max:  4486 Err:     0 (0.00%) Active: 2 Started: 57 Finished: 55
2026-10-08 21:48:04,545 INFO o.a.j.r.Summariser: summary =     56 in 00:09:46 =    0.1/s Avg:  2537 Min:   540 Max:  7364 Err:     0 (0.00%)
2026-10-08 21:48:04,545 INFO o.a.j.t.JMeterThread: Thread is done: Intake ramp 1-56
2026-10-08 21:48:04,545 INFO o.a.j.t.JMeterThread: Thread finished: Intake ramp 1-56
2026-10-08 21:48:07,389 INFO o.a.j.t.JMeterThread: Thread is done: Intake ramp 1-57
2026-10-08 21:48:07,389 INFO o.a.j.t.JMeterThread: Thread finished: Intake ramp 1-57
2026-10-08 21:48:08,560 INFO o.a.j.t.JMeterThread: Thread started: Intake ramp 1-58
2026-10-08 21:48:10,667 INFO o.a.j.t.JMeterThread: Thread is done: Intake ramp 1-58
2026-10-08 21:48:10,667 INFO o.a.j.t.JMeterThread: Thread finished: Intake ramp 1-58
2026-10-08 21:48:11,600 INFO o.a.j.t.JMeterThread: Thread started: Intake ramp 1-59
2026-10-08 21:48:13,610 INFO o.a.j.t.JMeterThread: Thread is done: Intake ramp 1-59
2026-10-08 21:48:13,611 INFO o.a.j.t.JMeterThread: Thread finished: Intake ramp 1-59
2026-10-08 21:48:16,106 INFO o.a.j.t.JMeterThread: Thread started: Intake ramp 1-60
2026-10-08 21:48:17,802 INFO o.a.j.t.JMeterThread: Thread is done: Intake ramp 1-60
2026-10-08 21:48:17,802 INFO o.a.j.t.JMeterThread: Thread finished: Intake ramp 1-60
2026-10-08 21:48:26,487 INFO o.a.j.t.JMeterThread: Thread started: Intake ramp 1-61
2026-10-08 21:48:29,953 INFO o.a.j.t.JMeterThread: Thread is done: Intake ramp 1-61
2026-10-08 21:48:29,953 INFO o.a.j.t.JMeterThread: Thread finished: Intake ramp 1-61
2026-10-08 21:48:34,507 INFO o.a.j.t.JMeterThread: Thread started: Intake ramp 1-62
2026-10-08 21:48:35,238 INFO o.a.j.t.JMeterThread: Thread started: Intake ramp 1-63
2026-10-08 21:48:39,129 INFO o.a.j.t.JMeterThread: Thread is done: Intake ramp 1-62
2026-10-08 21:48:39,129 INFO o.a.j.t.JMeterThread: Thread finished: Intake ramp 1-62
2026-10-08 21:48:39,748 INFO o.a.j.t.JMeterThread: Thread started: Intake ramp 1-64
2026-10-08 21:48:40,283 INFO o.a.j.t.JMeterThread: Thread started: Intake ramp 1-65
2026-10-08 21:48:41,274 INFO o.a.j.t.JMeterThread: Thread is done: Intake ramp 1-63
2026-10-08 21:48:41,274 INFO o.a.j.t.JMeterThread: Thread finished: Intake ramp 1-63
2026-10-08 21:48:43,924 INFO o.a.j.t.JMeterThread: Thread is done: Intake ramp 1-64
2026-10-08 21:48:43,924 INFO o.a.j.t.JMeterThread: Thread finished: Intake ramp 1-64
2026-10-08 21:48:44,270 INFO o.a.j.t.JMeterThread: Thread started: Intake ramp 1-66
2026-10-08 21:48:45,781 INFO o.a.j.t.JMeterThread: Thread is done: Intake ramp 1-65
2026-10-08 21:48:45,781 INFO o.a.j.t.JMeterThread: Thread finished: Intake ramp 1-65
2026-10-08 21:48:46,818 INFO o.a.j.t.JMeterThread: Thread is done: Intake ramp 1-66
2026-10-08 21:48:46,818 INFO o.a.j.t.JMeterThread: Thread finished: Intake ramp 1-66
2026-10-08 21:48:48,653 INFO o.a.j.t.JMeterThread: Thread started: Intake ramp 1-67
2026-10-08 21:48:52,855 INFO o.a.j.t.JMeterThread: Thread is done: Intake ramp 1-67
2026-10-08 21:48:52,855 INFO o.a.j.t.JMeterThread: Thread finished: Intake ramp 1-67
2026-10-08 21:48:57,884 INFO o.a.j.t.JMeterThread: Thread started: Intake ramp 1-68
2026-10-08 21:49:00,266 INFO o.a.j.r.Summariser: summary +     12 in 00:00:56 =    0.2/s Avg:  3488 Min:  1694 Max:  6033 Err:     0 (0.00%) Active: 1 Started: 68 Finished: 67
2026-10-08 21:49:00,267 INFO o.a.j.r.Summariser: summary =     68 in 00:10:42 =    0.1/s Avg:  2705 Min:   540 Max:  7364 Err:     0 (0.00%)
2026-10-08 21:49:00,267 INFO o.a.j.t.JMeterThread: Thread is done: Intake ramp 1-68
2026-10-08 21:49:00,267 INFO o.a.j.t.JMeterThread: Thread finished: Intake ramp 1-68
2026-10-08 21:49:26,822 INFO o.a.j.t.JMeterThread: Thread started: Intake ramp 1-69
2026-10-08 21:49:27,087 INFO o.a.j.t.JMeterThread: Thread started: Intake ramp 1-70
2026-10-08 21:49:30,510 INFO o.a.j.r.Summariser: summary +      1 in 00:00:30 =    0.0/s Avg:  3686 Min:  3686 Max:  3686 Err:     0 (0.00%) Active: 2 Started: 70 Finished: 68
2026-10-08 21:49:30,511 INFO o.a.j.r.Summariser: summary =     69 in 00:11:12 =    0.1/s Avg:  2719 Min:   540 Max:  7364 Err:     0 (0.00%)
2026-10-08 21:49:30,512 INFO o.a.j.t.JMeterThread: Thread is done: Intake ramp 1-69
2026-10-08 21:49:30,512 INFO o.a.j.t.JMeterThread: Thread finished: Intake ramp 1-69
2026-10-08 21:49:31,637 INFO o.a.j.t.JMeterThread: Thread started: Intake ramp 1-71
2026-10-08 21:49:34,095 INFO o.a.j.t.JMeterThread: Thread is done: Intake ramp 1-70
2026-10-08 21:49:34,095 INFO o.a.j.t.JMeterThread: Thread finished: Intake ramp 1-70
2026-10-08 21:49:37,475 INFO o.a.j.t.JMeterThread: Thread started: Intake ramp 1-72
2026-10-08 21:49:38,605 INFO o.a.j.t.JMeterThread: Thread is done: Intake ramp 1-71
2026-10-08 21:49:38,605 INFO o.a.j.t.JMeterThread: Thread finished: Intake ramp 1-71
2026-10-08 21:49:41,209 INFO o.a.j.t.JMeterThread: Thread started: Intake ramp 1-73
2026-10-08 21:49:41,984 INFO o.a.j.t.JMeterThread: Thread is done: Intake ramp 1-72
2026-10-08 21:49:41,984 INFO o.a.j.t.JMeterThread: Thread finished: Intake ramp 1-72
2026-10-08 21:49:44,792 INFO o.a.j.t.JMeterThread: Thread is done: Intake ramp 1-73
2026-10-08 21:49:44,792 INFO o.a.j.t.JMeterThread: Thread finished: Intake ramp 1-73
2026-10-08 21:49:46,280 INFO o.a.j.t.JMeterThread: Thread started: Intake ramp 1-74
2026-10-08 21:49:49,093 INFO o.a.j.t.JMeterThread: Thread started: Intake ramp 1-75
2026-10-08 21:49:50,092 INFO o.a.j.t.JMeterThread: Thread is done: Intake ramp 1-74
2026-10-08 21:49:50,092 INFO o.a.j.t.JMeterThread: Thread finished: Intake ramp 1-74
2026-10-08 21:49:51,645 INFO o.a.j.t.JMeterThread: Thread started: Intake ramp 1-76
2026-10-08 21:49:52,592 INFO o.a.j.t.JMeterThread: Thread is done: Intake ramp 1-75
2026-10-08 21:49:52,593 INFO o.a.j.t.JMeterThread: Thread finished: Intake ramp 1-75
2026-10-08 21:49:52,935 INFO o.a.j.t.JMeterThread: Thread started: Intake ramp 1-77
2026-10-08 21:49:54,714 INFO o.a.j.t.JMeterThread: Thread is done: Intake ramp 1-76
2026-10-08 21:49:54,715 INFO o.a.j.t.JMeterThread: Thread finished: Intake ramp 1-76
2026-10-08 21:49:57,971 INFO o.a.j.t.JMeterThread: Thread is done: Intake ramp 1-77
2026-10-08 21:49:57,972 INFO o.a.j.t.JMeterThread: Thread finished: Intake ramp 1-77
2026-10-08 21:50:14,377 INFO o.a.j.t.JMeterThread: Thread started: Intake ramp 1-78
2026-10-08 21:50:17,163 INFO o.a.j.t.JMeterThread: Thread is done: Intake ramp 1-78
2026-10-08 21:50:17,163 INFO o.a.j.t.JMeterThread: Thread finished: Intake ramp 1-78
2026-10-08 21:50:24,504 INFO o.a.j.t.JMeterThread: Thread started: Intake ramp 1-79
2026-10-08 21:50:26,635 INFO o.a.j.t.JMeterThread: Thread is done: Intake ramp 1-79
2026-10-08 21:50:26,635 INFO o.a.j.t.JMeterThread: Thread finished: Intake ramp 1-79
2026-10-08 21:50:33,414 INFO o.a.j.t.JMeterThread: Thread started: Intake ramp 1-80
2026-10-08 21:50:35,617 INFO o.a.j.r.Summariser: summary +     11 in 00:01:05 =    0.2/s Avg:  4052 Min:  2130 Max:  7006 Err:     0 (0.00%) Active: 1 Started: 80 Finished: 79
2026-10-08 21:50:35,619 INFO o.a.j.r.Summariser: summary =     80 in 00:12:17 =    0.1/s Avg:  2902 Min:   540 Max:  7364 Err:     0 (0.00%)
2026-10-08 21:50:35,620 INFO o.a.j.t.JMeterThread: Thread is done: Intake ramp 1-80
2026-10-08 21:50:35,620 INFO o.a.j.t.JMeterThread: Thread finished: Intake ramp 1-80
2026-10-08 21:50:38,581 INFO o.a.j.t.JMeterThread: Thread started: Intake ramp 1-81
2026-10-08 21:50:38,927 INFO o.a.j.t.JMeterThread: Thread started: Intake ramp 1-82
2026-10-08 21:50:41,095 INFO o.a.j.t.JMeterThread: Thread is done: Intake ramp 1-81
2026-10-08 21:50:41,095 INFO o.a.j.t.JMeterThread: Thread finished: Intake ramp 1-81
2026-10-08 21:50:45,998 INFO o.a.j.t.JMeterThread: Thread is done: Intake ramp 1-82
2026-10-08 21:50:45,998 INFO o.a.j.t.JMeterThread: Thread finished: Intake ramp 1-82
2026-10-08 21:50:54,643 INFO o.a.j.t.JMeterThread: Thread started: Intake ramp 1-83
2026-10-08 21:50:55,524 INFO o.a.j.t.JMeterThread: Thread started: Intake ramp 1-84
2026-10-08 21:50:57,290 INFO o.a.j.t.JMeterThread: Thread started: Intake ramp 1-85
2026-10-08 21:50:59,079 INFO o.a.j.t.JMeterThread: Thread is done: Intake ramp 1-83
2026-10-08 21:50:59,079 INFO o.a.j.t.JMeterThread: Thread finished: Intake ramp 1-83
2026-10-08 21:50:59,313 INFO o.a.j.t.JMeterThread: Thread started: Intake ramp 1-86
2026-10-08 21:51:02,025 INFO o.a.j.r.Summariser: summary +      4 in 00:00:26 =    0.2/s Avg:  5127 Min:  2512 Max:  7068 Err:     0 (0.00%) Active: 3 Started: 86 Finished: 83
2026-10-08 21:51:02,026 INFO o.a.j.r.Summariser: summary =     84 in 00:12:44 =    0.1/s Avg:  3008 Min:   540 Max:  7364 Err:     0 (0.00%)
2026-10-08 21:51:02,026 INFO o.a.j.t.JMeterThread: Thread is done: Intake ramp 1-84
2026-10-08 21:51:02,026 INFO o.a.j.t.JMeterThread: Thread finished: Intake ramp 1-84
2026-10-08 21:51:03,727 INFO o.a.j.t.JMeterThread: Thread started: Intake ramp 1-87
2026-10-08 21:51:03,967 INFO o.a.j.t.JMeterThread: Thread started: Intake ramp 1-88
2026-10-08 21:51:07,001 INFO o.a.j.t.JMeterThread: Thread is done: Intake ramp 1-85
2026-10-08 21:51:07,001 INFO o.a.j.t.JMeterThread: Thread finished: Intake ramp 1-85
2026-10-08 21:51:08,931 INFO o.a.j.t.JMeterThread: Thread is done: Intake ramp 1-86
2026-10-08 21:51:08,931 INFO o.a.j.t.JMeterThread: Thread finished: Intake ramp 1-86
2026-10-08 21:51:12,199 INFO o.a.j.t.JMeterThread: Thread is done: Intake ramp 1-87
2026-10-08 21:51:12,199 INFO o.a.j.t.JMeterThread: Thread finished: Intake ramp 1-87
2026-10-08 21:51:15,648 INFO o.a.j.t.JMeterThread: Thread is done: Intake ramp 1-88
2026-10-08 21:51:15,648 INFO o.a.j.t.JMeterThread: Thread finished: Intake ramp 1-88
2026-10-08 21:51:20,991 INFO o.a.j.t.JMeterThread: Thread started: Intake ramp 1-89
2026-10-08 21:51:22,734 INFO o.a.j.t.JMeterThread: Thread is done: Intake ramp 1-89
2026-10-08 21:51:22,734 INFO o.a.j.t.JMeterThread: Thread finished: Intake ramp 1-89
2026-10-08 21:51:29,713 INFO o.a.j.t.JMeterThread: Thread started: Intake ramp 1-90
2026-10-08 21:51:30,768 INFO o.a.j.t.JMeterThread: Thread started: Intake ramp 1-91
2026-10-08 21:51:31,071 INFO o.a.j.r.Summariser: summary +      6 in 00:00:29 =    0.2/s Avg:  7094 Min:  1355 Max: 11678 Err:     0 (0.00%) Active: 2 Started: 91 Finished: 89
2026-10-08 21:51:31,073 INFO o.a.j.r.Summariser: summary =     90 in 00:13:13 =    0.1/s Avg:  3281 Min:   540 Max: 11678 Err:     0 (0.00%)
2026-10-08 21:51:31,074 INFO o.a.j.t.JMeterThread: Thread is done: Intake ramp 1-90
2026-10-08 21:51:31,074 INFO o.a.j.t.JMeterThread: Thread finished: Intake ramp 1-90
2026-10-08 21:51:31,762 INFO o.a.j.t.JMeterThread: Thread started: Intake ramp 1-92
2026-10-08 21:51:34,352 INFO o.a.j.t.JMeterThread: Thread is done: Intake ramp 1-91
2026-10-08 21:51:34,352 INFO o.a.j.t.JMeterThread: Thread finished: Intake ramp 1-91
2026-10-08 21:51:38,905 INFO o.a.j.t.JMeterThread: Thread is done: Intake ramp 1-92
2026-10-08 21:51:38,905 INFO o.a.j.t.JMeterThread: Thread finished: Intake ramp 1-92
2026-10-08 21:51:39,130 INFO o.a.j.t.JMeterThread: Thread started: Intake ramp 1-93
2026-10-08 21:51:43,096 INFO o.a.j.t.JMeterThread: Thread is done: Intake ramp 1-93
2026-10-08 21:51:43,096 INFO o.a.j.t.JMeterThread: Thread finished: Intake ramp 1-93
2026-10-08 21:51:59,530 INFO o.a.j.t.JMeterThread: Thread started: Intake ramp 1-94
2026-10-08 21:52:00,844 INFO o.a.j.r.Summariser: summary +      4 in 00:00:30 =    0.1/s Avg:  4000 Min:  1313 Max:  7140 Err:     0 (0.00%) Active: 1 Started: 94 Finished: 93
2026-10-08 21:52:00,845 INFO o.a.j.r.Summariser: summary =     94 in 00:13:42 =    0.1/s Avg:  3311 Min:   540 Max: 11678 Err:     0 (0.00%)
2026-10-08 21:52:00,846 INFO o.a.j.t.JMeterThread: Thread is done: Intake ramp 1-94
2026-10-08 21:52:00,846 INFO o.a.j.t.JMeterThread: Thread finished: Intake ramp 1-94
2026-10-08 21:52:15,389 INFO o.a.j.t.JMeterThread: Thread started: Intake ramp 1-95
2026-10-08 21:52:17,740 INFO o.a.j.t.JMeterThread: Thread is done: Intake ramp 1-95
2026-10-08 21:52:17,741 INFO o.a.j.t.JMeterThread: Thread finished: Intake ramp 1-95
2026-10-08 21:52:25,458 INFO o.a.j.t.JMeterThread: Thread started: Intake ramp 1-96
2026-10-08 21:52:25,558 INFO o.a.j.t.JMeterThread: Thread started: Intake ramp 1-97
2026-10-08 21:52:28,453 INFO o.a.j.t.JMeterThread: Thread started: Intake ramp 1-98
2026-10-08 21:52:30,497 INFO o.a.j.r.Summariser: summary +      2 in 00:00:30 =    0.1/s Avg:  3693 Min:  2350 Max:  5037 Err:     0 (0.00%) Active: 3 Started: 98 Finished: 95
2026-10-08 21:52:30,499 INFO o.a.j.r.Summariser: summary =     96 in 00:14:12 =    0.1/s Avg:  3319 Min:   540 Max: 11678 Err:     0 (0.00%)
2026-10-08 21:52:30,499 INFO o.a.j.t.JMeterThread: Thread is done: Intake ramp 1-96
2026-10-08 21:52:30,499 INFO o.a.j.t.JMeterThread: Thread finished: Intake ramp 1-96
2026-10-08 21:52:31,756 INFO o.a.j.t.JMeterThread: Thread started: Intake ramp 1-99
2026-10-08 21:52:31,975 INFO o.a.j.t.JMeterThread: Thread started: Intake ramp 1-100
2026-10-08 21:52:35,226 INFO o.a.j.t.JMeterThread: Thread is done: Intake ramp 1-97
2026-10-08 21:52:35,226 INFO o.a.j.t.JMeterThread: Thread finished: Intake ramp 1-97
2026-10-08 21:52:38,009 INFO o.a.j.t.JMeterThread: Thread started: Intake ramp 1-101
2026-10-08 21:52:39,809 INFO o.a.j.t.JMeterThread: Thread is done: Intake ramp 1-98
2026-10-08 21:52:39,809 INFO o.a.j.t.JMeterThread: Thread finished: Intake ramp 1-98
2026-10-08 21:52:43,619 INFO o.a.j.t.JMeterThread: Thread is done: Intake ramp 1-99
2026-10-08 21:52:43,619 INFO o.a.j.t.JMeterThread: Thread finished: Intake ramp 1-99
2026-10-08 21:52:46,390 INFO o.a.j.t.JMeterThread: Thread is done: Intake ramp 1-100
2026-10-08 21:52:46,390 INFO o.a.j.t.JMeterThread: Thread finished: Intake ramp 1-100
2026-10-08 21:52:49,531 INFO o.a.j.t.JMeterThread: Thread is done: Intake ramp 1-101
2026-10-08 21:52:49,532 INFO o.a.j.t.JMeterThread: Thread finished: Intake ramp 1-101
2026-10-08 21:52:55,306 INFO o.a.j.t.JMeterThread: Thread started: Intake ramp 1-102
2026-10-08 21:52:56,767 INFO o.a.j.t.JMeterThread: Thread is done: Intake ramp 1-102
2026-10-08 21:52:56,767 INFO o.a.j.t.JMeterThread: Thread finished: Intake ramp 1-102
2026-10-08 21:52:59,431 INFO o.a.j.t.JMeterThread: Thread started: Intake ramp 1-103
2026-10-08 21:53:00,425 INFO o.a.j.r.Summariser: summary +      7 in 00:00:30 =    0.2/s Avg:  8751 Min:   991 Max: 14411 Err:     0 (0.00%) Active: 1 Started: 103 Finished: 102
2026-10-08 21:53:00,427 INFO o.a.j.r.Summariser: summary =    103 in 00:14:42 =    0.1/s Avg:  3688 Min:   540 Max: 14411 Err:     0 (0.00%)
2026-10-08 21:53:00,427 INFO o.a.j.t.JMeterThread: Thread is done: Intake ramp 1-103
2026-10-08 21:53:00,427 INFO o.a.j.t.JMeterThread: Thread finished: Intake ramp 1-103
2026-10-08 21:53:05,998 INFO o.a.j.t.JMeterThread: Thread started: Intake ramp 1-104
2026-10-08 21:53:07,801 INFO o.a.j.t.JMeterThread: Thread is done: Intake ramp 1-104
2026-10-08 21:53:07,801 INFO o.a.j.t.JMeterThread: Thread finished: Intake ramp 1-104
2026-10-08 21:53:11,377 INFO o.a.j.t.JMeterThread: Thread started: Intake ramp 1-105
2026-10-08 21:53:13,341 INFO o.a.j.t.JMeterThread: Thread is done: Intake ramp 1-105
2026-10-08 21:53:13,341 INFO o.a.j.t.JMeterThread: Thread finished: Intake ramp 1-105
2026-10-08 21:53:14,693 INFO o.a.j.t.JMeterThread: Thread started: Intake ramp 1-106
2026-10-08 21:53:15,182 INFO o.a.j.t.JMeterThread: Thread started: Intake ramp 1-107
2026-10-08 21:53:17,669 INFO o.a.j.t.JMeterThread: Thread started: Intake ramp 1-108
2026-10-08 21:53:18,075 INFO o.a.j.t.JMeterThread: Thread is done: Intake ramp 1-106
2026-10-08 21:53:18,075 INFO o.a.j.t.JMeterThread: Thread finished: Intake ramp 1-106
2026-10-08 21:53:19,685 INFO o.a.j.t.JMeterThread: Thread is done: Intake ramp 1-107
2026-10-08 21:53:19,685 INFO o.a.j.t.JMeterThread: Thread finished: Intake ramp 1-107
2026-10-08 21:53:21,738 INFO o.a.j.t.JMeterThread: Thread is done: Intake ramp 1-108
2026-10-08 21:53:21,738 INFO o.a.j.t.JMeterThread: Thread finished: Intake ramp 1-108
2026-10-08 21:53:21,928 INFO o.a.j.t.JMeterThread: Thread started: Intake ramp 1-109
2026-10-08 21:53:25,615 INFO o.a.j.t.JMeterThread: Thread is done: Intake ramp 1-109
2026-10-08 21:53:25,615 INFO o.a.j.t.JMeterThread: Thread finished: Intake ramp 1-109
2026-10-08 21:53:28,243 INFO o.a.j.t.JMeterThread: Thread started: Intake ramp 1-110
2026-10-08 21:53:29,882 INFO o.a.j.t.JMeterThread: Thread is done: Intake ramp 1-110
2026-10-08 21:53:29,882 INFO o.a.j.t.JMeterThread: Thread finished: Intake ramp 1-110
2026-10-08 21:53:31,836 INFO o.a.j.t.JMeterThread: Thread started: Intake ramp 1-111
2026-10-08 21:53:31,912 INFO o.a.j.t.JMeterThread: Thread started: Intake ramp 1-112
2026-10-08 21:53:35,735 INFO o.a.j.r.Summariser: summary +      8 in 00:00:35 =    0.2/s Avg:  3116 Min:  1636 Max:  4501 Err:     0 (0.00%) Active: 2 Started: 112 Finished: 110
2026-10-08 21:53:35,736 INFO o.a.j.r.Summariser: summary =    111 in 00:15:17 =    0.1/s Avg:  3647 Min:   540 Max: 14411 Err:     0 (0.00%)
2026-10-08 21:53:35,737 INFO o.a.j.t.JMeterThread: Thread is done: Intake ramp 1-111
2026-10-08 21:53:35,737 INFO o.a.j.t.JMeterThread: Thread finished: Intake ramp 1-111
2026-10-08 21:53:38,282 INFO o.a.j.t.JMeterThread: Thread is done: Intake ramp 1-112
2026-10-08 21:53:38,283 INFO o.a.j.t.JMeterThread: Thread finished: Intake ramp 1-112
2026-10-08 21:53:40,006 INFO o.a.j.t.JMeterThread: Thread started: Intake ramp 1-113
2026-10-08 21:53:41,833 INFO o.a.j.t.JMeterThread: Thread is done: Intake ramp 1-113
2026-10-08 21:53:41,833 INFO o.a.j.t.JMeterThread: Thread finished: Intake ramp 1-113
2026-10-08 21:53:41,836 INFO o.a.j.t.JMeterThread: Thread started: Intake ramp 1-114
2026-10-08 21:53:42,905 INFO o.a.j.t.JMeterThread: Thread is done: Intake ramp 1-114
2026-10-08 21:53:42,906 INFO o.a.j.t.JMeterThread: Thread finished: Intake ramp 1-114
2026-10-08 21:53:43,213 INFO o.a.j.t.JMeterThread: Thread started: Intake ramp 1-115
2026-10-08 21:53:45,077 INFO o.a.j.t.JMeterThread: Thread is done: Intake ramp 1-115
2026-10-08 21:53:45,077 INFO o.a.j.t.JMeterThread: Thread finished: Intake ramp 1-115
2026-10-08 21:53:49,552 INFO o.a.j.t.JMeterThread: Thread started: Intake ramp 1-116
2026-10-08 21:53:51,712 INFO o.a.j.t.JMeterThread: Thread is done: Intake ramp 1-116
2026-10-08 21:53:51,712 INFO o.a.j.t.JMeterThread: Thread finished: Intake ramp 1-116
2026-10-08 21:53:55,186 INFO o.a.j.t.JMeterThread: Thread started: Intake ramp 1-117
2026-10-08 21:53:56,721 INFO o.a.j.t.JMeterThread: Thread is done: Intake ramp 1-117
2026-10-08 21:53:56,721 INFO o.a.j.t.JMeterThread: Thread finished: Intake ramp 1-117
2026-10-08 21:53:58,004 INFO o.a.j.t.JMeterThread: Thread started: Intake ramp 1-118
2026-10-08 21:54:01,017 INFO o.a.j.r.Summariser: summary +      7 in 00:00:25 =    0.3/s Avg:  2546 Min:  1068 Max:  6369 Err:     0 (0.00%) Active: 1 Started: 118 Finished: 117
2026-10-08 21:54:01,018 INFO o.a.j.r.Summariser: summary =    118 in 00:15:42 =    0.1/s Avg:  3582 Min:   540 Max: 14411 Err:     0 (0.00%)
2026-10-08 21:54:01,019 INFO o.a.j.t.JMeterThread: Thread is done: Intake ramp 1-118
2026-10-08 21:54:01,019 INFO o.a.j.t.JMeterThread: Thread finished: Intake ramp 1-118
2026-10-08 21:54:11,596 INFO o.a.j.t.JMeterThread: Thread started: Intake ramp 1-119
2026-10-08 21:54:13,049 INFO o.a.j.t.JMeterThread: Thread started: Intake ramp 1-120
2026-10-08 21:54:13,494 INFO o.a.j.t.JMeterThread: Thread is done: Intake ramp 1-119
2026-10-08 21:54:13,495 INFO o.a.j.t.JMeterThread: Thread finished: Intake ramp 1-119
2026-10-08 21:54:15,316 INFO o.a.j.t.JMeterThread: Thread is done: Intake ramp 1-120
2026-10-08 21:54:15,316 INFO o.a.j.t.JMeterThread: Thread finished: Intake ramp 1-120
2026-10-08 21:54:17,510 INFO o.a.j.t.JMeterThread: Thread started: Intake ramp 1-121
2026-10-08 21:54:20,320 INFO o.a.j.t.JMeterThread: Thread is done: Intake ramp 1-121
2026-10-08 21:54:20,321 INFO o.a.j.t.JMeterThread: Thread finished: Intake ramp 1-121
2026-10-08 21:54:23,889 INFO o.a.j.t.JMeterThread: Thread started: Intake ramp 1-122
2026-10-08 21:54:25,197 INFO o.a.j.t.JMeterThread: Thread is done: Intake ramp 1-122
2026-10-08 21:54:25,197 INFO o.a.j.t.JMeterThread: Thread finished: Intake ramp 1-122
2026-10-08 21:54:37,382 INFO o.a.j.t.JMeterThread: Thread started: Intake ramp 1-123
2026-10-08 21:54:39,094 INFO o.a.j.t.JMeterThread: Thread is done: Intake ramp 1-123
2026-10-08 21:54:39,094 INFO o.a.j.t.JMeterThread: Thread finished: Intake ramp 1-123
2026-10-08 21:54:39,792 INFO o.a.j.t.JMeterThread: Thread started: Intake ramp 1-124
2026-10-08 21:54:40,697 INFO o.a.j.t.JMeterThread: Thread started: Intake ramp 1-125
2026-10-08 21:54:42,131 INFO o.a.j.t.JMeterThread: Thread started: Intake ramp 1-126
2026-10-08 21:54:42,539 INFO o.a.j.t.JMeterThread: Thread is done: Intake ramp 1-124
2026-10-08 21:54:42,539 INFO o.a.j.t.JMeterThread: Thread finished: Intake ramp 1-124
2026-10-08 21:54:44,346 INFO o.a.j.t.JMeterThread: Thread is done: Intake ramp 1-125
2026-10-08 21:54:44,346 INFO o.a.j.t.JMeterThread: Thread finished: Intake ramp 1-125
2026-10-08 21:54:46,757 INFO o.a.j.t.JMeterThread: Thread is done: Intake ramp 1-126
2026-10-08 21:54:46,759 INFO o.a.j.t.JMeterThread: Thread finished: Intake ramp 1-126
2026-10-08 21:54:52,461 INFO o.a.j.t.JMeterThread: Thread started: Intake ramp 1-127
2026-10-08 21:54:53,676 INFO o.a.j.t.JMeterThread: Thread is done: Intake ramp 1-127
2026-10-08 21:54:53,676 INFO o.a.j.t.JMeterThread: Thread finished: Intake ramp 1-127
2026-10-08 21:55:00,279 INFO o.a.j.t.JMeterThread: Thread started: Intake ramp 1-128
2026-10-08 21:55:00,433 INFO o.a.j.t.JMeterThread: Thread started: Intake ramp 1-129
2026-10-08 21:55:01,429 INFO o.a.j.t.JMeterThread: Thread started: Intake ramp 1-130
2026-10-08 21:55:03,102 INFO o.a.j.r.Summariser: summary +     10 in 00:01:02 =    0.2/s Avg:  2502 Min:  1213 Max:  4624 Err:     0 (0.00%) Active: 3 Started: 130 Finished: 127
2026-10-08 21:55:03,103 INFO o.a.j.r.Summariser: summary =    128 in 00:16:45 =    0.1/s Avg:  3497 Min:   540 Max: 14411 Err:     0 (0.00%)
2026-10-08 21:55:03,104 INFO o.a.j.t.JMeterThread: Thread is done: Intake ramp 1-128
2026-10-08 21:55:03,105 INFO o.a.j.t.JMeterThread: Thread finished: Intake ramp 1-128
2026-10-08 21:55:04,675 INFO o.a.j.t.JMeterThread: Thread started: Intake ramp 1-131
2026-10-08 21:55:07,713 INFO o.a.j.t.JMeterThread: Thread is done: Intake ramp 1-129
2026-10-08 21:55:07,713 INFO o.a.j.t.JMeterThread: Thread finished: Intake ramp 1-129
2026-10-08 21:55:09,485 INFO o.a.j.t.JMeterThread: Thread started: Intake ramp 1-132
2026-10-08 21:55:11,010 INFO o.a.j.t.JMeterThread: Thread is done: Intake ramp 1-130
2026-10-08 21:55:11,010 INFO o.a.j.t.JMeterThread: Thread finished: Intake ramp 1-130
2026-10-08 21:55:12,391 INFO o.a.j.t.JMeterThread: Thread started: Intake ramp 1-133
2026-10-08 21:55:14,247 INFO o.a.j.t.JMeterThread: Thread started: Intake ramp 1-134
2026-10-08 21:55:14,534 INFO o.a.j.t.JMeterThread: Thread is done: Intake ramp 1-131
2026-10-08 21:55:14,534 INFO o.a.j.t.JMeterThread: Thread finished: Intake ramp 1-131
2026-10-08 21:55:14,865 INFO o.a.j.t.JMeterThread: Thread started: Intake ramp 1-135
2026-10-08 21:55:16,232 INFO o.a.j.t.JMeterThread: Thread is done: Intake ramp 1-132
2026-10-08 21:55:16,232 INFO o.a.j.t.JMeterThread: Thread finished: Intake ramp 1-132
2026-10-08 21:55:16,666 INFO o.a.j.t.JMeterThread: Thread started: Intake ramp 1-136
2026-10-08 21:55:17,413 INFO o.a.j.t.JMeterThread: Thread started: Intake ramp 1-137
2026-10-08 21:55:17,721 INFO o.a.j.t.JMeterThread: Thread started: Intake ramp 1-138
2026-10-08 21:55:19,435 INFO o.a.j.t.JMeterThread: Thread started: Intake ramp 1-139
2026-10-08 21:55:19,495 INFO o.a.j.t.JMeterThread: Thread is done: Intake ramp 1-133
2026-10-08 21:55:19,495 INFO o.a.j.t.JMeterThread: Thread finished: Intake ramp 1-133
2026-10-08 21:55:22,153 INFO o.a.j.t.JMeterThread: Thread is done: Intake ramp 1-134
2026-10-08 21:55:22,153 INFO o.a.j.t.JMeterThread: Thread finished: Intake ramp 1-134
2026-10-08 21:55:26,165 INFO o.a.j.t.JMeterThread: Thread is done: Intake ramp 1-135
2026-10-08 21:55:26,165 INFO o.a.j.t.JMeterThread: Thread finished: Intake ramp 1-135
2026-10-08 21:55:27,745 INFO o.a.j.t.JMeterThread: Thread is done: Intake ramp 1-136
2026-10-08 21:55:27,746 INFO o.a.j.t.JMeterThread: Thread finished: Intake ramp 1-136
2026-10-08 21:55:29,192 INFO o.a.j.t.JMeterThread: Thread started: Intake ramp 1-140
2026-10-08 21:55:31,909 INFO o.a.j.r.Summariser: summary +      9 in 00:00:29 =    0.3/s Avg:  9480 Min:  6746 Max: 14492 Err:     0 (0.00%) Active: 4 Started: 140 Finished: 136
2026-10-08 21:55:31,911 INFO o.a.j.r.Summariser: summary =    137 in 00:17:13 =    0.1/s Avg:  3890 Min:   540 Max: 14492 Err:     0 (0.00%)
2026-10-08 21:55:31,911 INFO o.a.j.t.JMeterThread: Thread is done: Intake ramp 1-137
2026-10-08 21:55:31,911 INFO o.a.j.t.JMeterThread: Thread finished: Intake ramp 1-137
2026-10-08 21:55:35,633 INFO o.a.j.t.JMeterThread: Thread started: Intake ramp 1-141
2026-10-08 21:55:36,176 INFO o.a.j.t.JMeterThread: Thread is done: Intake ramp 1-138
2026-10-08 21:55:36,176 INFO o.a.j.t.JMeterThread: Thread finished: Intake ramp 1-138
2026-10-08 21:55:37,293 INFO o.a.j.t.JMeterThread: Thread started: Intake ramp 1-142
2026-10-08 21:55:38,916 INFO o.a.j.t.JMeterThread: Thread is done: Intake ramp 1-139
2026-10-08 21:55:38,916 INFO o.a.j.t.JMeterThread: Thread finished: Intake ramp 1-139
2026-10-08 21:55:40,673 INFO o.a.j.t.JMeterThread: Thread started: Intake ramp 1-143
2026-10-08 21:55:41,152 INFO o.a.j.t.JMeterThread: Thread started: Intake ramp 1-144
2026-10-08 21:55:41,516 INFO o.a.j.t.JMeterThread: Thread is done: Intake ramp 1-140
2026-10-08 21:55:41,517 INFO o.a.j.t.JMeterThread: Thread finished: Intake ramp 1-140
2026-10-08 21:55:43,280 INFO o.a.j.t.JMeterThread: Thread is done: Intake ramp 1-141
2026-10-08 21:55:43,280 INFO o.a.j.t.JMeterThread: Thread finished: Intake ramp 1-141
2026-10-08 21:55:44,283 INFO o.a.j.t.JMeterThread: Thread started: Intake ramp 1-145
2026-10-08 21:55:44,972 INFO o.a.j.t.JMeterThread: Thread is done: Intake ramp 1-142
2026-10-08 21:55:44,972 INFO o.a.j.t.JMeterThread: Thread finished: Intake ramp 1-142
2026-10-08 21:55:45,546 INFO o.a.j.t.JMeterThread: Thread started: Intake ramp 1-146
2026-10-08 21:55:45,993 INFO o.a.j.t.JMeterThread: Thread started: Intake ramp 1-147
2026-10-08 21:55:47,128 INFO o.a.j.t.JMeterThread: Thread is done: Intake ramp 1-143
2026-10-08 21:55:47,128 INFO o.a.j.t.JMeterThread: Thread finished: Intake ramp 1-143
2026-10-08 21:55:48,645 INFO o.a.j.t.JMeterThread: Thread is done: Intake ramp 1-144
2026-10-08 21:55:48,645 INFO o.a.j.t.JMeterThread: Thread finished: Intake ramp 1-144
2026-10-08 21:55:49,774 INFO o.a.j.t.JMeterThread: Thread is done: Intake ramp 1-145
2026-10-08 21:55:49,774 INFO o.a.j.t.JMeterThread: Thread finished: Intake ramp 1-145
2026-10-08 21:55:51,308 INFO o.a.j.t.JMeterThread: Thread started: Intake ramp 1-148
2026-10-08 21:55:53,690 INFO o.a.j.t.JMeterThread: Thread is done: Intake ramp 1-146
2026-10-08 21:55:53,690 INFO o.a.j.t.JMeterThread: Thread finished: Intake ramp 1-146
2026-10-08 21:55:56,646 INFO o.a.j.t.JMeterThread: Thread is done: Intake ramp 1-147
2026-10-08 21:55:56,646 INFO o.a.j.t.JMeterThread: Thread finished: Intake ramp 1-147
2026-10-08 21:55:58,950 INFO o.a.j.t.JMeterThread: Thread is done: Intake ramp 1-148
2026-10-08 21:55:58,950 INFO o.a.j.t.JMeterThread: Thread finished: Intake ramp 1-148
2026-10-08 21:56:07,010 INFO o.a.j.t.JMeterThread: Thread started: Intake ramp 1-149
2026-10-08 21:56:08,867 INFO o.a.j.t.JMeterThread: Thread is done: Intake ramp 1-149
2026-10-08 21:56:08,868 INFO o.a.j.t.JMeterThread: Thread finished: Intake ramp 1-149
2026-10-08 21:56:11,402 INFO o.a.j.t.JMeterThread: Thread started: Intake ramp 1-150
2026-10-08 21:56:11,461 INFO o.a.j.t.JMeterThread: Thread started: Intake ramp 1-151
2026-10-08 21:56:13,756 INFO o.a.j.t.JMeterThread: Thread is done: Intake ramp 1-150
2026-10-08 21:56:13,756 INFO o.a.j.t.JMeterThread: Thread finished: Intake ramp 1-150
2026-10-08 21:56:13,915 INFO o.a.j.t.JMeterThread: Thread started: Intake ramp 1-152
2026-10-08 21:56:15,077 INFO o.a.j.t.JMeterThread: Thread is done: Intake ramp 1-151
2026-10-08 21:56:15,077 INFO o.a.j.t.JMeterThread: Thread finished: Intake ramp 1-151
2026-10-08 21:56:19,957 INFO o.a.j.t.JMeterThread: Thread is done: Intake ramp 1-152
2026-10-08 21:56:19,958 INFO o.a.j.t.JMeterThread: Thread finished: Intake ramp 1-152
2026-10-08 21:56:22,282 INFO o.a.j.t.JMeterThread: Thread started: Intake ramp 1-153
2026-10-08 21:56:25,388 INFO o.a.j.t.JMeterThread: Thread started: Intake ramp 1-154
2026-10-08 21:56:27,247 INFO o.a.j.t.JMeterThread: Thread is done: Intake ramp 1-153
2026-10-08 21:56:27,248 INFO o.a.j.t.JMeterThread: Thread finished: Intake ramp 1-153
2026-10-08 21:56:27,682 INFO o.a.j.t.JMeterThread: Thread started: Intake ramp 1-155
2026-10-08 21:56:27,879 INFO o.a.j.t.JMeterThread: Thread started: Intake ramp 1-156
2026-10-08 21:56:31,076 INFO o.a.j.t.JMeterThread: Thread started: Intake ramp 1-157
2026-10-08 21:56:32,101 INFO o.a.j.r.Summariser: summary +     17 in 00:01:00 =    0.3/s Avg:  8057 Min:  1855 Max: 19477 Err:     0 (0.00%) Active: 4 Started: 157 Finished: 153
2026-10-08 21:56:32,103 INFO o.a.j.r.Summariser: summary =    154 in 00:18:14 =    0.1/s Avg:  4350 Min:   540 Max: 19477 Err:     0 (0.00%)
2026-10-08 21:56:32,104 INFO o.a.j.t.JMeterThread: Thread is done: Intake ramp 1-154
2026-10-08 21:56:32,104 INFO o.a.j.t.JMeterThread: Thread finished: Intake ramp 1-154
2026-10-08 21:56:33,745 INFO o.a.j.t.JMeterThread: Thread is done: Intake ramp 1-155
2026-10-08 21:56:33,746 INFO o.a.j.t.JMeterThread: Thread finished: Intake ramp 1-155
2026-10-08 21:56:35,901 INFO o.a.j.t.JMeterThread: Thread is done: Intake ramp 1-156
2026-10-08 21:56:35,902 INFO o.a.j.t.JMeterThread: Thread finished: Intake ramp 1-156
2026-10-08 21:56:37,819 INFO o.a.j.t.JMeterThread: Thread started: Intake ramp 1-158
2026-10-08 21:56:39,253 INFO o.a.j.t.JMeterThread: Thread is done: Intake ramp 1-157
2026-10-08 21:56:39,254 INFO o.a.j.t.JMeterThread: Thread finished: Intake ramp 1-157
2026-10-08 21:56:40,862 INFO o.a.j.t.JMeterThread: Thread is done: Intake ramp 1-158
2026-10-08 21:56:40,863 INFO o.a.j.t.JMeterThread: Thread finished: Intake ramp 1-158
2026-10-08 21:56:41,674 INFO o.a.j.t.JMeterThread: Thread started: Intake ramp 1-159
2026-10-08 21:56:42,160 INFO o.a.j.t.JMeterThread: Thread started: Intake ramp 1-160
2026-10-08 21:56:42,724 INFO o.a.j.t.JMeterThread: Thread started: Intake ramp 1-161
2026-10-08 21:56:43,458 INFO o.a.j.t.JMeterThread: Thread is done: Intake ramp 1-159
2026-10-08 21:56:43,459 INFO o.a.j.t.JMeterThread: Thread finished: Intake ramp 1-159
2026-10-08 21:56:45,043 INFO o.a.j.t.JMeterThread: Thread is done: Intake ramp 1-160
2026-10-08 21:56:45,043 INFO o.a.j.t.JMeterThread: Thread finished: Intake ramp 1-160
2026-10-08 21:56:47,521 INFO o.a.j.t.JMeterThread: Thread is done: Intake ramp 1-161
2026-10-08 21:56:47,521 INFO o.a.j.t.JMeterThread: Thread finished: Intake ramp 1-161
2026-10-08 21:56:53,275 INFO o.a.j.t.JMeterThread: Thread started: Intake ramp 1-162
2026-10-08 21:56:53,972 INFO o.a.j.t.JMeterThread: Thread started: Intake ramp 1-163
2026-10-08 21:56:56,188 INFO o.a.j.t.JMeterThread: Thread is done: Intake ramp 1-162
2026-10-08 21:56:56,189 INFO o.a.j.t.JMeterThread: Thread finished: Intake ramp 1-162
2026-10-08 21:56:58,977 INFO o.a.j.t.JMeterThread: Thread started: Intake ramp 1-164
2026-10-08 21:57:00,201 INFO o.a.j.r.Summariser: summary +      9 in 00:00:28 =    0.3/s Avg:  4877 Min:  1783 Max:  8175 Err:     0 (0.00%) Active: 2 Started: 164 Finished: 162
2026-10-08 21:57:00,203 INFO o.a.j.r.Summariser: summary =    163 in 00:18:42 =    0.1/s Avg:  4379 Min:   540 Max: 19477 Err:     0 (0.00%)
2026-10-08 21:57:00,203 INFO o.a.j.t.JMeterThread: Thread is done: Intake ramp 1-163
2026-10-08 21:57:00,203 INFO o.a.j.t.JMeterThread: Thread finished: Intake ramp 1-163
2026-10-08 21:57:00,762 INFO o.a.j.t.JMeterThread: Thread started: Intake ramp 1-165
2026-10-08 21:57:02,201 INFO o.a.j.t.JMeterThread: Thread started: Intake ramp 1-166
2026-10-08 21:57:02,443 INFO o.a.j.t.JMeterThread: Thread is done: Intake ramp 1-164
2026-10-08 21:57:02,443 INFO o.a.j.t.JMeterThread: Thread finished: Intake ramp 1-164
2026-10-08 21:57:03,520 INFO o.a.j.t.JMeterThread: Thread is done: Intake ramp 1-165
2026-10-08 21:57:03,521 INFO o.a.j.t.JMeterThread: Thread finished: Intake ramp 1-165
2026-10-08 21:57:04,868 INFO o.a.j.t.JMeterThread: Thread started: Intake ramp 1-167
2026-10-08 21:57:05,324 INFO o.a.j.t.JMeterThread: Thread is done: Intake ramp 1-166
2026-10-08 21:57:05,324 INFO o.a.j.t.JMeterThread: Thread finished: Intake ramp 1-166
2026-10-08 21:57:05,548 INFO o.a.j.t.JMeterThread: Thread started: Intake ramp 1-168
2026-10-08 21:57:06,988 INFO o.a.j.t.JMeterThread: Thread started: Intake ramp 1-169
2026-10-08 21:57:07,168 INFO o.a.j.t.JMeterThread: Thread is done: Intake ramp 1-167
2026-10-08 21:57:07,168 INFO o.a.j.t.JMeterThread: Thread finished: Intake ramp 1-167
2026-10-08 21:57:07,688 INFO o.a.j.t.JMeterThread: Thread started: Intake ramp 1-170
2026-10-08 21:57:07,884 INFO o.a.j.t.JMeterThread: Thread started: Intake ramp 1-171
2026-10-08 21:57:08,499 INFO o.a.j.t.JMeterThread: Thread is done: Intake ramp 1-168
2026-10-08 21:57:08,500 INFO o.a.j.t.JMeterThread: Thread finished: Intake ramp 1-168
2026-10-08 21:57:09,840 INFO o.a.j.t.JMeterThread: Thread is done: Intake ramp 1-169
2026-10-08 21:57:09,840 INFO o.a.j.t.JMeterThread: Thread finished: Intake ramp 1-169
2026-10-08 21:57:12,344 INFO o.a.j.t.JMeterThread: Thread started: Intake ramp 1-172
2026-10-08 21:57:12,458 INFO o.a.j.t.JMeterThread: Thread is done: Intake ramp 1-170
2026-10-08 21:57:12,459 INFO o.a.j.t.JMeterThread: Thread finished: Intake ramp 1-170
2026-10-08 21:57:14,793 INFO o.a.j.t.JMeterThread: Thread is done: Intake ramp 1-171
2026-10-08 21:57:14,793 INFO o.a.j.t.JMeterThread: Thread finished: Intake ramp 1-171
2026-10-08 21:57:16,884 INFO o.a.j.t.JMeterThread: Thread is done: Intake ramp 1-172
2026-10-08 21:57:16,884 INFO o.a.j.t.JMeterThread: Thread finished: Intake ramp 1-172
2026-10-08 21:57:20,826 INFO o.a.j.t.JMeterThread: Thread started: Intake ramp 1-173
2026-10-08 21:57:20,879 INFO o.a.j.t.JMeterThread: Thread started: Intake ramp 1-174
2026-10-08 21:57:20,887 INFO o.a.j.t.JMeterThread: Thread started: Intake ramp 1-175
2026-10-08 21:57:21,209 INFO o.a.j.t.JMeterThread: Thread started: Intake ramp 1-176
2026-10-08 21:57:21,641 INFO o.a.j.t.JMeterThread: Thread started: Intake ramp 1-177
2026-10-08 21:57:22,075 INFO o.a.j.t.JMeterThread: Thread is done: Intake ramp 1-173
2026-10-08 21:57:22,076 INFO o.a.j.t.JMeterThread: Thread finished: Intake ramp 1-173
2026-10-08 21:57:22,860 INFO o.a.j.t.JMeterThread: Thread started: Intake ramp 1-178
2026-10-08 21:57:23,696 INFO o.a.j.t.JMeterThread: Thread started: Intake ramp 1-179
2026-10-08 21:57:25,622 INFO o.a.j.t.JMeterThread: Thread is done: Intake ramp 1-174
2026-10-08 21:57:25,622 INFO o.a.j.t.JMeterThread: Thread finished: Intake ramp 1-174
2026-10-08 21:57:27,309 INFO o.a.j.t.JMeterThread: Thread started: Intake ramp 1-180
2026-10-08 21:57:29,134 INFO o.a.j.t.JMeterThread: Thread is done: Intake ramp 1-175
2026-10-08 21:57:29,135 INFO o.a.j.t.JMeterThread: Thread finished: Intake ramp 1-175
2026-10-08 21:57:29,453 INFO o.a.j.t.JMeterThread: Thread started: Intake ramp 1-181
2026-10-08 21:57:30,740 INFO o.a.j.t.JMeterThread: Thread started: Intake ramp 1-182
2026-10-08 21:57:31,041 INFO o.a.j.r.Summariser: summary +     13 in 00:00:31 =    0.4/s Avg:  4439 Min:  1248 Max:  9829 Err:     0 (0.00%) Active: 7 Started: 182 Finished: 175
2026-10-08 21:57:31,042 INFO o.a.j.r.Summariser: summary =    176 in 00:19:13 =    0.2/s Avg:  4384 Min:   540 Max: 19477 Err:     0 (0.00%)
2026-10-08 21:57:31,042 INFO o.a.j.t.JMeterThread: Thread is done: Intake ramp 1-176
2026-10-08 21:57:31,042 INFO o.a.j.t.JMeterThread: Thread finished: Intake ramp 1-176
2026-10-08 21:57:32,469 INFO o.a.j.t.JMeterThread: Thread is done: Intake ramp 1-177
2026-10-08 21:57:32,470 INFO o.a.j.t.JMeterThread: Thread finished: Intake ramp 1-177
2026-10-08 21:57:36,379 INFO o.a.j.t.JMeterThread: Thread is done: Intake ramp 1-178
2026-10-08 21:57:36,379 INFO o.a.j.t.JMeterThread: Thread finished: Intake ramp 1-178
2026-10-08 21:57:38,210 INFO o.a.j.t.JMeterThread: Thread is done: Intake ramp 1-179
2026-10-08 21:57:38,210 INFO o.a.j.t.JMeterThread: Thread finished: Intake ramp 1-179
2026-10-08 21:57:39,316 INFO o.a.j.t.JMeterThread: Thread started: Intake ramp 1-183
2026-10-08 21:57:40,388 INFO o.a.j.t.JMeterThread: Thread is done: Intake ramp 1-180
2026-10-08 21:57:40,388 INFO o.a.j.t.JMeterThread: Thread finished: Intake ramp 1-180
2026-10-08 21:57:42,813 INFO o.a.j.t.JMeterThread: Thread is done: Intake ramp 1-181
2026-10-08 21:57:42,813 INFO o.a.j.t.JMeterThread: Thread finished: Intake ramp 1-181
2026-10-08 21:57:45,608 INFO o.a.j.t.JMeterThread: Thread is done: Intake ramp 1-182
2026-10-08 21:57:45,608 INFO o.a.j.t.JMeterThread: Thread finished: Intake ramp 1-182
2026-10-08 21:57:49,319 INFO o.a.j.t.JMeterThread: Thread is done: Intake ramp 1-183
2026-10-08 21:57:49,319 INFO o.a.j.t.JMeterThread: Thread finished: Intake ramp 1-183
2026-10-08 21:57:51,817 INFO o.a.j.t.JMeterThread: Thread started: Intake ramp 1-184
2026-10-08 21:57:52,496 INFO o.a.j.t.JMeterThread: Thread started: Intake ramp 1-185
2026-10-08 21:57:53,140 INFO o.a.j.t.JMeterThread: Thread is done: Intake ramp 1-184
2026-10-08 21:57:53,141 INFO o.a.j.t.JMeterThread: Thread finished: Intake ramp 1-184
2026-10-08 21:57:54,348 INFO o.a.j.t.JMeterThread: Thread started: Intake ramp 1-186
2026-10-08 21:57:55,050 INFO o.a.j.t.JMeterThread: Thread is done: Intake ramp 1-185
2026-10-08 21:57:55,050 INFO o.a.j.t.JMeterThread: Thread finished: Intake ramp 1-185
2026-10-08 21:57:58,634 INFO o.a.j.t.JMeterThread: Thread is done: Intake ramp 1-186
2026-10-08 21:57:58,634 INFO o.a.j.t.JMeterThread: Thread finished: Intake ramp 1-186
2026-10-08 21:58:05,258 INFO o.a.j.t.JMeterThread: Thread started: Intake ramp 1-187
2026-10-08 21:58:07,744 INFO o.a.j.t.JMeterThread: Thread started: Intake ramp 1-188
2026-10-08 21:58:08,863 INFO o.a.j.t.JMeterThread: Thread started: Intake ramp 1-189
2026-10-08 21:58:09,459 INFO o.a.j.t.JMeterThread: Thread is done: Intake ramp 1-187
2026-10-08 21:58:09,459 INFO o.a.j.t.JMeterThread: Thread finished: Intake ramp 1-187
2026-10-08 21:58:09,685 INFO o.a.j.t.JMeterThread: Thread started: Intake ramp 1-190
2026-10-08 21:58:10,890 INFO o.a.j.t.JMeterThread: Thread is done: Intake ramp 1-188
2026-10-08 21:58:10,891 INFO o.a.j.t.JMeterThread: Thread finished: Intake ramp 1-188
2026-10-08 21:58:12,302 INFO o.a.j.t.JMeterThread: Thread started: Intake ramp 1-191
2026-10-08 21:58:12,556 INFO o.a.j.t.JMeterThread: Thread is done: Intake ramp 1-189
2026-10-08 21:58:12,556 INFO o.a.j.t.JMeterThread: Thread finished: Intake ramp 1-189
2026-10-08 21:58:14,749 INFO o.a.j.t.JMeterThread: Thread started: Intake ramp 1-192
2026-10-08 21:58:15,803 INFO o.a.j.t.JMeterThread: Thread started: Intake ramp 1-193
2026-10-08 21:58:15,807 INFO o.a.j.t.JMeterThread: Thread is done: Intake ramp 1-190
2026-10-08 21:58:15,807 INFO o.a.j.t.JMeterThread: Thread finished: Intake ramp 1-190
2026-10-08 21:58:20,213 INFO o.a.j.t.JMeterThread: Thread started: Intake ramp 1-194
2026-10-08 21:58:21,033 INFO o.a.j.t.JMeterThread: Thread started: Intake ramp 1-195
2026-10-08 21:58:21,065 INFO o.a.j.t.JMeterThread: Thread is done: Intake ramp 1-191
2026-10-08 21:58:21,065 INFO o.a.j.t.JMeterThread: Thread finished: Intake ramp 1-191
2026-10-08 21:58:22,377 INFO o.a.j.t.JMeterThread: Thread is done: Intake ramp 1-192
2026-10-08 21:58:22,377 INFO o.a.j.t.JMeterThread: Thread finished: Intake ramp 1-192
2026-10-08 21:58:23,944 INFO o.a.j.t.JMeterThread: Thread started: Intake ramp 1-196
2026-10-08 21:58:24,612 INFO o.a.j.t.JMeterThread: Thread started: Intake ramp 1-197
2026-10-08 21:58:25,016 INFO o.a.j.t.JMeterThread: Thread is done: Intake ramp 1-193
2026-10-08 21:58:25,016 INFO o.a.j.t.JMeterThread: Thread finished: Intake ramp 1-193
2026-10-08 21:58:26,785 INFO o.a.j.t.JMeterThread: Thread is done: Intake ramp 1-194
2026-10-08 21:58:26,785 INFO o.a.j.t.JMeterThread: Thread finished: Intake ramp 1-194
2026-10-08 21:58:28,033 INFO o.a.j.t.JMeterThread: Thread is done: Intake ramp 1-195
2026-10-08 21:58:28,033 INFO o.a.j.t.JMeterThread: Thread finished: Intake ramp 1-195
2026-10-08 21:58:31,907 INFO o.a.j.r.Summariser: summary +     20 in 00:01:01 =    0.3/s Avg:  8129 Min:  1321 Max: 14865 Err:     0 (0.00%) Active: 2 Started: 197 Finished: 195
2026-10-08 21:58:31,908 INFO o.a.j.r.Summariser: summary =    196 in 00:20:13 =    0.2/s Avg:  4766 Min:   540 Max: 19477 Err:     0 (0.00%)
2026-10-08 21:58:31,909 INFO o.a.j.t.JMeterThread: Thread is done: Intake ramp 1-196
2026-10-08 21:58:31,909 INFO o.a.j.t.JMeterThread: Thread finished: Intake ramp 1-196
2026-10-08 21:58:32,212 INFO o.a.j.t.JMeterThread: Thread started: Intake ramp 1-198
2026-10-08 21:58:33,735 INFO o.a.j.t.JMeterThread: Thread started: Intake ramp 1-199
2026-10-08 21:58:33,856 INFO o.a.j.t.JMeterThread: Thread started: Intake ramp 1-200
2026-10-08 21:58:33,940 INFO o.a.j.t.JMeterThread: Thread is done: Intake ramp 1-197
2026-10-08 21:58:33,940 INFO o.a.j.t.JMeterThread: Thread finished: Intake ramp 1-197
2026-10-08 21:58:35,272 INFO o.a.j.t.JMeterThread: Thread is done: Intake ramp 1-198
2026-10-08 21:58:35,273 INFO o.a.j.t.JMeterThread: Thread finished: Intake ramp 1-198
2026-10-08 21:58:36,489 INFO o.a.j.t.JMeterThread: Thread is done: Intake ramp 1-199
2026-10-08 21:58:36,490 INFO o.a.j.t.JMeterThread: Thread finished: Intake ramp 1-199
2026-10-08 21:58:38,313 INFO o.a.j.t.JMeterThread: Thread is done: Intake ramp 1-200
2026-10-08 21:58:38,313 INFO o.a.j.t.JMeterThread: Thread finished: Intake ramp 1-200
2026-10-08 21:58:38,819 INFO o.a.j.t.JMeterThread: Thread started: Intake ramp 1-201
2026-10-08 21:58:40,074 INFO o.a.j.t.JMeterThread: Thread is done: Intake ramp 1-201
2026-10-08 21:58:40,075 INFO o.a.j.t.JMeterThread: Thread finished: Intake ramp 1-201
2026-10-08 21:58:44,687 INFO o.a.j.t.JMeterThread: Thread started: Intake ramp 1-202
2026-10-08 21:58:48,488 INFO o.a.j.t.JMeterThread: Thread is done: Intake ramp 1-202
2026-10-08 21:58:48,488 INFO o.a.j.t.JMeterThread: Thread finished: Intake ramp 1-202
2026-10-08 21:58:50,594 INFO o.a.j.t.JMeterThread: Thread started: Intake ramp 1-203
2026-10-08 21:58:53,546 INFO o.a.j.t.JMeterThread: Thread started: Intake ramp 1-204
2026-10-08 21:58:55,111 INFO o.a.j.t.JMeterThread: Thread started: Intake ramp 1-205
2026-10-08 21:58:55,890 INFO o.a.j.t.JMeterThread: Thread is done: Intake ramp 1-203
2026-10-08 21:58:55,890 INFO o.a.j.t.JMeterThread: Thread finished: Intake ramp 1-203
2026-10-08 21:58:58,650 INFO o.a.j.t.JMeterThread: Thread is done: Intake ramp 1-204
2026-10-08 21:58:58,650 INFO o.a.j.t.JMeterThread: Thread finished: Intake ramp 1-204
2026-10-08 21:58:59,975 INFO o.a.j.t.JMeterThread: Thread is done: Intake ramp 1-205
2026-10-08 21:58:59,975 INFO o.a.j.t.JMeterThread: Thread finished: Intake ramp 1-205
2026-10-08 21:59:00,165 INFO o.a.j.t.JMeterThread: Thread started: Intake ramp 1-206
2026-10-08 21:59:03,198 INFO o.a.j.r.Summariser: summary +     10 in 00:00:31 =    0.3/s Avg:  4293 Min:  1253 Max:  9327 Err:     0 (0.00%) Active: 1 Started: 206 Finished: 205
2026-10-08 21:59:03,199 INFO o.a.j.r.Summariser: summary =    206 in 00:20:45 =    0.2/s Avg:  4743 Min:   540 Max: 19477 Err:     0 (0.00%)
2026-10-08 21:59:03,200 INFO o.a.j.t.JMeterThread: Thread is done: Intake ramp 1-206
2026-10-08 21:59:03,200 INFO o.a.j.t.JMeterThread: Thread finished: Intake ramp 1-206
2026-10-08 21:59:08,080 INFO o.a.j.t.JMeterThread: Thread started: Intake ramp 1-207
2026-10-08 21:59:09,146 INFO o.a.j.t.JMeterThread: Thread started: Intake ramp 1-208
2026-10-08 21:59:10,251 INFO o.a.j.t.JMeterThread: Thread is done: Intake ramp 1-207
2026-10-08 21:59:10,251 INFO o.a.j.t.JMeterThread: Thread finished: Intake ramp 1-207
2026-10-08 21:59:14,424 INFO o.a.j.t.JMeterThread: Thread is done: Intake ramp 1-208
2026-10-08 21:59:14,424 INFO o.a.j.t.JMeterThread: Thread finished: Intake ramp 1-208
2026-10-08 21:59:15,973 INFO o.a.j.t.JMeterThread: Thread started: Intake ramp 1-209
2026-10-08 21:59:18,596 INFO o.a.j.t.JMeterThread: Thread started: Intake ramp 1-210
2026-10-08 21:59:19,085 INFO o.a.j.t.JMeterThread: Thread started: Intake ramp 1-211
2026-10-08 21:59:19,653 INFO o.a.j.t.JMeterThread: Thread started: Intake ramp 1-212
2026-10-08 21:59:20,058 INFO o.a.j.t.JMeterThread: Thread is done: Intake ramp 1-209
2026-10-08 21:59:20,058 INFO o.a.j.t.JMeterThread: Thread finished: Intake ramp 1-209
2026-10-08 21:59:20,402 INFO o.a.j.t.JMeterThread: Thread started: Intake ramp 1-213
2026-10-08 21:59:21,495 INFO o.a.j.t.JMeterThread: Thread is done: Intake ramp 1-210
2026-10-08 21:59:21,495 INFO o.a.j.t.JMeterThread: Thread finished: Intake ramp 1-210
2026-10-08 21:59:23,668 INFO o.a.j.t.JMeterThread: Thread started: Intake ramp 1-214
2026-10-08 21:59:23,977 INFO o.a.j.t.JMeterThread: Thread started: Intake ramp 1-215
2026-10-08 21:59:24,110 INFO o.a.j.t.JMeterThread: Thread started: Intake ramp 1-216
2026-10-08 21:59:25,979 INFO o.a.j.t.JMeterThread: Thread is done: Intake ramp 1-211
2026-10-08 21:59:25,980 INFO o.a.j.t.JMeterThread: Thread finished: Intake ramp 1-211
2026-10-08 21:59:27,850 INFO o.a.j.t.JMeterThread: Thread started: Intake ramp 1-217
2026-10-08 21:59:28,622 INFO o.a.j.t.JMeterThread: Thread is done: Intake ramp 1-212
2026-10-08 21:59:28,622 INFO o.a.j.t.JMeterThread: Thread finished: Intake ramp 1-212
2026-10-08 21:59:29,078 INFO o.a.j.t.JMeterThread: Thread started: Intake ramp 1-218
2026-10-08 21:59:30,588 INFO o.a.j.r.Summariser: summary +      7 in 00:00:27 =    0.3/s Avg:  5781 Min:  2170 Max: 10182 Err:     0 (0.00%) Active: 6 Started: 218 Finished: 212
2026-10-08 21:59:30,589 INFO o.a.j.r.Summariser: summary =    213 in 00:21:12 =    0.2/s Avg:  4777 Min:   540 Max: 19477 Err:     0 (0.00%)
2026-10-08 21:59:30,589 INFO o.a.j.t.JMeterThread: Thread is done: Intake ramp 1-213
2026-10-08 21:59:30,589 INFO o.a.j.t.JMeterThread: Thread finished: Intake ramp 1-213
2026-10-08 21:59:33,589 INFO o.a.j.t.JMeterThread: Thread started: Intake ramp 1-219
2026-10-08 21:59:33,872 INFO o.a.j.t.JMeterThread: Thread is done: Intake ramp 1-214
2026-10-08 21:59:33,873 INFO o.a.j.t.JMeterThread: Thread finished: Intake ramp 1-214
2026-10-08 21:59:36,909 INFO o.a.j.t.JMeterThread: Thread started: Intake ramp 1-220
2026-10-08 21:59:36,926 INFO o.a.j.t.JMeterThread: Thread started: Intake ramp 1-221
2026-10-08 21:59:37,811 INFO o.a.j.t.JMeterThread: Thread is done: Intake ramp 1-215
2026-10-08 21:59:37,811 INFO o.a.j.t.JMeterThread: Thread finished: Intake ramp 1-215
2026-10-08 21:59:39,453 INFO o.a.j.t.JMeterThread: Thread is done: Intake ramp 1-216
2026-10-08 21:59:39,453 INFO o.a.j.t.JMeterThread: Thread finished: Intake ramp 1-216
2026-10-08 21:59:42,106 INFO o.a.j.t.JMeterThread: Thread is done: Intake ramp 1-217
2026-10-08 21:59:42,106 INFO o.a.j.t.JMeterThread: Thread finished: Intake ramp 1-217
2026-10-08 21:59:44,368 INFO o.a.j.t.JMeterThread: Thread is done: Intake ramp 1-218
2026-10-08 21:59:44,368 INFO o.a.j.t.JMeterThread: Thread finished: Intake ramp 1-218
2026-10-08 21:59:47,106 INFO o.a.j.t.JMeterThread: Thread is done: Intake ramp 1-219
2026-10-08 21:59:47,106 INFO o.a.j.t.JMeterThread: Thread finished: Intake ramp 1-219
2026-10-08 21:59:48,798 INFO o.a.j.t.JMeterThread: Thread started: Intake ramp 1-222
2026-10-08 21:59:49,704 INFO o.a.j.t.JMeterThread: Thread started: Intake ramp 1-223
2026-10-08 21:59:50,212 INFO o.a.j.t.JMeterThread: Thread is done: Intake ramp 1-220
2026-10-08 21:59:50,213 INFO o.a.j.t.JMeterThread: Thread finished: Intake ramp 1-220
2026-10-08 21:59:50,903 INFO o.a.j.t.JMeterThread: Thread started: Intake ramp 1-224
2026-10-08 21:59:52,019 INFO o.a.j.t.JMeterThread: Thread is done: Intake ramp 1-221
2026-10-08 21:59:52,020 INFO o.a.j.t.JMeterThread: Thread finished: Intake ramp 1-221
2026-10-08 21:59:53,282 INFO o.a.j.t.JMeterThread: Thread is done: Intake ramp 1-222
2026-10-08 21:59:53,282 INFO o.a.j.t.JMeterThread: Thread finished: Intake ramp 1-222
2026-10-08 21:59:55,078 INFO o.a.j.t.JMeterThread: Thread is done: Intake ramp 1-223
2026-10-08 21:59:55,078 INFO o.a.j.t.JMeterThread: Thread finished: Intake ramp 1-223
2026-10-08 21:59:55,651 INFO o.a.j.t.JMeterThread: Thread started: Intake ramp 1-225
2026-10-08 21:59:59,711 INFO o.a.j.t.JMeterThread: Thread is done: Intake ramp 1-224
2026-10-08 21:59:59,711 INFO o.a.j.t.JMeterThread: Thread finished: Intake ramp 1-224
2026-10-08 22:00:02,898 INFO o.a.j.r.Summariser: summary +     12 in 00:00:32 =    0.4/s Avg: 11393 Min:  4483 Max: 15341 Err:     0 (0.00%) Active: 1 Started: 225 Finished: 224
2026-10-08 22:00:02,899 INFO o.a.j.r.Summariser: summary =    225 in 00:21:44 =    0.2/s Avg:  5130 Min:   540 Max: 19477 Err:     0 (0.00%)
2026-10-08 22:00:02,899 INFO o.a.j.t.JMeterThread: Thread is done: Intake ramp 1-225
2026-10-08 22:00:02,899 INFO o.a.j.t.JMeterThread: Thread finished: Intake ramp 1-225
2026-10-08 22:00:06,150 INFO o.a.j.t.JMeterThread: Thread started: Intake ramp 1-226
2026-10-08 22:00:08,600 INFO o.a.j.t.JMeterThread: Thread started: Intake ramp 1-227
2026-10-08 22:00:10,244 INFO o.a.j.t.JMeterThread: Thread is done: Intake ramp 1-226
2026-10-08 22:00:10,244 INFO o.a.j.t.JMeterThread: Thread finished: Intake ramp 1-226
2026-10-08 22:00:11,585 INFO o.a.j.t.JMeterThread: Thread started: Intake ramp 1-228
2026-10-08 22:00:12,736 INFO o.a.j.t.JMeterThread: Thread is done: Intake ramp 1-227
2026-10-08 22:00:12,736 INFO o.a.j.t.JMeterThread: Thread finished: Intake ramp 1-227
2026-10-08 22:00:14,410 INFO o.a.j.t.JMeterThread: Thread started: Intake ramp 1-229
2026-10-08 22:00:15,597 INFO o.a.j.t.JMeterThread: Thread is done: Intake ramp 1-228
2026-10-08 22:00:15,597 INFO o.a.j.t.JMeterThread: Thread finished: Intake ramp 1-228
2026-10-08 22:00:16,708 INFO o.a.j.t.JMeterThread: Thread started: Intake ramp 1-230
2026-10-08 22:00:19,407 INFO o.a.j.t.JMeterThread: Thread is done: Intake ramp 1-229
2026-10-08 22:00:19,407 INFO o.a.j.t.JMeterThread: Thread finished: Intake ramp 1-229
2026-10-08 22:00:22,009 INFO o.a.j.t.JMeterThread: Thread is done: Intake ramp 1-230
2026-10-08 22:00:22,009 INFO o.a.j.t.JMeterThread: Thread finished: Intake ramp 1-230
2026-10-08 22:00:22,293 INFO o.a.j.t.JMeterThread: Thread started: Intake ramp 1-231
2026-10-08 22:00:25,285 INFO o.a.j.t.JMeterThread: Thread is done: Intake ramp 1-231
2026-10-08 22:00:25,285 INFO o.a.j.t.JMeterThread: Thread finished: Intake ramp 1-231
2026-10-08 22:00:27,079 INFO o.a.j.t.JMeterThread: Thread started: Intake ramp 1-232
2026-10-08 22:00:28,865 INFO o.a.j.t.JMeterThread: Thread is done: Intake ramp 1-232
2026-10-08 22:00:28,865 INFO o.a.j.t.JMeterThread: Thread finished: Intake ramp 1-232
2026-10-08 22:00:29,579 INFO o.a.j.t.JMeterThread: Thread started: Intake ramp 1-233
2026-10-08 22:00:31,379 INFO o.a.j.t.JMeterThread: Thread started: Intake ramp 1-234
2026-10-08 22:00:32,183 INFO o.a.j.r.Summariser: summary +      8 in 00:00:29 =    0.3/s Avg:  3738 Min:  1784 Max:  5299 Err:     0 (0.00%) Active: 2 Started: 234 Finished: 232
2026-10-08 22:00:32,184 INFO o.a.j.r.Summariser: summary =    233 in 00:22:14 =    0.2/s Avg:  5082 Min:   540 Max: 19477 Err:     0 (0.00%)
2026-10-08 22:00:32,185 INFO o.a.j.t.JMeterThread: Thread is done: Intake ramp 1-233
2026-10-08 22:00:32,185 INFO o.a.j.t.JMeterThread: Thread finished: Intake ramp 1-233
2026-10-08 22:00:32,783 INFO o.a.j.t.JMeterThread: Thread started: Intake ramp 1-235
2026-10-08 22:00:35,324 INFO o.a.j.t.JMeterThread: Thread started: Intake ramp 1-236
2026-10-08 22:00:36,521 INFO o.a.j.t.JMeterThread: Thread started: Intake ramp 1-237
2026-10-08 22:00:36,815 INFO o.a.j.t.JMeterThread: Thread is done: Intake ramp 1-234
2026-10-08 22:00:36,815 INFO o.a.j.t.JMeterThread: Thread finished: Intake ramp 1-234
2026-10-08 22:00:38,720 INFO o.a.j.t.JMeterThread: Thread is done: Intake ramp 1-235
2026-10-08 22:00:38,720 INFO o.a.j.t.JMeterThread: Thread finished: Intake ramp 1-235
2026-10-08 22:00:41,705 INFO o.a.j.t.JMeterThread: Thread is done: Intake ramp 1-236
2026-10-08 22:00:41,705 INFO o.a.j.t.JMeterThread: Thread finished: Intake ramp 1-236
2026-10-08 22:00:45,507 INFO o.a.j.t.JMeterThread: Thread started: Intake ramp 1-238
2026-10-08 22:00:46,536 INFO o.a.j.t.JMeterThread: Thread is done: Intake ramp 1-237
2026-10-08 22:00:46,536 INFO o.a.j.t.JMeterThread: Thread finished: Intake ramp 1-237
2026-10-08 22:00:47,522 INFO o.a.j.t.JMeterThread: Thread started: Intake ramp 1-239
2026-10-08 22:00:48,234 INFO o.a.j.t.JMeterThread: Thread started: Intake ramp 1-240
2026-10-08 22:00:48,704 INFO o.a.j.t.JMeterThread: Thread started: Intake ramp 1-241
2026-10-08 22:00:50,036 INFO o.a.j.t.JMeterThread: Thread is done: Intake ramp 1-238
2026-10-08 22:00:50,036 INFO o.a.j.t.JMeterThread: Thread finished: Intake ramp 1-238
2026-10-08 22:00:51,856 INFO o.a.j.t.JMeterThread: Thread is done: Intake ramp 1-239
2026-10-08 22:00:51,856 INFO o.a.j.t.JMeterThread: Thread finished: Intake ramp 1-239
2026-10-08 22:00:53,090 INFO o.a.j.t.JMeterThread: Thread started: Intake ramp 1-242
2026-10-08 22:00:53,252 INFO o.a.j.t.JMeterThread: Thread is done: Intake ramp 1-240
2026-10-08 22:00:53,252 INFO o.a.j.t.JMeterThread: Thread finished: Intake ramp 1-240
2026-10-08 22:00:53,615 INFO o.a.j.t.JMeterThread: Thread started: Intake ramp 1-243
2026-10-08 22:00:55,202 INFO o.a.j.t.JMeterThread: Thread is done: Intake ramp 1-241
2026-10-08 22:00:55,202 INFO o.a.j.t.JMeterThread: Thread finished: Intake ramp 1-241
2026-10-08 22:00:55,333 INFO o.a.j.t.JMeterThread: Thread started: Intake ramp 1-244
2026-10-08 22:00:56,957 INFO o.a.j.t.JMeterThread: Thread is done: Intake ramp 1-242
2026-10-08 22:00:56,957 INFO o.a.j.t.JMeterThread: Thread finished: Intake ramp 1-242
2026-10-08 22:00:57,613 INFO o.a.j.t.JMeterThread: Thread started: Intake ramp 1-245
2026-10-08 22:00:58,269 INFO o.a.j.t.JMeterThread: Thread started: Intake ramp 1-246
2026-10-08 22:01:00,039 INFO o.a.j.r.Summariser: summary +     10 in 00:00:28 =    0.4/s Avg:  5841 Min:  3866 Max: 10012 Err:     0 (0.00%) Active: 4 Started: 246 Finished: 242
2026-10-08 22:01:00,039 INFO o.a.j.r.Summariser: summary =    243 in 00:22:42 =    0.2/s Avg:  5113 Min:   540 Max: 19477 Err:     0 (0.00%)
2026-10-08 22:01:00,040 INFO o.a.j.t.JMeterThread: Thread is done: Intake ramp 1-243
2026-10-08 22:01:00,040 INFO o.a.j.t.JMeterThread: Thread finished: Intake ramp 1-243
2026-10-08 22:01:02,697 INFO o.a.j.t.JMeterThread: Thread is done: Intake ramp 1-244
2026-10-08 22:01:02,697 INFO o.a.j.t.JMeterThread: Thread finished: Intake ramp 1-244
2026-10-08 22:01:06,262 INFO o.a.j.t.JMeterThread: Thread started: Intake ramp 1-247
2026-10-08 22:01:07,729 INFO o.a.j.t.JMeterThread: Thread is done: Intake ramp 1-245
2026-10-08 22:01:07,729 INFO o.a.j.t.JMeterThread: Thread finished: Intake ramp 1-245
2026-10-08 22:01:09,570 INFO o.a.j.t.JMeterThread: Thread started: Intake ramp 1-248
2026-10-08 22:01:10,345 INFO o.a.j.t.JMeterThread: Thread is done: Intake ramp 1-246
2026-10-08 22:01:10,346 INFO o.a.j.t.JMeterThread: Thread finished: Intake ramp 1-246
2026-10-08 22:01:11,193 INFO o.a.j.t.JMeterThread: Thread started: Intake ramp 1-249
2026-10-08 22:01:11,328 INFO o.a.j.t.JMeterThread: Thread started: Intake ramp 1-250
2026-10-08 22:01:11,802 INFO o.a.j.t.JMeterThread: Thread is done: Intake ramp 1-247
2026-10-08 22:01:11,802 INFO o.a.j.t.JMeterThread: Thread finished: Intake ramp 1-247
2026-10-08 22:01:11,858 INFO o.a.j.t.JMeterThread: Thread started: Intake ramp 1-251
2026-10-08 22:01:11,987 INFO o.a.j.t.JMeterThread: Thread started: Intake ramp 1-252
2026-10-08 22:01:12,029 INFO o.a.j.t.JMeterThread: Thread started: Intake ramp 1-253
2026-10-08 22:01:12,615 INFO o.a.j.t.JMeterThread: Thread started: Intake ramp 1-254
2026-10-08 22:01:14,259 INFO o.a.j.t.JMeterThread: Thread is done: Intake ramp 1-248
2026-10-08 22:01:14,259 INFO o.a.j.t.JMeterThread: Thread finished: Intake ramp 1-248
2026-10-08 22:01:15,595 INFO o.a.j.t.JMeterThread: Thread is done: Intake ramp 1-249
2026-10-08 22:01:15,595 INFO o.a.j.t.JMeterThread: Thread finished: Intake ramp 1-249
2026-10-08 22:01:17,804 INFO o.a.j.t.JMeterThread: Thread is done: Intake ramp 1-250
2026-10-08 22:01:17,805 INFO o.a.j.t.JMeterThread: Thread finished: Intake ramp 1-250
2026-10-08 22:01:20,238 INFO o.a.j.t.JMeterThread: Thread started: Intake ramp 1-255
2026-10-08 22:01:22,782 INFO o.a.j.t.JMeterThread: Thread is done: Intake ramp 1-251
2026-10-08 22:01:22,782 INFO o.a.j.t.JMeterThread: Thread finished: Intake ramp 1-251
2026-10-08 22:01:25,194 INFO o.a.j.t.JMeterThread: Thread started: Intake ramp 1-256
2026-10-08 22:01:26,471 INFO o.a.j.t.JMeterThread: Thread started: Intake ramp 1-257
2026-10-08 22:01:26,475 INFO o.a.j.t.JMeterThread: Thread is done: Intake ramp 1-252
2026-10-08 22:01:26,475 INFO o.a.j.t.JMeterThread: Thread finished: Intake ramp 1-252
2026-10-08 22:01:30,062 INFO o.a.j.t.JMeterThread: Thread started: Intake ramp 1-258
2026-10-08 22:01:31,021 INFO o.a.j.t.JMeterThread: Thread started: Intake ramp 1-259
2026-10-08 22:01:32,197 INFO o.a.j.r.Summariser: summary +     10 in 00:00:32 =    0.3/s Avg:  9621 Min:  4399 Max: 20163 Err:     0 (0.00%) Active: 7 Started: 259 Finished: 252
2026-10-08 22:01:32,197 INFO o.a.j.r.Summariser: summary =    253 in 00:23:14 =    0.2/s Avg:  5292 Min:   540 Max: 20163 Err:     0 (0.00%)
2026-10-08 22:01:32,198 INFO o.a.j.t.JMeterThread: Thread is done: Intake ramp 1-253
2026-10-08 22:01:32,198 INFO o.a.j.t.JMeterThread: Thread finished: Intake ramp 1-253
2026-10-08 22:01:33,312 INFO o.a.j.t.JMeterThread: Thread started: Intake ramp 1-260
2026-10-08 22:01:34,269 INFO o.a.j.t.JMeterThread: Thread is done: Intake ramp 1-254
2026-10-08 22:01:34,269 INFO o.a.j.t.JMeterThread: Thread finished: Intake ramp 1-254
2026-10-08 22:01:34,816 INFO o.a.j.t.JMeterThread: Thread started: Intake ramp 1-261
2026-10-08 22:01:37,150 INFO o.a.j.t.JMeterThread: Thread is done: Intake ramp 1-255
2026-10-08 22:01:37,150 INFO o.a.j.t.JMeterThread: Thread finished: Intake ramp 1-255
2026-10-08 22:01:37,167 INFO o.a.j.t.JMeterThread: Thread started: Intake ramp 1-262
2026-10-08 22:01:37,671 INFO o.a.j.t.JMeterThread: Thread started: Intake ramp 1-263
2026-10-08 22:01:40,097 INFO o.a.j.t.JMeterThread: Thread started: Intake ramp 1-264
2026-10-08 22:01:40,700 INFO o.a.j.t.JMeterThread: Thread is done: Intake ramp 1-256
2026-10-08 22:01:40,700 INFO o.a.j.t.JMeterThread: Thread finished: Intake ramp 1-256
2026-10-08 22:01:41,809 INFO o.a.j.t.JMeterThread: Thread is done: Intake ramp 1-257
2026-10-08 22:01:41,809 INFO o.a.j.t.JMeterThread: Thread finished: Intake ramp 1-257
2026-10-08 22:01:43,676 INFO o.a.j.t.JMeterThread: Thread is done: Intake ramp 1-258
2026-10-08 22:01:43,676 INFO o.a.j.t.JMeterThread: Thread finished: Intake ramp 1-258
2026-10-08 22:01:44,990 INFO o.a.j.t.JMeterThread: Thread is done: Intake ramp 1-259
2026-10-08 22:01:44,990 INFO o.a.j.t.JMeterThread: Thread finished: Intake ramp 1-259
2026-10-08 22:01:47,167 INFO o.a.j.t.JMeterThread: Thread is done: Intake ramp 1-260
2026-10-08 22:01:47,168 INFO o.a.j.t.JMeterThread: Thread finished: Intake ramp 1-260
2026-10-08 22:01:47,201 INFO o.a.j.t.JMeterThread: Thread started: Intake ramp 1-265
2026-10-08 22:01:48,289 INFO o.a.j.t.JMeterThread: Thread is done: Intake ramp 1-261
2026-10-08 22:01:48,289 INFO o.a.j.t.JMeterThread: Thread finished: Intake ramp 1-261
2026-10-08 22:01:49,362 INFO o.a.j.t.JMeterThread: Thread started: Intake ramp 1-266
2026-10-08 22:01:50,214 INFO o.a.j.t.JMeterThread: Thread is done: Intake ramp 1-262
2026-10-08 22:01:50,214 INFO o.a.j.t.JMeterThread: Thread finished: Intake ramp 1-262
2026-10-08 22:01:50,390 INFO o.a.j.t.JMeterThread: Thread started: Intake ramp 1-267
2026-10-08 22:01:53,799 INFO o.a.j.t.JMeterThread: Thread is done: Intake ramp 1-263
2026-10-08 22:01:53,800 INFO o.a.j.t.JMeterThread: Thread finished: Intake ramp 1-263
2026-10-08 22:01:55,647 INFO o.a.j.t.JMeterThread: Thread is done: Intake ramp 1-264
2026-10-08 22:01:55,647 INFO o.a.j.t.JMeterThread: Thread finished: Intake ramp 1-264
2026-10-08 22:01:55,681 INFO o.a.j.t.JMeterThread: Thread started: Intake ramp 1-268
2026-10-08 22:01:57,715 INFO o.a.j.t.JMeterThread: Thread is done: Intake ramp 1-265
2026-10-08 22:01:57,715 INFO o.a.j.t.JMeterThread: Thread finished: Intake ramp 1-265
2026-10-08 22:01:59,758 INFO o.a.j.t.JMeterThread: Thread started: Intake ramp 1-269
2026-10-08 22:01:59,823 INFO o.a.j.t.JMeterThread: Thread is done: Intake ramp 1-266
2026-10-08 22:01:59,824 INFO o.a.j.t.JMeterThread: Thread finished: Intake ramp 1-266
2026-10-08 22:02:00,142 INFO o.a.j.t.JMeterThread: Thread started: Intake ramp 1-270
2026-10-08 22:02:01,093 INFO o.a.j.r.Summariser: summary +     14 in 00:00:29 =    0.5/s Avg: 14335 Min: 10459 Max: 21651 Err:     0 (0.00%) Active: 4 Started: 270 Finished: 266
2026-10-08 22:02:01,093 INFO o.a.j.r.Summariser: summary =    267 in 00:23:43 =    0.2/s Avg:  5766 Min:   540 Max: 21651 Err:     0 (0.00%)
2026-10-08 22:02:01,094 INFO o.a.j.t.JMeterThread: Thread is done: Intake ramp 1-267
2026-10-08 22:02:01,094 INFO o.a.j.t.JMeterThread: Thread finished: Intake ramp 1-267
2026-10-08 22:02:02,344 INFO o.a.j.t.JMeterThread: Thread started: Intake ramp 1-271
2026-10-08 22:02:02,927 INFO o.a.j.t.JMeterThread: Thread started: Intake ramp 1-272
2026-10-08 22:02:03,342 INFO o.a.j.t.JMeterThread: Thread is done: Intake ramp 1-268
2026-10-08 22:02:03,343 INFO o.a.j.t.JMeterThread: Thread finished: Intake ramp 1-268
2026-10-08 22:02:04,664 INFO o.a.j.t.JMeterThread: Thread started: Intake ramp 1-273
2026-10-08 22:02:05,299 INFO o.a.j.t.JMeterThread: Thread started: Intake ramp 1-274
2026-10-08 22:02:05,399 INFO o.a.j.t.JMeterThread: Thread is done: Intake ramp 1-269
2026-10-08 22:02:05,399 INFO o.a.j.t.JMeterThread: Thread finished: Intake ramp 1-269
2026-10-08 22:02:06,840 INFO o.a.j.t.JMeterThread: Thread is done: Intake ramp 1-270
2026-10-08 22:02:06,842 INFO o.a.j.t.JMeterThread: Thread finished: Intake ramp 1-270
2026-10-08 22:02:09,246 INFO o.a.j.t.JMeterThread: Thread started: Intake ramp 1-275
2026-10-08 22:02:09,999 INFO o.a.j.t.JMeterThread: Thread started: Intake ramp 1-276
2026-10-08 22:02:10,600 INFO o.a.j.t.JMeterThread: Thread is done: Intake ramp 1-271
2026-10-08 22:02:10,600 INFO o.a.j.t.JMeterThread: Thread finished: Intake ramp 1-271
2026-10-08 22:02:12,655 INFO o.a.j.t.JMeterThread: Thread started: Intake ramp 1-277
2026-10-08 22:02:13,210 INFO o.a.j.t.JMeterThread: Thread is done: Intake ramp 1-272
2026-10-08 22:02:13,210 INFO o.a.j.t.JMeterThread: Thread finished: Intake ramp 1-272
2026-10-08 22:02:13,609 INFO o.a.j.t.JMeterThread: Thread started: Intake ramp 1-278
2026-10-08 22:02:13,963 INFO o.a.j.t.JMeterThread: Thread started: Intake ramp 1-279
2026-10-08 22:02:16,131 INFO o.a.j.t.JMeterThread: Thread is done: Intake ramp 1-273
2026-10-08 22:02:16,131 INFO o.a.j.t.JMeterThread: Thread finished: Intake ramp 1-273
2026-10-08 22:02:16,775 INFO o.a.j.t.JMeterThread: Thread is done: Intake ramp 1-274
2026-10-08 22:02:16,775 INFO o.a.j.t.JMeterThread: Thread finished: Intake ramp 1-274
2026-10-08 22:02:16,835 INFO o.a.j.t.JMeterThread: Thread started: Intake ramp 1-280
2026-10-08 22:02:18,081 INFO o.a.j.t.JMeterThread: Thread started: Intake ramp 1-281
2026-10-08 22:02:18,821 INFO o.a.j.t.JMeterThread: Thread started: Intake ramp 1-282
2026-10-08 22:02:19,363 INFO o.a.j.t.JMeterThread: Thread is done: Intake ramp 1-275
2026-10-08 22:02:19,364 INFO o.a.j.t.JMeterThread: Thread finished: Intake ramp 1-275
2026-10-08 22:02:23,419 INFO o.a.j.t.JMeterThread: Thread started: Intake ramp 1-283
2026-10-08 22:02:23,528 INFO o.a.j.t.JMeterThread: Thread is done: Intake ramp 1-276
2026-10-08 22:02:23,528 INFO o.a.j.t.JMeterThread: Thread finished: Intake ramp 1-276
2026-10-08 22:02:25,751 INFO o.a.j.t.JMeterThread: Thread started: Intake ramp 1-284
2026-10-08 22:02:26,490 INFO o.a.j.t.JMeterThread: Thread started: Intake ramp 1-285
2026-10-08 22:02:28,062 INFO o.a.j.t.JMeterThread: Thread started: Intake ramp 1-286
2026-10-08 22:02:28,071 INFO o.a.j.t.JMeterThread: Thread started: Intake ramp 1-287
2026-10-08 22:02:28,667 INFO o.a.j.t.JMeterThread: Thread is done: Intake ramp 1-277
2026-10-08 22:02:28,668 INFO o.a.j.t.JMeterThread: Thread finished: Intake ramp 1-277
2026-10-08 22:02:32,139 INFO o.a.j.r.Summariser: summary +     11 in 00:00:31 =    0.4/s Avg: 10877 Min:  5639 Max: 18524 Err:     0 (0.00%) Active: 10 Started: 287 Finished: 277
2026-10-08 22:02:32,140 INFO o.a.j.r.Summariser: summary =    278 in 00:24:14 =    0.2/s Avg:  5968 Min:   540 Max: 21651 Err:     0 (0.00%)
2026-10-08 22:02:32,140 INFO o.a.j.t.JMeterThread: Thread is done: Intake ramp 1-278
2026-10-08 22:02:32,140 INFO o.a.j.t.JMeterThread: Thread finished: Intake ramp 1-278
2026-10-08 22:02:33,561 INFO o.a.j.t.JMeterThread: Thread started: Intake ramp 1-288
2026-10-08 22:02:33,904 INFO o.a.j.t.JMeterThread: Thread is done: Intake ramp 1-279
2026-10-08 22:02:33,904 INFO o.a.j.t.JMeterThread: Thread finished: Intake ramp 1-279
2026-10-08 22:02:34,817 INFO o.a.j.t.JMeterThread: Thread is done: Intake ramp 1-280
2026-10-08 22:02:34,817 INFO o.a.j.t.JMeterThread: Thread finished: Intake ramp 1-280
2026-10-08 22:02:36,753 INFO o.a.j.t.JMeterThread: Thread started: Intake ramp 1-289
2026-10-08 22:02:38,426 INFO o.a.j.t.JMeterThread: Thread is done: Intake ramp 1-281
2026-10-08 22:02:38,426 INFO o.a.j.t.JMeterThread: Thread finished: Intake ramp 1-281
2026-10-08 22:02:40,297 INFO o.a.j.t.JMeterThread: Thread started: Intake ramp 1-290
2026-10-08 22:02:42,934 INFO o.a.j.t.JMeterThread: Thread is done: Intake ramp 1-282
2026-10-08 22:02:42,934 INFO o.a.j.t.JMeterThread: Thread finished: Intake ramp 1-282
2026-10-08 22:02:43,766 INFO o.a.j.t.JMeterThread: Thread started: Intake ramp 1-291
2026-10-08 22:02:45,049 INFO o.a.j.t.JMeterThread: Thread started: Intake ramp 1-292
2026-10-08 22:02:46,752 INFO o.a.j.t.JMeterThread: Thread is done: Intake ramp 1-283
2026-10-08 22:02:46,752 INFO o.a.j.t.JMeterThread: Thread finished: Intake ramp 1-283
2026-10-08 22:02:49,985 INFO o.a.j.t.JMeterThread: Thread is done: Intake ramp 1-284
2026-10-08 22:02:49,985 INFO o.a.j.t.JMeterThread: Thread finished: Intake ramp 1-284
2026-10-08 22:02:52,628 INFO o.a.j.t.JMeterThread: Thread started: Intake ramp 1-293
2026-10-08 22:02:53,069 INFO o.a.j.t.JMeterThread: Thread is done: Intake ramp 1-285
2026-10-08 22:02:53,069 INFO o.a.j.t.JMeterThread: Thread finished: Intake ramp 1-285
2026-10-08 22:02:54,943 INFO o.a.j.t.JMeterThread: Thread started: Intake ramp 1-294
2026-10-08 22:02:57,713 INFO o.a.j.t.JMeterThread: Thread is done: Intake ramp 1-286
2026-10-08 22:02:57,713 INFO o.a.j.t.JMeterThread: Thread finished: Intake ramp 1-286
2026-10-08 22:02:57,737 INFO o.a.j.t.JMeterThread: Thread started: Intake ramp 1-295
2026-10-08 22:03:00,301 INFO o.a.j.r.Summariser: summary +      9 in 00:00:28 =    0.3/s Avg: 24264 Min: 17979 Max: 32225 Err:     0 (0.00%) Active: 9 Started: 295 Finished: 286
2026-10-08 22:03:00,301 INFO o.a.j.r.Summariser: summary =    287 in 00:24:42 =    0.2/s Avg:  6542 Min:   540 Max: 32225 Err:     0 (0.00%)
2026-10-08 22:03:00,303 INFO o.a.j.t.JMeterThread: Thread is done: Intake ramp 1-287
2026-10-08 22:03:00,303 INFO o.a.j.t.JMeterThread: Thread finished: Intake ramp 1-287
2026-10-08 22:03:00,752 INFO o.a.j.t.JMeterThread: Thread started: Intake ramp 1-296
2026-10-08 22:03:04,451 INFO o.a.j.t.JMeterThread: Thread is done: Intake ramp 1-288
2026-10-08 22:03:04,451 INFO o.a.j.t.JMeterThread: Thread finished: Intake ramp 1-288
2026-10-08 22:03:04,616 INFO o.a.j.t.JMeterThread: Thread started: Intake ramp 1-297
2026-10-08 22:03:05,030 INFO o.a.j.t.JMeterThread: Thread started: Intake ramp 1-298
2026-10-08 22:03:05,197 INFO o.a.j.t.JMeterThread: Thread started: Intake ramp 1-299
2026-10-08 22:03:06,081 INFO o.a.j.t.JMeterThread: Thread is done: Intake ramp 1-289
2026-10-08 22:03:06,082 INFO o.a.j.t.JMeterThread: Thread finished: Intake ramp 1-289
2026-10-08 22:03:07,221 INFO o.a.j.t.JMeterThread: Thread started: Intake ramp 1-300
2026-10-08 22:03:08,192 INFO o.a.j.t.JMeterThread: Thread is done: Intake ramp 1-290
2026-10-08 22:03:08,192 INFO o.a.j.t.JMeterThread: Thread finished: Intake ramp 1-290
2026-10-08 22:03:11,206 INFO o.a.j.t.JMeterThread: Thread started: Intake ramp 1-301
2026-10-08 22:03:11,309 INFO o.a.j.t.JMeterThread: Thread is done: Intake ramp 1-291
2026-10-08 22:03:11,309 INFO o.a.j.t.JMeterThread: Thread finished: Intake ramp 1-291
2026-10-08 22:03:13,359 INFO o.a.j.t.JMeterThread: Thread is done: Intake ramp 1-292
2026-10-08 22:03:13,360 INFO o.a.j.t.JMeterThread: Thread finished: Intake ramp 1-292
2026-10-08 22:03:15,304 INFO o.a.j.t.JMeterThread: Thread started: Intake ramp 1-302
2026-10-08 22:03:15,453 INFO o.a.j.t.JMeterThread: Thread is done: Intake ramp 1-293
2026-10-08 22:03:15,453 INFO o.a.j.t.JMeterThread: Thread finished: Intake ramp 1-293
2026-10-08 22:03:16,424 INFO o.a.j.t.JMeterThread: Thread started: Intake ramp 1-303
2026-10-08 22:03:18,918 INFO o.a.j.t.JMeterThread: Thread started: Intake ramp 1-304
2026-10-08 22:03:19,329 INFO o.a.j.t.JMeterThread: Thread is done: Intake ramp 1-294
2026-10-08 22:03:19,329 INFO o.a.j.t.JMeterThread: Thread finished: Intake ramp 1-294
2026-10-08 22:03:19,519 INFO o.a.j.t.JMeterThread: Thread started: Intake ramp 1-305
2026-10-08 22:03:20,732 INFO o.a.j.t.JMeterThread: Thread started: Intake ramp 1-306
2026-10-08 22:03:21,540 INFO o.a.j.t.JMeterThread: Thread is done: Intake ramp 1-295
2026-10-08 22:03:21,540 INFO o.a.j.t.JMeterThread: Thread finished: Intake ramp 1-295
2026-10-08 22:03:24,271 INFO o.a.j.t.JMeterThread: Thread is done: Intake ramp 1-296
2026-10-08 22:03:24,271 INFO o.a.j.t.JMeterThread: Thread finished: Intake ramp 1-296
2026-10-08 22:03:24,797 INFO o.a.j.t.JMeterThread: Thread started: Intake ramp 1-307
2026-10-08 22:03:27,030 INFO o.a.j.t.JMeterThread: Thread started: Intake ramp 1-308
2026-10-08 22:03:27,509 INFO o.a.j.t.JMeterThread: Thread started: Intake ramp 1-309
2026-10-08 22:03:28,136 INFO o.a.j.t.JMeterThread: Thread is done: Intake ramp 1-297
2026-10-08 22:03:28,136 INFO o.a.j.t.JMeterThread: Thread finished: Intake ramp 1-297
2026-10-08 22:03:29,291 INFO o.a.j.t.JMeterThread: Thread is done: Intake ramp 1-298
2026-10-08 22:03:29,291 INFO o.a.j.t.JMeterThread: Thread finished: Intake ramp 1-298
2026-10-08 22:03:30,656 INFO o.a.j.t.JMeterThread: Thread started: Intake ramp 1-310
2026-10-08 22:03:31,385 INFO o.a.j.r.Summariser: summary +     12 in 00:00:31 =    0.4/s Avg: 26036 Min: 22822 Max: 30886 Err:     0 (0.00%) Active: 12 Started: 310 Finished: 298
2026-10-08 22:03:31,386 INFO o.a.j.r.Summariser: summary =    299 in 00:25:13 =    0.2/s Avg:  7324 Min:   540 Max: 32225 Err:     0 (0.00%)
2026-10-08 22:03:31,386 INFO o.a.j.t.JMeterThread: Thread is done: Intake ramp 1-299
2026-10-08 22:03:31,386 INFO o.a.j.t.JMeterThread: Thread finished: Intake ramp 1-299
2026-10-08 22:03:32,401 INFO o.a.j.t.JMeterThread: Thread started: Intake ramp 1-311
2026-10-08 22:03:33,890 INFO o.a.j.t.JMeterThread: Thread started: Intake ramp 1-312
2026-10-08 22:03:34,162 INFO o.a.j.t.JMeterThread: Thread is done: Intake ramp 1-300
2026-10-08 22:03:34,162 INFO o.a.j.t.JMeterThread: Thread finished: Intake ramp 1-300
2026-10-08 22:03:35,957 INFO o.a.j.t.JMeterThread: Thread started: Intake ramp 1-313
2026-10-08 22:03:36,794 INFO o.a.j.t.JMeterThread: Thread started: Intake ramp 1-314
2026-10-08 22:03:36,817 INFO o.a.j.t.JMeterThread: Thread is done: Intake ramp 1-301
2026-10-08 22:03:36,817 INFO o.a.j.t.JMeterThread: Thread finished: Intake ramp 1-301
2026-10-08 22:03:39,099 INFO o.a.j.t.JMeterThread: Thread is done: Intake ramp 1-302
2026-10-08 22:03:39,099 INFO o.a.j.t.JMeterThread: Thread finished: Intake ramp 1-302
2026-10-08 22:03:39,604 INFO o.a.j.t.JMeterThread: Thread started: Intake ramp 1-315
2026-10-08 22:03:39,895 INFO o.a.j.t.JMeterThread: Thread started: Intake ramp 1-316
2026-10-08 22:03:42,360 INFO o.a.j.t.JMeterThread: Thread is done: Intake ramp 1-303
2026-10-08 22:03:42,360 INFO o.a.j.t.JMeterThread: Thread finished: Intake ramp 1-303
2026-10-08 22:03:42,440 INFO o.a.j.t.JMeterThread: Thread started: Intake ramp 1-317
2026-10-08 22:03:43,478 INFO o.a.j.t.JMeterThread: Thread is done: Intake ramp 1-304
2026-10-08 22:03:43,478 INFO o.a.j.t.JMeterThread: Thread finished: Intake ramp 1-304
2026-10-08 22:03:47,532 INFO o.a.j.t.JMeterThread: Thread is done: Intake ramp 1-305
2026-10-08 22:03:47,533 INFO o.a.j.t.JMeterThread: Thread finished: Intake ramp 1-305
2026-10-08 22:03:49,266 INFO o.a.j.t.JMeterThread: Thread started: Intake ramp 1-318
2026-10-08 22:03:51,423 INFO o.a.j.t.JMeterThread: Thread is done: Intake ramp 1-306
2026-10-08 22:03:51,424 INFO o.a.j.t.JMeterThread: Thread finished: Intake ramp 1-306
2026-10-08 22:03:54,874 INFO o.a.j.t.JMeterThread: Thread started: Intake ramp 1-319
2026-10-08 22:03:56,671 INFO o.a.j.t.JMeterThread: Thread is done: Intake ramp 1-307
2026-10-08 22:03:56,672 INFO o.a.j.t.JMeterThread: Thread finished: Intake ramp 1-307
2026-10-08 22:03:58,424 INFO o.a.j.t.JMeterThread: Thread started: Intake ramp 1-320
2026-10-08 22:04:00,649 INFO o.a.j.r.Summariser: summary +      9 in 00:00:29 =    0.3/s Avg: 27890 Min: 23792 Max: 33616 Err:     0 (0.00%) Active: 13 Started: 320 Finished: 307
2026-10-08 22:04:00,650 INFO o.a.j.r.Summariser: summary =    308 in 00:25:42 =    0.2/s Avg:  7925 Min:   540 Max: 33616 Err:     0 (0.00%)
2026-10-08 22:04:00,650 INFO o.a.j.t.JMeterThread: Thread is done: Intake ramp 1-308
2026-10-08 22:04:00,650 INFO o.a.j.t.JMeterThread: Thread finished: Intake ramp 1-308
2026-10-08 22:04:02,642 INFO o.a.j.t.JMeterThread: Thread is done: Intake ramp 1-309
2026-10-08 22:04:02,642 INFO o.a.j.t.JMeterThread: Thread finished: Intake ramp 1-309
2026-10-08 22:04:05,229 INFO o.a.j.t.JMeterThread: Thread is done: Intake ramp 1-310
2026-10-08 22:04:05,229 INFO o.a.j.t.JMeterThread: Thread finished: Intake ramp 1-310
2026-10-08 22:04:07,051 INFO o.a.j.t.JMeterThread: Thread is done: Intake ramp 1-311
2026-10-08 22:04:07,051 INFO o.a.j.t.JMeterThread: Thread finished: Intake ramp 1-311
2026-10-08 22:04:08,992 INFO o.a.j.t.JMeterThread: Thread is done: Intake ramp 1-312
2026-10-08 22:04:08,992 INFO o.a.j.t.JMeterThread: Thread finished: Intake ramp 1-312
2026-10-08 22:04:10,546 INFO o.a.j.t.JMeterThread: Thread is done: Intake ramp 1-313
2026-10-08 22:04:10,546 INFO o.a.j.t.JMeterThread: Thread finished: Intake ramp 1-313
2026-10-08 22:04:15,331 INFO o.a.j.t.JMeterThread: Thread started: Intake ramp 1-321
2026-10-08 22:04:15,426 INFO o.a.j.t.JMeterThread: Thread is done: Intake ramp 1-314
2026-10-08 22:04:15,427 INFO o.a.j.t.JMeterThread: Thread finished: Intake ramp 1-314
2026-10-08 22:04:17,114 INFO o.a.j.t.JMeterThread: Thread is done: Intake ramp 1-315
2026-10-08 22:04:17,114 INFO o.a.j.t.JMeterThread: Thread finished: Intake ramp 1-315
2026-10-08 22:04:21,115 INFO o.a.j.t.JMeterThread: Thread is done: Intake ramp 1-316
2026-10-08 22:04:21,115 INFO o.a.j.t.JMeterThread: Thread finished: Intake ramp 1-316
2026-10-08 22:04:22,316 INFO o.a.j.t.JMeterThread: Thread started: Intake ramp 1-322
2026-10-08 22:04:25,307 INFO o.a.j.t.JMeterThread: Thread is done: Intake ramp 1-317
2026-10-08 22:04:25,307 INFO o.a.j.t.JMeterThread: Thread finished: Intake ramp 1-317
2026-10-08 22:04:27,204 INFO o.a.j.t.JMeterThread: Thread is done: Intake ramp 1-318
2026-10-08 22:04:27,205 INFO o.a.j.t.JMeterThread: Thread finished: Intake ramp 1-318
2026-10-08 22:04:30,357 INFO o.a.j.r.Summariser: summary +     11 in 00:00:30 =    0.4/s Avg: 37059 Min: 34569 Max: 42862 Err:     0 (0.00%) Active: 4 Started: 322 Finished: 318
2026-10-08 22:04:30,358 INFO o.a.j.r.Summariser: summary =    319 in 00:26:12 =    0.2/s Avg:  8930 Min:   540 Max: 42862 Err:     0 (0.00%)
2026-10-08 22:04:30,358 INFO o.a.j.t.JMeterThread: Thread is done: Intake ramp 1-319
2026-10-08 22:04:30,358 INFO o.a.j.t.JMeterThread: Thread finished: Intake ramp 1-319
2026-10-08 22:04:30,690 INFO o.a.j.t.JMeterThread: Thread started: Intake ramp 1-323
2026-10-08 22:04:31,572 INFO o.a.j.t.JMeterThread: Thread started: Intake ramp 1-324
2026-10-08 22:04:32,394 INFO o.a.j.t.JMeterThread: Thread is done: Intake ramp 1-320
2026-10-08 22:04:32,394 INFO o.a.j.t.JMeterThread: Thread finished: Intake ramp 1-320
2026-10-08 22:04:33,185 INFO o.a.j.t.JMeterThread: Thread started: Intake ramp 1-325
2026-10-08 22:04:34,765 INFO o.a.j.t.JMeterThread: Thread is done: Intake ramp 1-321
2026-10-08 22:04:34,765 INFO o.a.j.t.JMeterThread: Thread finished: Intake ramp 1-321
2026-10-08 22:04:35,401 INFO o.a.j.t.JMeterThread: Thread started: Intake ramp 1-326
2026-10-08 22:04:38,539 INFO o.a.j.t.JMeterThread: Thread started: Intake ramp 1-327
2026-10-08 22:04:39,161 INFO o.a.j.t.JMeterThread: Thread is done: Intake ramp 1-322
2026-10-08 22:04:39,162 INFO o.a.j.t.JMeterThread: Thread finished: Intake ramp 1-322
2026-10-08 22:04:41,155 INFO o.a.j.t.JMeterThread: Thread is done: Intake ramp 1-323
2026-10-08 22:04:41,155 INFO o.a.j.t.JMeterThread: Thread finished: Intake ramp 1-323
2026-10-08 22:04:44,446 INFO o.a.j.t.JMeterThread: Thread is done: Intake ramp 1-324
2026-10-08 22:04:44,446 INFO o.a.j.t.JMeterThread: Thread finished: Intake ramp 1-324
2026-10-08 22:04:44,776 INFO o.a.j.t.JMeterThread: Thread started: Intake ramp 1-328
2026-10-08 22:04:45,800 INFO o.a.j.t.JMeterThread: Thread is done: Intake ramp 1-325
2026-10-08 22:04:45,801 INFO o.a.j.t.JMeterThread: Thread finished: Intake ramp 1-325
2026-10-08 22:04:45,823 INFO o.a.j.t.JMeterThread: Thread started: Intake ramp 1-329
2026-10-08 22:04:47,612 INFO o.a.j.t.JMeterThread: Thread is done: Intake ramp 1-326
2026-10-08 22:04:47,612 INFO o.a.j.t.JMeterThread: Thread finished: Intake ramp 1-326
2026-10-08 22:04:48,901 INFO o.a.j.t.JMeterThread: Thread started: Intake ramp 1-330
2026-10-08 22:04:49,706 INFO o.a.j.t.JMeterThread: Thread is done: Intake ramp 1-327
2026-10-08 22:04:49,707 INFO o.a.j.t.JMeterThread: Thread finished: Intake ramp 1-327
2026-10-08 22:04:50,948 INFO o.a.j.t.JMeterThread: Thread is done: Intake ramp 1-328
2026-10-08 22:04:50,948 INFO o.a.j.t.JMeterThread: Thread finished: Intake ramp 1-328
2026-10-08 22:04:52,226 INFO o.a.j.t.JMeterThread: Thread started: Intake ramp 1-331
2026-10-08 22:04:52,836 INFO o.a.j.t.JMeterThread: Thread is done: Intake ramp 1-329
2026-10-08 22:04:52,836 INFO o.a.j.t.JMeterThread: Thread finished: Intake ramp 1-329
2026-10-08 22:04:54,458 INFO o.a.j.t.JMeterThread: Thread is done: Intake ramp 1-330
2026-10-08 22:04:54,459 INFO o.a.j.t.JMeterThread: Thread finished: Intake ramp 1-330
2026-10-08 22:04:54,680 INFO o.a.j.t.JMeterThread: Thread started: Intake ramp 1-332
2026-10-08 22:04:55,724 INFO o.a.j.t.JMeterThread: Thread started: Intake ramp 1-333
2026-10-08 22:04:57,650 INFO o.a.j.t.JMeterThread: Thread is done: Intake ramp 1-331
2026-10-08 22:04:57,650 INFO o.a.j.t.JMeterThread: Thread finished: Intake ramp 1-331
2026-10-08 22:04:59,857 INFO o.a.j.t.JMeterThread: Thread started: Intake ramp 1-334
2026-10-08 22:05:00,089 INFO o.a.j.t.JMeterThread: Thread started: Intake ramp 1-335
2026-10-08 22:05:00,714 INFO o.a.j.r.Summariser: summary +     13 in 00:00:30 =    0.4/s Avg: 12288 Min:  5422 Max: 33966 Err:     0 (0.00%) Active: 4 Started: 335 Finished: 331
2026-10-08 22:05:00,715 INFO o.a.j.r.Summariser: summary =    332 in 00:26:42 =    0.2/s Avg:  9061 Min:   540 Max: 42862 Err:     0 (0.00%)
2026-10-08 22:05:00,715 INFO o.a.j.t.JMeterThread: Thread is done: Intake ramp 1-332
2026-10-08 22:05:00,715 INFO o.a.j.t.JMeterThread: Thread finished: Intake ramp 1-332
2026-10-08 22:05:03,637 INFO o.a.j.t.JMeterThread: Thread is done: Intake ramp 1-333
2026-10-08 22:05:03,638 INFO o.a.j.t.JMeterThread: Thread finished: Intake ramp 1-333
2026-10-08 22:05:04,554 INFO o.a.j.t.JMeterThread: Thread started: Intake ramp 1-336
2026-10-08 22:05:04,911 INFO o.a.j.t.JMeterThread: Thread started: Intake ramp 1-337
2026-10-08 22:05:05,935 INFO o.a.j.t.JMeterThread: Thread started: Intake ramp 1-338
2026-10-08 22:05:06,086 INFO o.a.j.t.JMeterThread: Thread is done: Intake ramp 1-334
2026-10-08 22:05:06,086 INFO o.a.j.t.JMeterThread: Thread finished: Intake ramp 1-334
2026-10-08 22:05:06,189 INFO o.a.j.t.JMeterThread: Thread started: Intake ramp 1-339
2026-10-08 22:05:07,914 INFO o.a.j.t.JMeterThread: Thread started: Intake ramp 1-340
2026-10-08 22:05:09,567 INFO o.a.j.t.JMeterThread: Thread is done: Intake ramp 1-335
2026-10-08 22:05:09,567 INFO o.a.j.t.JMeterThread: Thread finished: Intake ramp 1-335
2026-10-08 22:05:13,184 INFO o.a.j.t.JMeterThread: Thread is done: Intake ramp 1-336
2026-10-08 22:05:13,184 INFO o.a.j.t.JMeterThread: Thread finished: Intake ramp 1-336
2026-10-08 22:05:15,936 INFO o.a.j.t.JMeterThread: Thread is done: Intake ramp 1-337
2026-10-08 22:05:15,936 INFO o.a.j.t.JMeterThread: Thread finished: Intake ramp 1-337
2026-10-08 22:05:16,993 INFO o.a.j.t.JMeterThread: Thread started: Intake ramp 1-341
2026-10-08 22:05:17,197 INFO o.a.j.t.JMeterThread: Thread started: Intake ramp 1-342
2026-10-08 22:05:17,463 INFO o.a.j.t.JMeterThread: Thread is done: Intake ramp 1-338
2026-10-08 22:05:17,463 INFO o.a.j.t.JMeterThread: Thread finished: Intake ramp 1-338
2026-10-08 22:05:18,537 INFO o.a.j.t.JMeterThread: Thread started: Intake ramp 1-343
2026-10-08 22:05:20,227 INFO o.a.j.t.JMeterThread: Thread started: Intake ramp 1-344
2026-10-08 22:05:20,360 INFO o.a.j.t.JMeterThread: Thread is done: Intake ramp 1-339
2026-10-08 22:05:20,360 INFO o.a.j.t.JMeterThread: Thread finished: Intake ramp 1-339
2026-10-08 22:05:21,537 INFO o.a.j.t.JMeterThread: Thread started: Intake ramp 1-345
2026-10-08 22:05:22,275 INFO o.a.j.t.JMeterThread: Thread started: Intake ramp 1-346
2026-10-08 22:05:23,352 INFO o.a.j.t.JMeterThread: Thread is done: Intake ramp 1-340
2026-10-08 22:05:23,353 INFO o.a.j.t.JMeterThread: Thread finished: Intake ramp 1-340
2026-10-08 22:05:23,761 INFO o.a.j.t.JMeterThread: Thread started: Intake ramp 1-347
2026-10-08 22:05:24,974 INFO o.a.j.t.JMeterThread: Thread started: Intake ramp 1-348
2026-10-08 22:05:25,945 INFO o.a.j.t.JMeterThread: Thread is done: Intake ramp 1-341
2026-10-08 22:05:25,945 INFO o.a.j.t.JMeterThread: Thread finished: Intake ramp 1-341
2026-10-08 22:05:28,537 INFO o.a.j.t.JMeterThread: Thread started: Intake ramp 1-349
2026-10-08 22:05:30,996 INFO o.a.j.r.Summariser: summary +     10 in 00:00:30 =    0.3/s Avg: 10714 Min:  6228 Max: 15437 Err:     0 (0.00%) Active: 8 Started: 349 Finished: 341
2026-10-08 22:05:30,997 INFO o.a.j.r.Summariser: summary =    342 in 00:27:12 =    0.2/s Avg:  9109 Min:   540 Max: 42862 Err:     0 (0.00%)
2026-10-08 22:05:30,997 INFO o.a.j.t.JMeterThread: Thread is done: Intake ramp 1-342
2026-10-08 22:05:30,997 INFO o.a.j.t.JMeterThread: Thread finished: Intake ramp 1-342
2026-10-08 22:05:31,777 INFO o.a.j.t.JMeterThread: Thread started: Intake ramp 1-350
2026-10-08 22:05:33,170 INFO o.a.j.t.JMeterThread: Thread is done: Intake ramp 1-343
2026-10-08 22:05:33,170 INFO o.a.j.t.JMeterThread: Thread finished: Intake ramp 1-343
2026-10-08 22:05:34,034 INFO o.a.j.t.JMeterThread: Thread started: Intake ramp 1-351
2026-10-08 22:05:35,170 INFO o.a.j.t.JMeterThread: Thread is done: Intake ramp 1-344
2026-10-08 22:05:35,170 INFO o.a.j.t.JMeterThread: Thread finished: Intake ramp 1-344
2026-10-08 22:05:35,427 INFO o.a.j.t.JMeterThread: Thread started: Intake ramp 1-352
2026-10-08 22:05:36,382 INFO o.a.j.t.JMeterThread: Thread started: Intake ramp 1-353
2026-10-08 22:05:36,418 INFO o.a.j.t.JMeterThread: Thread started: Intake ramp 1-354
2026-10-08 22:05:36,703 INFO o.a.j.t.JMeterThread: Thread started: Intake ramp 1-355
2026-10-08 22:05:37,479 INFO o.a.j.t.JMeterThread: Thread is done: Intake ramp 1-345
2026-10-08 22:05:37,479 INFO o.a.j.t.JMeterThread: Thread finished: Intake ramp 1-345
2026-10-08 22:05:38,790 INFO o.a.j.t.JMeterThread: Thread is done: Intake ramp 1-346
2026-10-08 22:05:38,790 INFO o.a.j.t.JMeterThread: Thread finished: Intake ramp 1-346
2026-10-08 22:05:38,986 INFO o.a.j.t.JMeterThread: Thread started: Intake ramp 1-356
2026-10-08 22:05:40,954 INFO o.a.j.t.JMeterThread: Thread started: Intake ramp 1-357
2026-10-08 22:05:41,842 INFO o.a.j.t.JMeterThread: Thread is done: Intake ramp 1-347
2026-10-08 22:05:41,842 INFO o.a.j.t.JMeterThread: Thread finished: Intake ramp 1-347
2026-10-08 22:05:42,228 INFO o.a.j.t.JMeterThread: Thread started: Intake ramp 1-358
2026-10-08 22:05:45,034 INFO o.a.j.t.JMeterThread: Thread is done: Intake ramp 1-348
2026-10-08 22:05:45,034 INFO o.a.j.t.JMeterThread: Thread finished: Intake ramp 1-348
2026-10-08 22:05:45,935 INFO o.a.j.t.JMeterThread: Thread started: Intake ramp 1-359
2026-10-08 22:05:48,123 INFO o.a.j.t.JMeterThread: Thread started: Intake ramp 1-360
2026-10-08 22:05:49,073 INFO o.a.j.t.JMeterThread: Thread is done: Intake ramp 1-349
2026-10-08 22:05:49,073 INFO o.a.j.t.JMeterThread: Thread finished: Intake ramp 1-349
2026-10-08 22:05:49,676 INFO o.a.j.t.JMeterThread: Thread started: Intake ramp 1-361
2026-10-08 22:05:51,078 INFO o.a.j.t.JMeterThread: Thread started: Intake ramp 1-362
2026-10-08 22:05:52,049 INFO o.a.j.t.JMeterThread: Thread is done: Intake ramp 1-350
2026-10-08 22:05:52,049 INFO o.a.j.t.JMeterThread: Thread finished: Intake ramp 1-350
2026-10-08 22:05:53,449 INFO o.a.j.t.JMeterThread: Thread is done: Intake ramp 1-351
2026-10-08 22:05:53,450 INFO o.a.j.t.JMeterThread: Thread finished: Intake ramp 1-351
2026-10-08 22:05:53,596 INFO o.a.j.t.JMeterThread: Thread started: Intake ramp 1-363
2026-10-08 22:05:55,218 INFO o.a.j.t.JMeterThread: Thread is done: Intake ramp 1-352
2026-10-08 22:05:55,218 INFO o.a.j.t.JMeterThread: Thread finished: Intake ramp 1-352
2026-10-08 22:05:56,335 INFO o.a.j.t.JMeterThread: Thread started: Intake ramp 1-364
2026-10-08 22:05:57,983 INFO o.a.j.t.JMeterThread: Thread is done: Intake ramp 1-353
2026-10-08 22:05:57,983 INFO o.a.j.t.JMeterThread: Thread finished: Intake ramp 1-353
2026-10-08 22:05:59,167 INFO o.a.j.t.JMeterThread: Thread started: Intake ramp 1-365
2026-10-08 22:06:00,230 INFO o.a.j.r.Summariser: summary +     12 in 00:00:29 =    0.4/s Avg: 18797 Min: 14631 Max: 23808 Err:     0 (0.00%) Active: 12 Started: 365 Finished: 353
2026-10-08 22:06:00,231 INFO o.a.j.r.Summariser: summary =    354 in 00:27:42 =    0.2/s Avg:  9438 Min:   540 Max: 42862 Err:     0 (0.00%)
2026-10-08 22:06:00,231 INFO o.a.j.t.JMeterThread: Thread is done: Intake ramp 1-354
2026-10-08 22:06:00,231 INFO o.a.j.t.JMeterThread: Thread finished: Intake ramp 1-354
2026-10-08 22:06:01,323 INFO o.a.j.t.JMeterThread: Thread is done: Intake ramp 1-355
2026-10-08 22:06:01,323 INFO o.a.j.t.JMeterThread: Thread finished: Intake ramp 1-355
2026-10-08 22:06:02,101 INFO o.a.j.t.JMeterThread: Thread started: Intake ramp 1-366
2026-10-08 22:06:02,938 INFO o.a.j.t.JMeterThread: Thread is done: Intake ramp 1-356
2026-10-08 22:06:02,938 INFO o.a.j.t.JMeterThread: Thread finished: Intake ramp 1-356
2026-10-08 22:06:05,559 INFO o.a.j.t.JMeterThread: Thread is done: Intake ramp 1-357
2026-10-08 22:06:05,559 INFO o.a.j.t.JMeterThread: Thread finished: Intake ramp 1-357
2026-10-08 22:06:05,976 INFO o.a.j.t.JMeterThread: Thread started: Intake ramp 1-367
2026-10-08 22:06:06,958 INFO o.a.j.t.JMeterThread: Thread started: Intake ramp 1-368
2026-10-08 22:06:07,371 INFO o.a.j.t.JMeterThread: Thread is done: Intake ramp 1-358
2026-10-08 22:06:07,371 INFO o.a.j.t.JMeterThread: Thread finished: Intake ramp 1-358
2026-10-08 22:06:08,552 INFO o.a.j.t.JMeterThread: Thread is done: Intake ramp 1-359
2026-10-08 22:06:08,552 INFO o.a.j.t.JMeterThread: Thread finished: Intake ramp 1-359
2026-10-08 22:06:08,664 INFO o.a.j.t.JMeterThread: Thread started: Intake ramp 1-369
2026-10-08 22:06:10,360 INFO o.a.j.t.JMeterThread: Thread is done: Intake ramp 1-360
2026-10-08 22:06:10,360 INFO o.a.j.t.JMeterThread: Thread finished: Intake ramp 1-360
2026-10-08 22:06:12,548 INFO o.a.j.t.JMeterThread: Thread started: Intake ramp 1-370
2026-10-08 22:06:12,900 INFO o.a.j.t.JMeterThread: Thread started: Intake ramp 1-371
2026-10-08 22:06:14,835 INFO o.a.j.t.JMeterThread: Thread started: Intake ramp 1-372
2026-10-08 22:06:15,137 INFO o.a.j.t.JMeterThread: Thread is done: Intake ramp 1-361
2026-10-08 22:06:15,137 INFO o.a.j.t.JMeterThread: Thread finished: Intake ramp 1-361
2026-10-08 22:06:17,751 INFO o.a.j.t.JMeterThread: Thread started: Intake ramp 1-373
2026-10-08 22:06:18,517 INFO o.a.j.t.JMeterThread: Thread is done: Intake ramp 1-362
2026-10-08 22:06:18,518 INFO o.a.j.t.JMeterThread: Thread finished: Intake ramp 1-362
2026-10-08 22:06:18,860 INFO o.a.j.t.JMeterThread: Thread started: Intake ramp 1-374
2026-10-08 22:06:20,053 INFO o.a.j.t.JMeterThread: Thread is done: Intake ramp 1-363
2026-10-08 22:06:20,053 INFO o.a.j.t.JMeterThread: Thread finished: Intake ramp 1-363
2026-10-08 22:06:20,284 INFO o.a.j.t.JMeterThread: Thread started: Intake ramp 1-375
2026-10-08 22:06:22,308 INFO o.a.j.t.JMeterThread: Thread started: Intake ramp 1-376
2026-10-08 22:06:22,415 INFO o.a.j.t.JMeterThread: Thread is done: Intake ramp 1-364
2026-10-08 22:06:22,415 INFO o.a.j.t.JMeterThread: Thread finished: Intake ramp 1-364
2026-10-08 22:06:22,765 INFO o.a.j.t.JMeterThread: Thread started: Intake ramp 1-377
2026-10-08 22:06:23,461 INFO o.a.j.t.JMeterThread: Thread started: Intake ramp 1-378
2026-10-08 22:06:24,533 INFO o.a.j.t.JMeterThread: Thread started: Intake ramp 1-379
2026-10-08 22:06:24,566 INFO o.a.j.t.JMeterThread: Thread started: Intake ramp 1-380
2026-10-08 22:06:24,861 INFO o.a.j.t.JMeterThread: Thread is done: Intake ramp 1-365
2026-10-08 22:06:24,861 INFO o.a.j.t.JMeterThread: Thread finished: Intake ramp 1-365
2026-10-08 22:06:26,695 INFO o.a.j.t.JMeterThread: Thread started: Intake ramp 1-381
2026-10-08 22:06:27,185 INFO o.a.j.t.JMeterThread: Thread is done: Intake ramp 1-366
2026-10-08 22:06:27,185 INFO o.a.j.t.JMeterThread: Thread finished: Intake ramp 1-366
2026-10-08 22:06:27,290 INFO o.a.j.t.JMeterThread: Thread started: Intake ramp 1-382
2026-10-08 22:06:30,437 INFO o.a.j.r.Summariser: summary +     13 in 00:00:30 =    0.4/s Avg: 24908 Min: 22235 Max: 27437 Err:     0 (0.00%) Active: 16 Started: 382 Finished: 366
2026-10-08 22:06:30,438 INFO o.a.j.r.Summariser: summary =    367 in 00:28:12 =    0.2/s Avg:  9986 Min:   540 Max: 42862 Err:     0 (0.00%)
2026-10-08 22:06:30,439 INFO o.a.j.t.JMeterThread: Thread is done: Intake ramp 1-367
2026-10-08 22:06:30,439 INFO o.a.j.t.JMeterThread: Thread finished: Intake ramp 1-367
2026-10-08 22:06:33,487 INFO o.a.j.t.JMeterThread: Thread is done: Intake ramp 1-368
2026-10-08 22:06:33,488 INFO o.a.j.t.JMeterThread: Thread finished: Intake ramp 1-368
2026-10-08 22:06:34,843 INFO o.a.j.t.JMeterThread: Thread is done: Intake ramp 1-369
2026-10-08 22:06:34,843 INFO o.a.j.t.JMeterThread: Thread finished: Intake ramp 1-369
2026-10-08 22:06:36,336 INFO o.a.j.t.JMeterThread: Thread is done: Intake ramp 1-370
2026-10-08 22:06:36,336 INFO o.a.j.t.JMeterThread: Thread finished: Intake ramp 1-370
2026-10-08 22:06:37,585 INFO o.a.j.t.JMeterThread: Thread started: Intake ramp 1-383
2026-10-08 22:06:38,358 INFO o.a.j.t.JMeterThread: Thread is done: Intake ramp 1-371
2026-10-08 22:06:38,359 INFO o.a.j.t.JMeterThread: Thread finished: Intake ramp 1-371
2026-10-08 22:06:38,722 INFO o.a.j.t.JMeterThread: Thread started: Intake ramp 1-384
2026-10-08 22:06:40,975 INFO o.a.j.t.JMeterThread: Thread is done: Intake ramp 1-372
2026-10-08 22:06:40,975 INFO o.a.j.t.JMeterThread: Thread finished: Intake ramp 1-372
2026-10-08 22:06:43,410 INFO o.a.j.t.JMeterThread: Thread is done: Intake ramp 1-373
2026-10-08 22:06:43,410 INFO o.a.j.t.JMeterThread: Thread finished: Intake ramp 1-373
2026-10-08 22:06:44,781 INFO o.a.j.t.JMeterThread: Thread started: Intake ramp 1-385
2026-10-08 22:06:44,937 INFO o.a.j.t.JMeterThread: Thread started: Intake ramp 1-386
2026-10-08 22:06:45,678 INFO o.a.j.t.JMeterThread: Thread started: Intake ramp 1-387
2026-10-08 22:06:45,720 INFO o.a.j.t.JMeterThread: Thread is done: Intake ramp 1-374
2026-10-08 22:06:45,720 INFO o.a.j.t.JMeterThread: Thread finished: Intake ramp 1-374
2026-10-08 22:06:47,735 INFO o.a.j.t.JMeterThread: Thread is done: Intake ramp 1-375
2026-10-08 22:06:47,736 INFO o.a.j.t.JMeterThread: Thread finished: Intake ramp 1-375
2026-10-08 22:06:49,946 INFO o.a.j.t.JMeterThread: Thread started: Intake ramp 1-388
2026-10-08 22:06:50,442 INFO o.a.j.t.JMeterThread: Thread is done: Intake ramp 1-376
2026-10-08 22:06:50,442 INFO o.a.j.t.JMeterThread: Thread finished: Intake ramp 1-376
2026-10-08 22:06:52,267 INFO o.a.j.t.JMeterThread: Thread is done: Intake ramp 1-377
2026-10-08 22:06:52,267 INFO o.a.j.t.JMeterThread: Thread finished: Intake ramp 1-377
2026-10-08 22:06:52,268 INFO o.a.j.t.JMeterThread: Thread started: Intake ramp 1-389
2026-10-08 22:06:52,501 INFO o.a.j.t.JMeterThread: Thread started: Intake ramp 1-390
2026-10-08 22:06:52,886 INFO o.a.j.t.JMeterThread: Thread started: Intake ramp 1-391
2026-10-08 22:06:55,377 INFO o.a.j.t.JMeterThread: Thread is done: Intake ramp 1-378
2026-10-08 22:06:55,378 INFO o.a.j.t.JMeterThread: Thread finished: Intake ramp 1-378
2026-10-08 22:06:56,330 INFO o.a.j.t.JMeterThread: Thread started: Intake ramp 1-392
2026-10-08 22:06:56,443 INFO o.a.j.t.JMeterThread: Thread started: Intake ramp 1-393
2026-10-08 22:06:56,469 INFO o.a.j.t.JMeterThread: Thread started: Intake ramp 1-394
2026-10-08 22:06:58,849 INFO o.a.j.t.JMeterThread: Thread is done: Intake ramp 1-379
2026-10-08 22:06:58,849 INFO o.a.j.t.JMeterThread: Thread finished: Intake ramp 1-379
2026-10-08 22:06:59,715 INFO o.a.j.t.JMeterThread: Thread started: Intake ramp 1-395
2026-10-08 22:07:01,976 INFO o.a.j.t.JMeterThread: Thread started: Intake ramp 1-396
2026-10-08 22:07:03,030 INFO o.a.j.r.Summariser: summary +     13 in 00:00:33 =    0.4/s Avg: 28488 Min: 23784 Max: 38461 Err:     0 (0.00%) Active: 17 Started: 396 Finished: 379
2026-10-08 22:07:03,031 INFO o.a.j.r.Summariser: summary =    380 in 00:28:45 =    0.2/s Avg: 10619 Min:   540 Max: 42862 Err:     0 (0.00%)
2026-10-08 22:07:03,032 INFO o.a.j.t.JMeterThread: Thread is done: Intake ramp 1-380
2026-10-08 22:07:03,032 INFO o.a.j.t.JMeterThread: Thread finished: Intake ramp 1-380
2026-10-08 22:07:03,701 INFO o.a.j.t.JMeterThread: Thread started: Intake ramp 1-397
2026-10-08 22:07:05,177 INFO o.a.j.t.JMeterThread: Thread is done: Intake ramp 1-381
2026-10-08 22:07:05,178 INFO o.a.j.t.JMeterThread: Thread finished: Intake ramp 1-381
2026-10-08 22:07:07,685 INFO o.a.j.t.JMeterThread: Thread is done: Intake ramp 1-382
2026-10-08 22:07:07,685 INFO o.a.j.t.JMeterThread: Thread finished: Intake ramp 1-382
2026-10-08 22:07:08,548 INFO o.a.j.t.JMeterThread: Thread started: Intake ramp 1-398
2026-10-08 22:07:09,022 INFO o.a.j.t.JMeterThread: Thread started: Intake ramp 1-399
2026-10-08 22:07:10,146 INFO o.a.j.t.JMeterThread: Thread is done: Intake ramp 1-383
2026-10-08 22:07:10,146 INFO o.a.j.t.JMeterThread: Thread finished: Intake ramp 1-383
2026-10-08 22:07:11,866 INFO o.a.j.t.JMeterThread: Thread is done: Intake ramp 1-384
2026-10-08 22:07:11,866 INFO o.a.j.t.JMeterThread: Thread finished: Intake ramp 1-384
2026-10-08 22:07:14,296 INFO o.a.j.t.JMeterThread: Thread started: Intake ramp 1-400
2026-10-08 22:07:14,319 INFO o.a.j.t.JMeterThread: Thread is done: Intake ramp 1-385
2026-10-08 22:07:14,319 INFO o.a.j.t.JMeterThread: Thread finished: Intake ramp 1-385
2026-10-08 22:07:15,521 INFO o.a.j.t.JMeterThread: Thread is done: Intake ramp 1-386
2026-10-08 22:07:15,521 INFO o.a.j.t.JMeterThread: Thread finished: Intake ramp 1-386
2026-10-08 22:07:15,748 INFO o.a.j.t.JMeterThread: Thread started: Intake ramp 1-401
2026-10-08 22:07:16,389 INFO o.a.j.t.JMeterThread: Thread started: Intake ramp 1-402
2026-10-08 22:07:16,913 INFO o.a.j.t.JMeterThread: Thread started: Intake ramp 1-403
2026-10-08 22:07:19,082 INFO o.a.j.t.JMeterThread: Thread is done: Intake ramp 1-387
2026-10-08 22:07:19,082 INFO o.a.j.t.JMeterThread: Thread finished: Intake ramp 1-387
2026-10-08 22:07:19,644 INFO o.a.j.t.JMeterThread: Thread started: Intake ramp 1-404
2026-10-08 22:07:24,031 INFO o.a.j.t.JMeterThread: Thread is done: Intake ramp 1-388
2026-10-08 22:07:24,031 INFO o.a.j.t.JMeterThread: Thread finished: Intake ramp 1-388
2026-10-08 22:07:26,462 INFO o.a.j.t.JMeterThread: Thread is done: Intake ramp 1-389
2026-10-08 22:07:26,462 INFO o.a.j.t.JMeterThread: Thread finished: Intake ramp 1-389
2026-10-08 22:07:26,602 INFO o.a.j.t.JMeterThread: Thread started: Intake ramp 1-405
2026-10-08 22:07:27,540 INFO o.a.j.t.JMeterThread: Thread is done: Intake ramp 1-390
2026-10-08 22:07:27,540 INFO o.a.j.t.JMeterThread: Thread finished: Intake ramp 1-390
2026-10-08 22:07:29,045 INFO o.a.j.t.JMeterThread: Thread started: Intake ramp 1-406
2026-10-08 22:07:29,203 INFO o.a.j.t.JMeterThread: Thread is done: Intake ramp 1-391
2026-10-08 22:07:29,204 INFO o.a.j.t.JMeterThread: Thread finished: Intake ramp 1-391
2026-10-08 22:07:29,272 INFO o.a.j.t.JMeterThread: Thread started: Intake ramp 1-407
2026-10-08 22:07:30,123 INFO o.a.j.t.JMeterThread: Thread started: Intake ramp 1-408
2026-10-08 22:07:30,734 INFO o.a.j.r.Summariser: summary +     12 in 00:00:28 =    0.4/s Avg: 34342 Min: 29535 Max: 40391 Err:     0 (0.00%) Active: 17 Started: 408 Finished: 391
2026-10-08 22:07:30,734 INFO o.a.j.r.Summariser: summary =    392 in 00:29:12 =    0.2/s Avg: 11345 Min:   540 Max: 42862 Err:     0 (0.00%)
2026-10-08 22:07:30,734 INFO o.a.j.t.JMeterThread: Thread is done: Intake ramp 1-392
2026-10-08 22:07:30,734 INFO o.a.j.t.JMeterThread: Thread finished: Intake ramp 1-392
2026-10-08 22:07:31,294 INFO o.a.j.t.JMeterThread: Thread started: Intake ramp 1-409
2026-10-08 22:07:32,147 INFO o.a.j.t.JMeterThread: Thread is done: Intake ramp 1-393
2026-10-08 22:07:32,148 INFO o.a.j.t.JMeterThread: Thread finished: Intake ramp 1-393
2026-10-08 22:07:34,113 INFO o.a.j.t.JMeterThread: Thread is done: Intake ramp 1-394
2026-10-08 22:07:34,114 INFO o.a.j.t.JMeterThread: Thread finished: Intake ramp 1-394
2026-10-08 22:07:38,708 INFO o.a.j.t.JMeterThread: Thread is done: Intake ramp 1-395
2026-10-08 22:07:38,709 INFO o.a.j.t.JMeterThread: Thread finished: Intake ramp 1-395
2026-10-08 22:07:40,728 INFO o.a.j.t.JMeterThread: Thread is done: Intake ramp 1-396
2026-10-08 22:07:40,728 INFO o.a.j.t.JMeterThread: Thread finished: Intake ramp 1-396
2026-10-08 22:07:41,822 INFO o.a.j.t.JMeterThread: Thread started: Intake ramp 1-410
2026-10-08 22:07:44,503 INFO o.a.j.t.JMeterThread: Thread started: Intake ramp 1-411
2026-10-08 22:07:44,611 INFO o.a.j.t.JMeterThread: Thread is done: Intake ramp 1-397
2026-10-08 22:07:44,611 INFO o.a.j.t.JMeterThread: Thread finished: Intake ramp 1-397
2026-10-08 22:07:45,040 INFO o.a.j.t.JMeterThread: Thread started: Intake ramp 1-412
2026-10-08 22:07:47,218 INFO o.a.j.t.JMeterThread: Thread is done: Intake ramp 1-398
2026-10-08 22:07:47,218 INFO o.a.j.t.JMeterThread: Thread finished: Intake ramp 1-398
2026-10-08 22:07:49,045 INFO o.a.j.t.JMeterThread: Thread started: Intake ramp 1-413
2026-10-08 22:07:49,151 INFO o.a.j.t.JMeterThread: Thread started: Intake ramp 1-414
2026-10-08 22:07:49,855 INFO o.a.j.t.JMeterThread: Thread is done: Intake ramp 1-399
2026-10-08 22:07:49,855 INFO o.a.j.t.JMeterThread: Thread finished: Intake ramp 1-399
2026-10-08 22:07:49,957 INFO o.a.j.t.JMeterThread: Thread started: Intake ramp 1-415
2026-10-08 22:07:51,138 INFO o.a.j.t.JMeterThread: Thread started: Intake ramp 1-416
2026-10-08 22:07:51,404 INFO o.a.j.t.JMeterThread: Thread is done: Intake ramp 1-400
2026-10-08 22:07:51,404 INFO o.a.j.t.JMeterThread: Thread finished: Intake ramp 1-400
2026-10-08 22:07:52,804 INFO o.a.j.t.JMeterThread: Thread started: Intake ramp 1-417
2026-10-08 22:07:52,839 INFO o.a.j.t.JMeterThread: Thread started: Intake ramp 1-418
2026-10-08 22:07:53,261 INFO o.a.j.t.JMeterThread: Thread is done: Intake ramp 1-401
2026-10-08 22:07:53,261 INFO o.a.j.t.JMeterThread: Thread finished: Intake ramp 1-401
2026-10-08 22:07:54,317 INFO o.a.j.t.JMeterThread: Thread started: Intake ramp 1-419
2026-10-08 22:07:55,406 INFO o.a.j.t.JMeterThread: Thread started: Intake ramp 1-420
2026-10-08 22:07:56,513 INFO o.a.j.t.JMeterThread: Thread started: Intake ramp 1-421
2026-10-08 22:07:57,367 INFO o.a.j.t.JMeterThread: Thread is done: Intake ramp 1-402
2026-10-08 22:07:57,367 INFO o.a.j.t.JMeterThread: Thread finished: Intake ramp 1-402
2026-10-08 22:07:59,209 INFO o.a.j.t.JMeterThread: Thread is done: Intake ramp 1-403
2026-10-08 22:07:59,209 INFO o.a.j.t.JMeterThread: Thread finished: Intake ramp 1-403
2026-10-08 22:08:02,065 INFO o.a.j.r.Summariser: summary +     12 in 00:00:31 =    0.4/s Avg: 39315 Min: 35701 Max: 42417 Err:     0 (0.00%) Active: 18 Started: 421 Finished: 403
2026-10-08 22:08:02,065 INFO o.a.j.r.Summariser: summary =    404 in 00:29:44 =    0.2/s Avg: 12176 Min:   540 Max: 42862 Err:     0 (0.00%)
2026-10-08 22:08:02,066 INFO o.a.j.t.JMeterThread: Thread is done: Intake ramp 1-404
2026-10-08 22:08:02,066 INFO o.a.j.t.JMeterThread: Thread finished: Intake ramp 1-404
2026-10-08 22:08:04,505 INFO o.a.j.t.JMeterThread: Thread started: Intake ramp 1-422
2026-10-08 22:08:05,127 INFO o.a.j.t.JMeterThread: Thread is done: Intake ramp 1-405
2026-10-08 22:08:05,127 INFO o.a.j.t.JMeterThread: Thread finished: Intake ramp 1-405
2026-10-08 22:08:06,072 INFO o.a.j.t.JMeterThread: Thread started: Intake ramp 1-423
2026-10-08 22:08:07,692 INFO o.a.j.t.JMeterThread: Thread is done: Intake ramp 1-406
2026-10-08 22:08:07,692 INFO o.a.j.t.JMeterThread: Thread finished: Intake ramp 1-406
2026-10-08 22:08:08,875 INFO o.a.j.t.JMeterThread: Thread started: Intake ramp 1-424
2026-10-08 22:08:09,920 INFO o.a.j.t.JMeterThread: Thread is done: Intake ramp 1-407
2026-10-08 22:08:09,921 INFO o.a.j.t.JMeterThread: Thread finished: Intake ramp 1-407
2026-10-08 22:08:10,490 INFO o.a.j.t.JMeterThread: Thread started: Intake ramp 1-425
2026-10-08 22:08:13,232 INFO o.a.j.t.JMeterThread: Thread is done: Intake ramp 1-408
2026-10-08 22:08:13,232 INFO o.a.j.t.JMeterThread: Thread finished: Intake ramp 1-408
2026-10-08 22:08:13,431 INFO o.a.j.t.JMeterThread: Thread started: Intake ramp 1-426
2026-10-08 22:08:16,828 INFO o.a.j.t.JMeterThread: Thread started: Intake ramp 1-427
2026-10-08 22:08:17,457 INFO o.a.j.t.JMeterThread: Thread started: Intake ramp 1-428
2026-10-08 22:08:17,644 INFO o.a.j.t.JMeterThread: Thread started: Intake ramp 1-429
2026-10-08 22:08:18,155 INFO o.a.j.t.JMeterThread: Thread is done: Intake ramp 1-409
2026-10-08 22:08:18,155 INFO o.a.j.t.JMeterThread: Thread finished: Intake ramp 1-409
2026-10-08 22:08:19,674 INFO o.a.j.t.JMeterThread: Thread started: Intake ramp 1-430
2026-10-08 22:08:21,246 INFO o.a.j.t.JMeterThread: Thread is done: Intake ramp 1-410
2026-10-08 22:08:21,246 INFO o.a.j.t.JMeterThread: Thread finished: Intake ramp 1-410
2026-10-08 22:08:23,243 INFO o.a.j.t.JMeterThread: Thread started: Intake ramp 1-431
2026-10-08 22:08:23,270 INFO o.a.j.t.JMeterThread: Thread is done: Intake ramp 1-411
2026-10-08 22:08:23,270 INFO o.a.j.t.JMeterThread: Thread finished: Intake ramp 1-411
2026-10-08 22:08:25,421 INFO o.a.j.t.JMeterThread: Thread is done: Intake ramp 1-412
2026-10-08 22:08:25,421 INFO o.a.j.t.JMeterThread: Thread finished: Intake ramp 1-412
2026-10-08 22:08:26,262 INFO o.a.j.t.JMeterThread: Thread started: Intake ramp 1-432
2026-10-08 22:08:26,301 INFO o.a.j.t.JMeterThread: Thread started: Intake ramp 1-433
2026-10-08 22:08:26,459 INFO o.a.j.t.JMeterThread: Thread started: Intake ramp 1-434
2026-10-08 22:08:26,906 INFO o.a.j.t.JMeterThread: Thread started: Intake ramp 1-435
2026-10-08 22:08:27,560 INFO o.a.j.t.JMeterThread: Thread started: Intake ramp 1-436
2026-10-08 22:08:28,938 INFO o.a.j.t.JMeterThread: Thread started: Intake ramp 1-437
2026-10-08 22:08:29,644 INFO o.a.j.t.JMeterThread: Thread is done: Intake ramp 1-413
2026-10-08 22:08:29,644 INFO o.a.j.t.JMeterThread: Thread finished: Intake ramp 1-413
2026-10-08 22:08:30,110 INFO o.a.j.t.JMeterThread: Thread started: Intake ramp 1-438
2026-10-08 22:08:32,035 INFO o.a.j.r.Summariser: summary +     10 in 00:00:30 =    0.3/s Avg: 40981 Min: 38523 Max: 46857 Err:     0 (0.00%) Active: 25 Started: 438 Finished: 413
2026-10-08 22:08:32,035 INFO o.a.j.r.Summariser: summary =    414 in 00:30:14 =    0.2/s Avg: 12872 Min:   540 Max: 46857 Err:     0 (0.00%)
2026-10-08 22:08:32,036 INFO o.a.j.t.JMeterThread: Thread is done: Intake ramp 1-414
2026-10-08 22:08:32,036 INFO o.a.j.t.JMeterThread: Thread finished: Intake ramp 1-414
2026-10-08 22:08:36,282 INFO o.a.j.t.JMeterThread: Thread is done: Intake ramp 1-415
2026-10-08 22:08:36,282 INFO o.a.j.t.JMeterThread: Thread finished: Intake ramp 1-415
2026-10-08 22:08:37,780 INFO o.a.j.t.JMeterThread: Thread is done: Intake ramp 1-416
2026-10-08 22:08:37,780 INFO o.a.j.t.JMeterThread: Thread finished: Intake ramp 1-416
2026-10-08 22:08:39,245 INFO o.a.j.t.JMeterThread: Thread started: Intake ramp 1-439
2026-10-08 22:08:39,372 INFO o.a.j.t.JMeterThread: Thread is done: Intake ramp 1-417
2026-10-08 22:08:39,372 INFO o.a.j.t.JMeterThread: Thread finished: Intake ramp 1-417
2026-10-08 22:08:41,005 INFO o.a.j.t.JMeterThread: Thread started: Intake ramp 1-440
2026-10-08 22:08:41,025 INFO o.a.j.t.JMeterThread: Thread is done: Intake ramp 1-418
2026-10-08 22:08:41,025 INFO o.a.j.t.JMeterThread: Thread finished: Intake ramp 1-418
2026-10-08 22:08:41,058 INFO o.a.j.t.JMeterThread: Thread started: Intake ramp 1-441
2026-10-08 22:08:42,931 INFO o.a.j.t.JMeterThread: Thread started: Intake ramp 1-442
2026-10-08 22:08:43,103 INFO o.a.j.t.JMeterThread: Thread started: Intake ramp 1-443
2026-10-08 22:08:44,795 INFO o.a.j.t.JMeterThread: Thread started: Intake ramp 1-444
2026-10-08 22:08:45,421 INFO o.a.j.t.JMeterThread: Thread is done: Intake ramp 1-419
2026-10-08 22:08:45,421 INFO o.a.j.t.JMeterThread: Thread finished: Intake ramp 1-419
2026-10-08 22:08:47,741 INFO o.a.j.t.JMeterThread: Thread is done: Intake ramp 1-420
2026-10-08 22:08:47,741 INFO o.a.j.t.JMeterThread: Thread finished: Intake ramp 1-420
2026-10-08 22:08:48,608 INFO o.a.j.t.JMeterThread: Thread started: Intake ramp 1-445
2026-10-08 22:08:49,909 INFO o.a.j.t.JMeterThread: Thread started: Intake ramp 1-446
2026-10-08 22:08:51,501 INFO o.a.j.t.JMeterThread: Thread is done: Intake ramp 1-421
2026-10-08 22:08:51,501 INFO o.a.j.t.JMeterThread: Thread finished: Intake ramp 1-421
2026-10-08 22:08:52,082 INFO o.a.j.t.JMeterThread: Thread started: Intake ramp 1-447
2026-10-08 22:08:54,126 INFO o.a.j.t.JMeterThread: Thread started: Intake ramp 1-448
2026-10-08 22:08:54,999 INFO o.a.j.t.JMeterThread: Thread is done: Intake ramp 1-422
2026-10-08 22:08:54,999 INFO o.a.j.t.JMeterThread: Thread finished: Intake ramp 1-422
2026-10-08 22:08:56,100 INFO o.a.j.t.JMeterThread: Thread started: Intake ramp 1-449
2026-10-08 22:09:00,169 INFO o.a.j.r.Summariser: summary +      9 in 00:00:28 =    0.3/s Avg: 50078 Min: 46321 Max: 54985 Err:     0 (0.00%) Active: 27 Started: 449 Finished: 422
2026-10-08 22:09:00,169 INFO o.a.j.r.Summariser: summary =    423 in 00:30:42 =    0.2/s Avg: 13663 Min:   540 Max: 54985 Err:     0 (0.00%)
2026-10-08 22:09:00,169 INFO o.a.j.t.JMeterThread: Thread is done: Intake ramp 1-423
2026-10-08 22:09:00,169 INFO o.a.j.t.JMeterThread: Thread finished: Intake ramp 1-423
2026-10-08 22:09:02,649 INFO o.a.j.t.JMeterThread: Thread started: Intake ramp 1-450
2026-10-08 22:09:04,964 INFO o.a.j.t.JMeterThread: Thread is done: Intake ramp 1-424
2026-10-08 22:09:04,964 INFO o.a.j.t.JMeterThread: Thread finished: Intake ramp 1-424
2026-10-08 22:09:08,617 INFO o.a.j.t.JMeterThread: Thread is done: Intake ramp 1-425
2026-10-08 22:09:08,617 INFO o.a.j.t.JMeterThread: Thread finished: Intake ramp 1-425
2026-10-08 22:09:09,737 INFO o.a.j.t.JMeterThread: Thread is done: Intake ramp 1-426
2026-10-08 22:09:09,737 INFO o.a.j.t.JMeterThread: Thread finished: Intake ramp 1-426
2026-10-08 22:09:10,969 INFO o.a.j.t.JMeterThread: Thread started: Intake ramp 1-451
2026-10-08 22:09:11,096 INFO o.a.j.t.JMeterThread: Thread started: Intake ramp 1-452
2026-10-08 22:09:11,304 INFO o.a.j.t.JMeterThread: Thread is done: Intake ramp 1-427
2026-10-08 22:09:11,305 INFO o.a.j.t.JMeterThread: Thread finished: Intake ramp 1-427
2026-10-08 22:09:13,114 INFO o.a.j.t.JMeterThread: Thread is done: Intake ramp 1-428
2026-10-08 22:09:13,114 INFO o.a.j.t.JMeterThread: Thread finished: Intake ramp 1-428
2026-10-08 22:09:13,127 INFO o.a.j.t.JMeterThread: Thread started: Intake ramp 1-453
2026-10-08 22:09:13,637 INFO o.a.j.t.JMeterThread: Thread started: Intake ramp 1-454
2026-10-08 22:09:15,066 INFO o.a.j.t.JMeterThread: Thread is done: Intake ramp 1-429
2026-10-08 22:09:15,068 INFO o.a.j.t.JMeterThread: Thread finished: Intake ramp 1-429
2026-10-08 22:09:15,626 INFO o.a.j.t.JMeterThread: Thread started: Intake ramp 1-455
2026-10-08 22:09:17,197 INFO o.a.j.t.JMeterThread: Thread started: Intake ramp 1-456
2026-10-08 22:09:18,758 INFO o.a.j.t.JMeterThread: Thread is done: Intake ramp 1-430
2026-10-08 22:09:18,758 INFO o.a.j.t.JMeterThread: Thread finished: Intake ramp 1-430
2026-10-08 22:09:20,389 INFO o.a.j.t.JMeterThread: Thread started: Intake ramp 1-457
2026-10-08 22:09:20,581 INFO o.a.j.t.JMeterThread: Thread is done: Intake ramp 1-431
2026-10-08 22:09:20,581 INFO o.a.j.t.JMeterThread: Thread finished: Intake ramp 1-431
2026-10-08 22:09:22,506 INFO o.a.j.t.JMeterThread: Thread started: Intake ramp 1-458
2026-10-08 22:09:22,946 INFO o.a.j.t.JMeterThread: Thread is done: Intake ramp 1-432
2026-10-08 22:09:22,946 INFO o.a.j.t.JMeterThread: Thread finished: Intake ramp 1-432
2026-10-08 22:09:24,505 INFO o.a.j.t.JMeterThread: Thread is done: Intake ramp 1-433
2026-10-08 22:09:24,505 INFO o.a.j.t.JMeterThread: Thread finished: Intake ramp 1-433
2026-10-08 22:09:26,837 INFO o.a.j.t.JMeterThread: Thread started: Intake ramp 1-459
2026-10-08 22:09:26,838 INFO o.a.j.t.JMeterThread: Thread is done: Intake ramp 1-434
2026-10-08 22:09:26,838 INFO o.a.j.t.JMeterThread: Thread finished: Intake ramp 1-434
2026-10-08 22:09:28,444 INFO o.a.j.t.JMeterThread: Thread is done: Intake ramp 1-435
2026-10-08 22:09:28,445 INFO o.a.j.t.JMeterThread: Thread finished: Intake ramp 1-435
2026-10-08 22:09:28,711 INFO o.a.j.t.JMeterThread: Thread started: Intake ramp 1-460
2026-10-08 22:09:30,139 INFO o.a.j.r.Summariser: summary +     13 in 00:00:30 =    0.4/s Avg: 57987 Min: 54472 Max: 62574 Err:     0 (0.00%) Active: 25 Started: 460 Finished: 435
2026-10-08 22:09:30,139 INFO o.a.j.r.Summariser: summary =    436 in 00:31:12 =    0.2/s Avg: 14985 Min:   540 Max: 62574 Err:     0 (0.00%)
2026-10-08 22:09:30,139 INFO o.a.j.t.JMeterThread: Thread is done: Intake ramp 1-436
2026-10-08 22:09:30,139 INFO o.a.j.t.JMeterThread: Thread finished: Intake ramp 1-436
2026-10-08 22:09:32,978 INFO o.a.j.t.JMeterThread: Thread is done: Intake ramp 1-437
2026-10-08 22:09:32,978 INFO o.a.j.t.JMeterThread: Thread finished: Intake ramp 1-437
2026-10-08 22:09:35,265 INFO o.a.j.t.JMeterThread: Thread is done: Intake ramp 1-438
2026-10-08 22:09:35,265 INFO o.a.j.t.JMeterThread: Thread finished: Intake ramp 1-438
2026-10-08 22:09:37,642 INFO o.a.j.t.JMeterThread: Thread is done: Intake ramp 1-439
2026-10-08 22:09:37,643 INFO o.a.j.t.JMeterThread: Thread finished: Intake ramp 1-439
2026-10-08 22:09:39,693 INFO o.a.j.t.JMeterThread: Thread is done: Intake ramp 1-440
2026-10-08 22:09:39,693 INFO o.a.j.t.JMeterThread: Thread finished: Intake ramp 1-440
2026-10-08 22:09:39,853 INFO o.a.j.t.JMeterThread: Thread started: Intake ramp 1-461
2026-10-08 22:09:39,932 INFO o.a.j.t.JMeterThread: Thread started: Intake ramp 1-462
2026-10-08 22:09:41,467 INFO o.a.j.t.JMeterThread: Thread started: Intake ramp 1-463
2026-10-08 22:09:41,721 INFO o.a.j.t.JMeterThread: Thread is done: Intake ramp 1-441
2026-10-08 22:09:41,722 INFO o.a.j.t.JMeterThread: Thread finished: Intake ramp 1-441
2026-10-08 22:09:43,319 INFO o.a.j.t.JMeterThread: Thread started: Intake ramp 1-464
2026-10-08 22:09:43,589 INFO o.a.j.t.JMeterThread: Thread is done: Intake ramp 1-442
2026-10-08 22:09:43,589 INFO o.a.j.t.JMeterThread: Thread finished: Intake ramp 1-442
2026-10-08 22:09:45,199 INFO o.a.j.t.JMeterThread: Thread started: Intake ramp 1-465
2026-10-08 22:09:46,484 INFO o.a.j.t.JMeterThread: Thread is done: Intake ramp 1-443
2026-10-08 22:09:46,485 INFO o.a.j.t.JMeterThread: Thread finished: Intake ramp 1-443
2026-10-08 22:09:46,730 INFO o.a.j.t.JMeterThread: Thread started: Intake ramp 1-466
2026-10-08 22:09:48,068 INFO o.a.j.t.JMeterThread: Thread is done: Intake ramp 1-444
2026-10-08 22:09:48,068 INFO o.a.j.t.JMeterThread: Thread finished: Intake ramp 1-444
2026-10-08 22:09:49,407 INFO o.a.j.t.JMeterThread: Thread started: Intake ramp 1-467
2026-10-08 22:09:50,064 INFO o.a.j.t.JMeterThread: Thread is done: Intake ramp 1-445
2026-10-08 22:09:50,065 INFO o.a.j.t.JMeterThread: Thread finished: Intake ramp 1-445
2026-10-08 22:09:51,662 INFO o.a.j.t.JMeterThread: Thread is done: Intake ramp 1-446
2026-10-08 22:09:51,662 INFO o.a.j.t.JMeterThread: Thread finished: Intake ramp 1-446
2026-10-08 22:09:53,168 INFO o.a.j.t.JMeterThread: Thread is done: Intake ramp 1-447
2026-10-08 22:09:53,168 INFO o.a.j.t.JMeterThread: Thread finished: Intake ramp 1-447
2026-10-08 22:09:55,026 INFO o.a.j.t.JMeterThread: Thread started: Intake ramp 1-468
2026-10-08 22:09:55,670 INFO o.a.j.t.JMeterThread: Thread is done: Intake ramp 1-448
2026-10-08 22:09:55,670 INFO o.a.j.t.JMeterThread: Thread finished: Intake ramp 1-448
2026-10-08 22:09:58,676 INFO o.a.j.t.JMeterThread: Thread is done: Intake ramp 1-449
2026-10-08 22:09:58,676 INFO o.a.j.t.JMeterThread: Thread finished: Intake ramp 1-449
2026-10-08 22:10:01,671 INFO o.a.j.r.Summariser: summary +     14 in 00:00:32 =    0.4/s Avg: 61545 Min: 58394 Max: 65152 Err:     0 (0.00%) Active: 19 Started: 468 Finished: 449
2026-10-08 22:10:01,673 INFO o.a.j.r.Summariser: summary =    450 in 00:31:43 =    0.2/s Avg: 16433 Min:   540 Max: 65152 Err:     0 (0.00%)
2026-10-08 22:10:01,674 INFO o.a.j.t.JMeterThread: Thread is done: Intake ramp 1-450
2026-10-08 22:10:01,674 INFO o.a.j.t.JMeterThread: Thread finished: Intake ramp 1-450
2026-10-08 22:10:03,802 INFO o.a.j.t.JMeterThread: Thread is done: Intake ramp 1-451
2026-10-08 22:10:03,802 INFO o.a.j.t.JMeterThread: Thread finished: Intake ramp 1-451
2026-10-08 22:10:03,996 INFO o.a.j.t.JMeterThread: Thread started: Intake ramp 1-469
2026-10-08 22:10:04,214 INFO o.a.j.t.JMeterThread: Thread started: Intake ramp 1-470
2026-10-08 22:10:04,802 INFO o.a.j.t.JMeterThread: Thread started: Intake ramp 1-471
2026-10-08 22:10:05,884 INFO o.a.j.t.JMeterThread: Thread is done: Intake ramp 1-452
2026-10-08 22:10:05,884 INFO o.a.j.t.JMeterThread: Thread finished: Intake ramp 1-452
2026-10-08 22:10:07,640 INFO o.a.j.t.JMeterThread: Thread is done: Intake ramp 1-453
2026-10-08 22:10:07,641 INFO o.a.j.t.JMeterThread: Thread finished: Intake ramp 1-453
2026-10-08 22:10:08,632 INFO o.a.j.t.JMeterThread: Thread started: Intake ramp 1-472
2026-10-08 22:10:09,144 INFO o.a.j.t.JMeterThread: Thread is done: Intake ramp 1-454
2026-10-08 22:10:09,144 INFO o.a.j.t.JMeterThread: Thread finished: Intake ramp 1-454
2026-10-08 22:10:09,159 INFO o.a.j.t.JMeterThread: Thread started: Intake ramp 1-473
2026-10-08 22:10:10,800 INFO o.a.j.t.JMeterThread: Thread started: Intake ramp 1-474
2026-10-08 22:10:12,123 INFO o.a.j.t.JMeterThread: Thread is done: Intake ramp 1-455
2026-10-08 22:10:12,123 INFO o.a.j.t.JMeterThread: Thread finished: Intake ramp 1-455
2026-10-08 22:10:12,544 INFO o.a.j.t.JMeterThread: Thread started: Intake ramp 1-475
2026-10-08 22:10:13,750 INFO o.a.j.t.JMeterThread: Thread is done: Intake ramp 1-456
2026-10-08 22:10:13,750 INFO o.a.j.t.JMeterThread: Thread finished: Intake ramp 1-456
2026-10-08 22:10:14,838 INFO o.a.j.t.JMeterThread: Thread started: Intake ramp 1-476
2026-10-08 22:10:15,371 INFO o.a.j.t.JMeterThread: Thread started: Intake ramp 1-477
2026-10-08 22:10:15,374 INFO o.a.j.t.JMeterThread: Thread is done: Intake ramp 1-457
2026-10-08 22:10:15,375 INFO o.a.j.t.JMeterThread: Thread finished: Intake ramp 1-457
2026-10-08 22:10:16,234 INFO o.a.j.t.JMeterThread: Thread started: Intake ramp 1-478
2026-10-08 22:10:16,847 INFO o.a.j.t.JMeterThread: Thread started: Intake ramp 1-479
2026-10-08 22:10:20,378 INFO o.a.j.t.JMeterThread: Thread is done: Intake ramp 1-458
2026-10-08 22:10:20,378 INFO o.a.j.t.JMeterThread: Thread finished: Intake ramp 1-458
2026-10-08 22:10:21,856 INFO o.a.j.t.JMeterThread: Thread started: Intake ramp 1-480
2026-10-08 22:10:22,748 INFO o.a.j.t.JMeterThread: Thread is done: Intake ramp 1-459
2026-10-08 22:10:22,748 INFO o.a.j.t.JMeterThread: Thread finished: Intake ramp 1-459
2026-10-08 22:10:23,638 INFO o.a.j.t.JMeterThread: Thread started: Intake ramp 1-481
2026-10-08 22:10:24,568 INFO o.a.j.t.JMeterThread: Thread is done: Intake ramp 1-460
2026-10-08 22:10:24,569 INFO o.a.j.t.JMeterThread: Thread finished: Intake ramp 1-460
2026-10-08 22:10:25,063 INFO o.a.j.t.JMeterThread: Thread started: Intake ramp 1-482
2026-10-08 22:10:25,585 INFO o.a.j.t.JMeterThread: Thread started: Intake ramp 1-483
2026-10-08 22:10:27,407 INFO o.a.j.t.JMeterThread: Thread started: Intake ramp 1-484
2026-10-08 22:10:27,920 INFO o.a.j.t.JMeterThread: Thread is done: Intake ramp 1-461
2026-10-08 22:10:27,921 INFO o.a.j.t.JMeterThread: Thread finished: Intake ramp 1-461
2026-10-08 22:10:32,661 INFO o.a.j.t.JMeterThread: Thread started: Intake ramp 1-485
2026-10-08 22:10:32,753 INFO o.a.j.r.Summariser: summary +     12 in 00:00:31 =    0.4/s Avg: 54680 Min: 48064 Max: 57868 Err:     0 (0.00%) Active: 24 Started: 485 Finished: 461
2026-10-08 22:10:32,754 INFO o.a.j.r.Summariser: summary =    462 in 00:32:14 =    0.2/s Avg: 17427 Min:   540 Max: 65152 Err:     0 (0.00%)
2026-10-08 22:10:32,754 INFO o.a.j.t.JMeterThread: Thread is done: Intake ramp 1-462
2026-10-08 22:10:32,754 INFO o.a.j.t.JMeterThread: Thread finished: Intake ramp 1-462
2026-10-08 22:10:34,937 INFO o.a.j.t.JMeterThread: Thread is done: Intake ramp 1-463
2026-10-08 22:10:34,937 INFO o.a.j.t.JMeterThread: Thread finished: Intake ramp 1-463
2026-10-08 22:10:36,164 INFO o.a.j.t.JMeterThread: Thread is done: Intake ramp 1-464
2026-10-08 22:10:36,164 INFO o.a.j.t.JMeterThread: Thread finished: Intake ramp 1-464
2026-10-08 22:10:36,806 INFO o.a.j.t.JMeterThread: Thread started: Intake ramp 1-486
2026-10-08 22:10:37,170 INFO o.a.j.t.JMeterThread: Thread started: Intake ramp 1-487
2026-10-08 22:10:38,137 INFO o.a.j.t.JMeterThread: Thread is done: Intake ramp 1-465
2026-10-08 22:10:38,137 INFO o.a.j.t.JMeterThread: Thread finished: Intake ramp 1-465
2026-10-08 22:10:38,431 INFO o.a.j.t.JMeterThread: Thread started: Intake ramp 1-488
2026-10-08 22:10:38,471 INFO o.a.j.t.JMeterThread: Thread started: Intake ramp 1-489
2026-10-08 22:10:38,966 INFO o.a.j.t.JMeterThread: Thread started: Intake ramp 1-490
2026-10-08 22:10:40,445 INFO o.a.j.t.JMeterThread: Thread started: Intake ramp 1-491
2026-10-08 22:10:40,862 INFO o.a.j.t.JMeterThread: Thread started: Intake ramp 1-492
2026-10-08 22:10:41,191 INFO o.a.j.t.JMeterThread: Thread is done: Intake ramp 1-466
2026-10-08 22:10:41,192 INFO o.a.j.t.JMeterThread: Thread finished: Intake ramp 1-466
2026-10-08 22:10:42,185 INFO o.a.j.t.JMeterThread: Thread started: Intake ramp 1-493
2026-10-08 22:10:44,022 INFO o.a.j.t.JMeterThread: Thread is done: Intake ramp 1-467
2026-10-08 22:10:44,022 INFO o.a.j.t.JMeterThread: Thread finished: Intake ramp 1-467
2026-10-08 22:10:44,938 INFO o.a.j.t.JMeterThread: Thread started: Intake ramp 1-494
2026-10-08 22:10:48,248 INFO o.a.j.t.JMeterThread: Thread started: Intake ramp 1-495
2026-10-08 22:10:48,785 INFO o.a.j.t.JMeterThread: Thread started: Intake ramp 1-496
2026-10-08 22:10:48,972 INFO o.a.j.t.JMeterThread: Thread is done: Intake ramp 1-468
2026-10-08 22:10:48,972 INFO o.a.j.t.JMeterThread: Thread finished: Intake ramp 1-468
2026-10-08 22:10:49,520 INFO o.a.j.t.JMeterThread: Thread started: Intake ramp 1-497
2026-10-08 22:10:50,619 INFO o.a.j.t.JMeterThread: Thread started: Intake ramp 1-498
2026-10-08 22:10:50,765 INFO o.a.j.t.JMeterThread: Thread started: Intake ramp 1-499
2026-10-08 22:10:50,957 INFO o.a.j.t.JMeterThread: Thread is done: Intake ramp 1-469
2026-10-08 22:10:50,957 INFO o.a.j.t.JMeterThread: Thread finished: Intake ramp 1-469
2026-10-08 22:10:51,009 INFO o.a.j.t.JMeterThread: Thread started: Intake ramp 1-500
2026-10-08 22:10:52,534 INFO o.a.j.t.JMeterThread: Thread is done: Intake ramp 1-470
2026-10-08 22:10:52,534 INFO o.a.j.t.JMeterThread: Thread finished: Intake ramp 1-470
2026-10-08 22:10:52,833 INFO o.a.j.t.JMeterThread: Thread started: Intake ramp 1-501
2026-10-08 22:10:53,572 INFO o.a.j.t.JMeterThread: Thread started: Intake ramp 1-502
2026-10-08 22:10:54,297 INFO o.a.j.t.JMeterThread: Thread is done: Intake ramp 1-471
2026-10-08 22:10:54,298 INFO o.a.j.t.JMeterThread: Thread finished: Intake ramp 1-471
2026-10-08 22:10:55,042 INFO o.a.j.t.JMeterThread: Thread started: Intake ramp 1-503
2026-10-08 22:10:55,430 INFO o.a.j.t.JMeterThread: Thread started: Intake ramp 1-504
2026-10-08 22:10:56,060 INFO o.a.j.t.JMeterThread: Thread is done: Intake ramp 1-472
2026-10-08 22:10:56,061 INFO o.a.j.t.JMeterThread: Thread finished: Intake ramp 1-472
2026-10-08 22:10:57,359 INFO o.a.j.t.JMeterThread: Thread started: Intake ramp 1-505
2026-10-08 22:10:57,516 INFO o.a.j.t.JMeterThread: Thread started: Intake ramp 1-506
2026-10-08 22:10:59,384 INFO o.a.j.t.JMeterThread: Thread is done: Intake ramp 1-473
2026-10-08 22:10:59,384 INFO o.a.j.t.JMeterThread: Thread finished: Intake ramp 1-473
2026-10-08 22:11:00,985 INFO o.a.j.r.Summariser: summary +     12 in 00:00:28 =    0.4/s Avg: 51237 Min: 46958 Max: 54611 Err:     0 (0.00%) Active: 33 Started: 506 Finished: 473
2026-10-08 22:11:00,986 INFO o.a.j.r.Summariser: summary =    474 in 00:32:42 =    0.2/s Avg: 18283 Min:   540 Max: 65152 Err:     0 (0.00%)
2026-10-08 22:11:00,986 INFO o.a.j.t.JMeterThread: Thread is done: Intake ramp 1-474
2026-10-08 22:11:00,986 INFO o.a.j.t.JMeterThread: Thread finished: Intake ramp 1-474
2026-10-08 22:11:02,952 INFO o.a.j.t.JMeterThread: Thread is done: Intake ramp 1-475
2026-10-08 22:11:02,953 INFO o.a.j.t.JMeterThread: Thread finished: Intake ramp 1-475
2026-10-08 22:11:03,152 INFO o.a.j.t.JMeterThread: Thread started: Intake ramp 1-507
2026-10-08 22:11:03,374 INFO o.a.j.t.JMeterThread: Thread started: Intake ramp 1-508
2026-10-08 22:11:03,689 INFO o.a.j.t.JMeterThread: Thread started: Intake ramp 1-509
2026-10-08 22:11:04,737 INFO o.a.j.t.JMeterThread: Thread is done: Intake ramp 1-476
2026-10-08 22:11:04,737 INFO o.a.j.t.JMeterThread: Thread finished: Intake ramp 1-476
2026-10-08 22:11:06,489 INFO o.a.j.t.JMeterThread: Thread is done: Intake ramp 1-477
2026-10-08 22:11:06,489 INFO o.a.j.t.JMeterThread: Thread finished: Intake ramp 1-477
2026-10-08 22:11:06,995 INFO o.a.j.t.JMeterThread: Thread started: Intake ramp 1-510
2026-10-08 22:11:07,627 INFO o.a.j.t.JMeterThread: Thread is done: Intake ramp 1-478
2026-10-08 22:11:07,627 INFO o.a.j.t.JMeterThread: Thread finished: Intake ramp 1-478
2026-10-08 22:11:07,913 INFO o.a.j.t.JMeterThread: Thread started: Intake ramp 1-511
2026-10-08 22:11:08,265 INFO o.a.j.t.JMeterThread: Thread started: Intake ramp 1-512
2026-10-08 22:11:10,343 INFO o.a.j.t.JMeterThread: Thread is done: Intake ramp 1-479
2026-10-08 22:11:10,343 INFO o.a.j.t.JMeterThread: Thread finished: Intake ramp 1-479
2026-10-08 22:11:11,153 INFO o.a.j.t.JMeterThread: Thread started: Intake ramp 1-513
2026-10-08 22:11:14,214 INFO o.a.j.t.JMeterThread: Thread started: Intake ramp 1-514
2026-10-08 22:11:15,143 INFO o.a.j.t.JMeterThread: Thread is done: Intake ramp 1-480
2026-10-08 22:11:15,143 INFO o.a.j.t.JMeterThread: Thread finished: Intake ramp 1-480
2026-10-08 22:11:15,847 INFO o.a.j.t.JMeterThread: Thread started: Intake ramp 1-515
2026-10-08 22:11:16,973 INFO o.a.j.t.JMeterThread: Thread started: Intake ramp 1-516
2026-10-08 22:11:19,059 INFO o.a.j.t.JMeterThread: Thread started: Intake ramp 1-517
2026-10-08 22:11:19,462 INFO o.a.j.t.JMeterThread: Thread is done: Intake ramp 1-481
2026-10-08 22:11:19,462 INFO o.a.j.t.JMeterThread: Thread finished: Intake ramp 1-481
2026-10-08 22:11:23,206 INFO o.a.j.t.JMeterThread: Thread is done: Intake ramp 1-482
2026-10-08 22:11:23,206 INFO o.a.j.t.JMeterThread: Thread finished: Intake ramp 1-482
2026-10-08 22:11:24,206 INFO o.a.j.t.JMeterThread: Thread started: Intake ramp 1-518
2026-10-08 22:11:25,820 INFO o.a.j.t.JMeterThread: Thread started: Intake ramp 1-519
2026-10-08 22:11:27,757 INFO o.a.j.t.JMeterThread: Thread is done: Intake ramp 1-483
2026-10-08 22:11:27,757 INFO o.a.j.t.JMeterThread: Thread finished: Intake ramp 1-483
2026-10-08 22:11:29,569 INFO o.a.j.t.JMeterThread: Thread started: Intake ramp 1-520
2026-10-08 22:11:29,708 INFO o.a.j.t.JMeterThread: Thread is done: Intake ramp 1-484
2026-10-08 22:11:29,708 INFO o.a.j.t.JMeterThread: Thread finished: Intake ramp 1-484
2026-10-08 22:11:32,294 INFO o.a.j.t.JMeterThread: Thread started: Intake ramp 1-521
2026-10-08 22:11:33,516 INFO o.a.j.r.Summariser: summary +     11 in 00:00:33 =    0.3/s Avg: 55350 Min: 49895 Max: 62297 Err:     0 (0.00%) Active: 37 Started: 521 Finished: 484
2026-10-08 22:11:33,517 INFO o.a.j.r.Summariser: summary =    485 in 00:33:15 =    0.2/s Avg: 19123 Min:   540 Max: 65152 Err:     0 (0.00%)
2026-10-08 22:11:33,517 INFO o.a.j.t.JMeterThread: Thread is done: Intake ramp 1-485
2026-10-08 22:11:33,517 INFO o.a.j.t.JMeterThread: Thread finished: Intake ramp 1-485
2026-10-08 22:11:36,490 INFO o.a.j.t.JMeterThread: Thread is done: Intake ramp 1-486
2026-10-08 22:11:36,490 INFO o.a.j.t.JMeterThread: Thread finished: Intake ramp 1-486
2026-10-08 22:11:38,397 INFO o.a.j.t.JMeterThread: Thread is done: Intake ramp 1-487
2026-10-08 22:11:38,398 INFO o.a.j.t.JMeterThread: Thread finished: Intake ramp 1-487
2026-10-08 22:11:41,164 INFO o.a.j.t.JMeterThread: Thread is done: Intake ramp 1-488
2026-10-08 22:11:41,164 INFO o.a.j.t.JMeterThread: Thread finished: Intake ramp 1-488
2026-10-08 22:11:42,086 INFO o.a.j.t.JMeterThread: Thread started: Intake ramp 1-522
2026-10-08 22:11:42,759 INFO o.a.j.t.JMeterThread: Thread started: Intake ramp 1-523
2026-10-08 22:11:42,916 INFO o.a.j.t.JMeterThread: Thread is done: Intake ramp 1-489
2026-10-08 22:11:42,916 INFO o.a.j.t.JMeterThread: Thread finished: Intake ramp 1-489
2026-10-08 22:11:44,434 INFO o.a.j.t.JMeterThread: Thread started: Intake ramp 1-524
2026-10-08 22:11:44,712 INFO o.a.j.t.JMeterThread: Thread started: Intake ramp 1-525
2026-10-08 22:11:45,374 INFO o.a.j.t.JMeterThread: Thread is done: Intake ramp 1-490
2026-10-08 22:11:45,374 INFO o.a.j.t.JMeterThread: Thread finished: Intake ramp 1-490
2026-10-08 22:11:46,652 INFO o.a.j.t.JMeterThread: Thread started: Intake ramp 1-526
2026-10-08 22:11:47,200 INFO o.a.j.t.JMeterThread: Thread is done: Intake ramp 1-491
2026-10-08 22:11:47,201 INFO o.a.j.t.JMeterThread: Thread finished: Intake ramp 1-491
2026-10-08 22:11:48,210 INFO o.a.j.t.JMeterThread: Thread started: Intake ramp 1-527
2026-10-08 22:11:48,629 INFO o.a.j.t.JMeterThread: Thread started: Intake ramp 1-528
2026-10-08 22:11:49,967 INFO o.a.j.t.JMeterThread: Thread started: Intake ramp 1-529
2026-10-08 22:11:51,489 INFO o.a.j.t.JMeterThread: Thread is done: Intake ramp 1-492
2026-10-08 22:11:51,489 INFO o.a.j.t.JMeterThread: Thread finished: Intake ramp 1-492
2026-10-08 22:11:55,478 INFO o.a.j.t.JMeterThread: Thread started: Intake ramp 1-530
2026-10-08 22:11:56,107 INFO o.a.j.t.JMeterThread: Thread is done: Intake ramp 1-493
2026-10-08 22:11:56,107 INFO o.a.j.t.JMeterThread: Thread finished: Intake ramp 1-493
2026-10-08 22:11:56,318 INFO o.a.j.t.JMeterThread: Thread started: Intake ramp 1-531
2026-10-08 22:11:56,382 INFO o.a.j.t.JMeterThread: Thread started: Intake ramp 1-532
2026-10-08 22:11:57,089 INFO o.a.j.t.JMeterThread: Thread started: Intake ramp 1-533
2026-10-08 22:11:57,284 INFO o.a.j.t.JMeterThread: Thread is done: Intake ramp 1-494
2026-10-08 22:11:57,285 INFO o.a.j.t.JMeterThread: Thread finished: Intake ramp 1-494
2026-10-08 22:11:57,949 INFO o.a.j.t.JMeterThread: Thread started: Intake ramp 1-534
2026-10-08 22:11:59,823 INFO o.a.j.t.JMeterThread: Thread is done: Intake ramp 1-495
2026-10-08 22:11:59,823 INFO o.a.j.t.JMeterThread: Thread finished: Intake ramp 1-495
2026-10-08 22:12:01,018 INFO o.a.j.t.JMeterThread: Thread started: Intake ramp 1-535
2026-10-08 22:12:01,823 INFO o.a.j.r.Summariser: summary +     11 in 00:00:28 =    0.4/s Avg: 67519 Min: 59680 Max: 73918 Err:     0 (0.00%) Active: 40 Started: 535 Finished: 495
2026-10-08 22:12:01,824 INFO o.a.j.r.Summariser: summary =    496 in 00:33:43 =    0.2/s Avg: 20197 Min:   540 Max: 73918 Err:     0 (0.00%)
2026-10-08 22:12:01,824 INFO o.a.j.t.JMeterThread: Thread is done: Intake ramp 1-496
2026-10-08 22:12:01,824 INFO o.a.j.t.JMeterThread: Thread finished: Intake ramp 1-496
2026-10-08 22:12:01,952 INFO o.a.j.t.JMeterThread: Thread started: Intake ramp 1-536
2026-10-08 22:12:02,415 INFO o.a.j.t.JMeterThread: Thread started: Intake ramp 1-537
2026-10-08 22:12:03,213 INFO o.a.j.t.JMeterThread: Thread started: Intake ramp 1-538
2026-10-08 22:12:05,010 INFO o.a.j.t.JMeterThread: Thread is done: Intake ramp 1-497
2026-10-08 22:12:05,010 INFO o.a.j.t.JMeterThread: Thread finished: Intake ramp 1-497
2026-10-08 22:12:05,011 INFO o.a.j.t.JMeterThread: Thread started: Intake ramp 1-539
2026-10-08 22:12:05,397 INFO o.a.j.t.JMeterThread: Thread started: Intake ramp 1-540
2026-10-08 22:12:06,690 INFO o.a.j.t.JMeterThread: Thread is done: Intake ramp 1-498
2026-10-08 22:12:06,690 INFO o.a.j.t.JMeterThread: Thread finished: Intake ramp 1-498
2026-10-08 22:12:06,863 INFO o.a.j.t.JMeterThread: Thread started: Intake ramp 1-541
2026-10-08 22:12:08,267 INFO o.a.j.t.JMeterThread: Thread started: Intake ramp 1-542
2026-10-08 22:12:10,162 INFO o.a.j.t.JMeterThread: Thread started: Intake ramp 1-543
2026-10-08 22:12:10,319 INFO o.a.j.t.JMeterThread: Thread is done: Intake ramp 1-499
2026-10-08 22:12:10,320 INFO o.a.j.t.JMeterThread: Thread finished: Intake ramp 1-499
2026-10-08 22:12:12,014 INFO o.a.j.t.JMeterThread: Thread started: Intake ramp 1-544
2026-10-08 22:12:12,257 INFO o.a.j.t.JMeterThread: Thread started: Intake ramp 1-545
2026-10-08 22:12:13,519 INFO o.a.j.t.JMeterThread: Thread is done: Intake ramp 1-500
2026-10-08 22:12:13,520 INFO o.a.j.t.JMeterThread: Thread finished: Intake ramp 1-500
2026-10-08 22:12:14,685 INFO o.a.j.t.JMeterThread: Thread started: Intake ramp 1-546
2026-10-08 22:12:15,714 INFO o.a.j.t.JMeterThread: Thread started: Intake ramp 1-547
2026-10-08 22:12:16,242 INFO o.a.j.t.JMeterThread: Thread is done: Intake ramp 1-501
2026-10-08 22:12:16,242 INFO o.a.j.t.JMeterThread: Thread finished: Intake ramp 1-501
2026-10-08 22:12:16,591 INFO o.a.j.t.JMeterThread: Thread started: Intake ramp 1-548
2026-10-08 22:12:18,015 INFO o.a.j.t.JMeterThread: Thread started: Intake ramp 1-549
2026-10-08 22:12:19,597 INFO o.a.j.t.JMeterThread: Thread is done: Intake ramp 1-502
2026-10-08 22:12:19,597 INFO o.a.j.t.JMeterThread: Thread finished: Intake ramp 1-502
2026-10-08 22:12:20,867 INFO o.a.j.t.JMeterThread: Thread started: Intake ramp 1-550
2026-10-08 22:12:21,797 INFO o.a.j.t.JMeterThread: Thread is done: Intake ramp 1-503
2026-10-08 22:12:21,797 INFO o.a.j.t.JMeterThread: Thread finished: Intake ramp 1-503
2026-10-08 22:12:26,408 INFO o.a.j.t.JMeterThread: Thread is done: Intake ramp 1-504
2026-10-08 22:12:26,408 INFO o.a.j.t.JMeterThread: Thread finished: Intake ramp 1-504
2026-10-08 22:12:28,648 INFO o.a.j.t.JMeterThread: Thread started: Intake ramp 1-551
2026-10-08 22:12:28,815 INFO o.a.j.t.JMeterThread: Thread started: Intake ramp 1-552
2026-10-08 22:12:29,027 INFO o.a.j.t.JMeterThread: Thread is done: Intake ramp 1-505
2026-10-08 22:12:29,027 INFO o.a.j.t.JMeterThread: Thread finished: Intake ramp 1-505
2026-10-08 22:12:30,577 INFO o.a.j.r.Summariser: summary +     10 in 00:00:29 =    0.3/s Avg: 84547 Min: 75485 Max: 93056 Err:     0 (0.00%) Active: 47 Started: 552 Finished: 505
2026-10-08 22:12:30,578 INFO o.a.j.r.Summariser: summary =    506 in 00:34:12 =    0.2/s Avg: 21468 Min:   540 Max: 93056 Err:     0 (0.00%)
2026-10-08 22:12:30,578 INFO o.a.j.t.JMeterThread: Thread is done: Intake ramp 1-506
2026-10-08 22:12:30,578 INFO o.a.j.t.JMeterThread: Thread finished: Intake ramp 1-506
2026-10-08 22:12:31,978 INFO o.a.j.t.JMeterThread: Thread started: Intake ramp 1-553
2026-10-08 22:12:32,676 INFO o.a.j.t.JMeterThread: Thread is done: Intake ramp 1-507
2026-10-08 22:12:32,676 INFO o.a.j.t.JMeterThread: Thread finished: Intake ramp 1-507
2026-10-08 22:12:33,747 INFO o.a.j.t.JMeterThread: Thread started: Intake ramp 1-554
2026-10-08 22:12:34,330 INFO o.a.j.t.JMeterThread: Thread started: Intake ramp 1-555
2026-10-08 22:12:34,697 INFO o.a.j.t.JMeterThread: Thread started: Intake ramp 1-556
2026-10-08 22:12:35,268 INFO o.a.j.t.JMeterThread: Thread is done: Intake ramp 1-508
2026-10-08 22:12:35,268 INFO o.a.j.t.JMeterThread: Thread finished: Intake ramp 1-508
2026-10-08 22:12:37,201 INFO o.a.j.t.JMeterThread: Thread is done: Intake ramp 1-509
2026-10-08 22:12:37,201 INFO o.a.j.t.JMeterThread: Thread finished: Intake ramp 1-509
2026-10-08 22:12:38,681 INFO o.a.j.t.JMeterThread: Thread started: Intake ramp 1-557
2026-10-08 22:12:39,747 INFO o.a.j.t.JMeterThread: Thread is done: Intake ramp 1-510
2026-10-08 22:12:39,747 INFO o.a.j.t.JMeterThread: Thread finished: Intake ramp 1-510
2026-10-08 22:12:40,109 INFO o.a.j.t.JMeterThread: Thread started: Intake ramp 1-558
2026-10-08 22:12:42,283 INFO o.a.j.t.JMeterThread: Thread is done: Intake ramp 1-511
2026-10-08 22:12:42,283 INFO o.a.j.t.JMeterThread: Thread finished: Intake ramp 1-511
2026-10-08 22:12:45,396 INFO o.a.j.t.JMeterThread: Thread is done: Intake ramp 1-512
2026-10-08 22:12:45,396 INFO o.a.j.t.JMeterThread: Thread finished: Intake ramp 1-512
2026-10-08 22:12:47,125 INFO o.a.j.t.JMeterThread: Thread is done: Intake ramp 1-513
2026-10-08 22:12:47,125 INFO o.a.j.t.JMeterThread: Thread finished: Intake ramp 1-513
2026-10-08 22:12:48,346 INFO o.a.j.t.JMeterThread: Thread is done: Intake ramp 1-514
2026-10-08 22:12:48,346 INFO o.a.j.t.JMeterThread: Thread finished: Intake ramp 1-514
2026-10-08 22:12:50,784 INFO o.a.j.t.JMeterThread: Thread started: Intake ramp 1-559
2026-10-08 22:12:51,130 INFO o.a.j.t.JMeterThread: Thread is done: Intake ramp 1-515
2026-10-08 22:12:51,130 INFO o.a.j.t.JMeterThread: Thread finished: Intake ramp 1-515
2026-10-08 22:12:53,637 INFO o.a.j.t.JMeterThread: Thread started: Intake ramp 1-560
2026-10-08 22:12:54,651 INFO o.a.j.t.JMeterThread: Thread is done: Intake ramp 1-516
2026-10-08 22:12:54,651 INFO o.a.j.t.JMeterThread: Thread finished: Intake ramp 1-516
2026-10-08 22:12:55,179 INFO o.a.j.t.JMeterThread: Thread started: Intake ramp 1-561
2026-10-08 22:12:55,497 INFO o.a.j.t.JMeterThread: Thread started: Intake ramp 1-562
2026-10-08 22:12:56,900 INFO o.a.j.t.JMeterThread: Thread is done: Intake ramp 1-517
2026-10-08 22:12:56,901 INFO o.a.j.t.JMeterThread: Thread finished: Intake ramp 1-517
2026-10-08 22:12:59,545 INFO o.a.j.t.JMeterThread: Thread is done: Intake ramp 1-518
2026-10-08 22:12:59,545 INFO o.a.j.t.JMeterThread: Thread finished: Intake ramp 1-518
2026-10-08 22:13:02,564 INFO o.a.j.r.Summariser: summary +     13 in 00:00:32 =    0.4/s Avg: 94777 Min: 89520 Max: 97835 Err:     0 (0.00%) Active: 44 Started: 562 Finished: 518
2026-10-08 22:13:02,565 INFO o.a.j.r.Summariser: summary =    519 in 00:34:44 =    0.2/s Avg: 23305 Min:   540 Max: 97835 Err:     0 (0.00%)
2026-10-08 22:13:02,565 INFO o.a.j.t.JMeterThread: Thread is done: Intake ramp 1-519
2026-10-08 22:13:02,565 INFO o.a.j.t.JMeterThread: Thread finished: Intake ramp 1-519
2026-10-08 22:13:02,646 INFO o.a.j.t.JMeterThread: Thread started: Intake ramp 1-563
2026-10-08 22:13:04,385 INFO o.a.j.t.JMeterThread: Thread started: Intake ramp 1-564
2026-10-08 22:13:06,135 INFO o.a.j.t.JMeterThread: Thread started: Intake ramp 1-565
2026-10-08 22:13:07,291 INFO o.a.j.t.JMeterThread: Thread is done: Intake ramp 1-520
2026-10-08 22:13:07,291 INFO o.a.j.t.JMeterThread: Thread finished: Intake ramp 1-520
2026-10-08 22:13:10,326 INFO o.a.j.t.JMeterThread: Thread started: Intake ramp 1-566
2026-10-08 22:13:11,007 INFO o.a.j.t.JMeterThread: Thread started: Intake ramp 1-567
2026-10-08 22:13:11,506 INFO o.a.j.t.JMeterThread: Thread is done: Intake ramp 1-521
2026-10-08 22:13:11,506 INFO o.a.j.t.JMeterThread: Thread finished: Intake ramp 1-521
2026-10-08 22:13:12,125 INFO o.a.j.t.JMeterThread: Thread started: Intake ramp 1-568
2026-10-08 22:13:13,646 INFO o.a.j.t.JMeterThread: Thread is done: Intake ramp 1-522
2026-10-08 22:13:13,646 INFO o.a.j.t.JMeterThread: Thread finished: Intake ramp 1-522
2026-10-08 22:13:18,403 INFO o.a.j.t.JMeterThread: Thread is done: Intake ramp 1-523
2026-10-08 22:13:18,404 INFO o.a.j.t.JMeterThread: Thread finished: Intake ramp 1-523
2026-10-08 22:13:21,993 INFO o.a.j.t.JMeterThread: Thread is done: Intake ramp 1-524
2026-10-08 22:13:21,993 INFO o.a.j.t.JMeterThread: Thread finished: Intake ramp 1-524
2026-10-08 22:13:25,087 INFO o.a.j.t.JMeterThread: Thread started: Intake ramp 1-569
2026-10-08 22:13:25,460 INFO o.a.j.t.JMeterThread: Thread started: Intake ramp 1-570
2026-10-08 22:13:25,578 INFO o.a.j.t.JMeterThread: Thread started: Intake ramp 1-571
2026-10-08 22:13:25,658 INFO o.a.j.t.JMeterThread: Thread started: Intake ramp 1-572
2026-10-08 22:13:25,807 INFO o.a.j.t.JMeterThread: Thread is done: Intake ramp 1-525
2026-10-08 22:13:25,807 INFO o.a.j.t.JMeterThread: Thread finished: Intake ramp 1-525
2026-10-08 22:13:26,317 INFO o.a.j.t.JMeterThread: Thread started: Intake ramp 1-573
2026-10-08 22:13:26,701 INFO o.a.j.t.JMeterThread: Thread started: Intake ramp 1-574
2026-10-08 22:13:26,956 INFO o.a.j.t.JMeterThread: Thread started: Intake ramp 1-575
2026-10-08 22:13:27,724 INFO o.a.j.t.JMeterThread: Thread started: Intake ramp 1-576
2026-10-08 22:13:28,251 INFO o.a.j.t.JMeterThread: Thread is done: Intake ramp 1-526
2026-10-08 22:13:28,252 INFO o.a.j.t.JMeterThread: Thread finished: Intake ramp 1-526
2026-10-08 22:13:30,193 INFO o.a.j.t.JMeterThread: Thread started: Intake ramp 1-577
2026-10-08 22:13:32,537 INFO o.a.j.r.Summariser: summary +      8 in 00:00:30 =    0.3/s Avg: 98585 Min: 91556 Max: 104322 Err:     0 (0.00%) Active: 51 Started: 577 Finished: 526
2026-10-08 22:13:32,538 INFO o.a.j.r.Summariser: summary =    527 in 00:35:14 =    0.2/s Avg: 24447 Min:   540 Max: 104322 Err:     0 (0.00%)
2026-10-08 22:13:32,538 INFO o.a.j.t.JMeterThread: Thread is done: Intake ramp 1-527
2026-10-08 22:13:32,538 INFO o.a.j.t.JMeterThread: Thread finished: Intake ramp 1-527
2026-10-08 22:13:33,302 INFO o.a.j.t.JMeterThread: Thread started: Intake ramp 1-578
2026-10-08 22:13:35,472 INFO o.a.j.t.JMeterThread: Thread started: Intake ramp 1-579
2026-10-08 22:13:35,845 INFO o.a.j.t.JMeterThread: Thread started: Intake ramp 1-580
2026-10-08 22:13:36,184 INFO o.a.j.t.JMeterThread: Thread is done: Intake ramp 1-528
2026-10-08 22:13:36,184 INFO o.a.j.t.JMeterThread: Thread finished: Intake ramp 1-528
2026-10-08 22:13:36,954 INFO o.a.j.t.JMeterThread: Thread started: Intake ramp 1-581
2026-10-08 22:13:38,282 INFO o.a.j.t.JMeterThread: Thread started: Intake ramp 1-582
2026-10-08 22:13:39,115 INFO o.a.j.t.JMeterThread: Thread is done: Intake ramp 1-529
2026-10-08 22:13:39,115 INFO o.a.j.t.JMeterThread: Thread finished: Intake ramp 1-529
2026-10-08 22:13:39,755 INFO o.a.j.t.JMeterThread: Thread started: Intake ramp 1-583
2026-10-08 22:13:41,356 INFO o.a.j.t.JMeterThread: Thread started: Intake ramp 1-584
2026-10-08 22:13:42,326 INFO o.a.j.t.JMeterThread: Thread is done: Intake ramp 1-530
2026-10-08 22:13:42,326 INFO o.a.j.t.JMeterThread: Thread finished: Intake ramp 1-530
2026-10-08 22:13:44,670 INFO o.a.j.t.JMeterThread: Thread is done: Intake ramp 1-531
2026-10-08 22:13:44,671 INFO o.a.j.t.JMeterThread: Thread finished: Intake ramp 1-531
2026-10-08 22:13:45,822 INFO o.a.j.t.JMeterThread: Thread started: Intake ramp 1-585
2026-10-08 22:13:46,106 INFO o.a.j.t.JMeterThread: Thread is done: Intake ramp 1-532
2026-10-08 22:13:46,107 INFO o.a.j.t.JMeterThread: Thread finished: Intake ramp 1-532
2026-10-08 22:13:47,424 INFO o.a.j.t.JMeterThread: Thread started: Intake ramp 1-586
2026-10-08 22:13:50,598 INFO o.a.j.t.JMeterThread: Thread is done: Intake ramp 1-533
2026-10-08 22:13:50,599 INFO o.a.j.t.JMeterThread: Thread finished: Intake ramp 1-533
2026-10-08 22:13:52,528 INFO o.a.j.t.JMeterThread: Thread is done: Intake ramp 1-534
2026-10-08 22:13:52,530 INFO o.a.j.t.JMeterThread: Thread finished: Intake ramp 1-534
2026-10-08 22:13:54,386 INFO o.a.j.t.JMeterThread: Thread started: Intake ramp 1-587
2026-10-08 22:13:54,782 INFO o.a.j.t.JMeterThread: Thread started: Intake ramp 1-588
2026-10-08 22:13:54,952 INFO o.a.j.t.JMeterThread: Thread started: Intake ramp 1-589
2026-10-08 22:13:55,649 INFO o.a.j.t.JMeterThread: Thread started: Intake ramp 1-590
2026-10-08 22:13:56,096 INFO o.a.j.t.JMeterThread: Thread is done: Intake ramp 1-535
2026-10-08 22:13:56,096 INFO o.a.j.t.JMeterThread: Thread finished: Intake ramp 1-535
2026-10-08 22:13:56,348 INFO o.a.j.t.JMeterThread: Thread started: Intake ramp 1-591
2026-10-08 22:13:58,225 INFO o.a.j.t.JMeterThread: Thread is done: Intake ramp 1-536
2026-10-08 22:13:58,225 INFO o.a.j.t.JMeterThread: Thread finished: Intake ramp 1-536
2026-10-08 22:14:00,505 INFO o.a.j.t.JMeterThread: Thread started: Intake ramp 1-592
2026-10-08 22:14:01,409 INFO o.a.j.r.Summariser: summary +     10 in 00:00:29 =    0.3/s Avg: 112000 Min: 106842 Max: 118986 Err:     0 (0.00%) Active: 56 Started: 592 Finished: 536
2026-10-08 22:14:01,410 INFO o.a.j.r.Summariser: summary =    537 in 00:35:43 =    0.3/s Avg: 26078 Min:   540 Max: 118986 Err:     0 (0.00%)
2026-10-08 22:14:01,410 INFO o.a.j.t.JMeterThread: Thread is done: Intake ramp 1-537
2026-10-08 22:14:01,410 INFO o.a.j.t.JMeterThread: Thread finished: Intake ramp 1-537
2026-10-08 22:14:02,507 INFO o.a.j.t.JMeterThread: Thread started: Intake ramp 1-593
2026-10-08 22:14:04,518 INFO o.a.j.t.JMeterThread: Thread started: Intake ramp 1-594
2026-10-08 22:14:04,759 INFO o.a.j.t.JMeterThread: Thread is done: Intake ramp 1-538
2026-10-08 22:14:04,759 INFO o.a.j.t.JMeterThread: Thread finished: Intake ramp 1-538
2026-10-08 22:14:06,299 INFO o.a.j.t.JMeterThread: Thread started: Intake ramp 1-595
2026-10-08 22:14:06,960 INFO o.a.j.t.JMeterThread: Thread is done: Intake ramp 1-539
2026-10-08 22:14:06,960 INFO o.a.j.t.JMeterThread: Thread finished: Intake ramp 1-539
2026-10-08 22:14:07,367 INFO o.a.j.t.JMeterThread: Thread started: Intake ramp 1-596
2026-10-08 22:14:08,099 INFO o.a.j.t.JMeterThread: Thread started: Intake ramp 1-597
2026-10-08 22:14:08,561 INFO o.a.j.t.JMeterThread: Thread started: Intake ramp 1-598
2026-10-08 22:14:08,622 INFO o.a.j.t.JMeterThread: Thread is done: Intake ramp 1-540
2026-10-08 22:14:08,622 INFO o.a.j.t.JMeterThread: Thread finished: Intake ramp 1-540
2026-10-08 22:14:10,308 INFO o.a.j.t.JMeterThread: Thread is done: Intake ramp 1-541
2026-10-08 22:14:10,308 INFO o.a.j.t.JMeterThread: Thread finished: Intake ramp 1-541
2026-10-08 22:14:10,605 INFO o.a.j.t.JMeterThread: Thread started: Intake ramp 1-599
2026-10-08 22:14:11,682 INFO o.a.j.t.JMeterThread: Thread started: Intake ramp 1-600
2026-10-08 22:14:13,056 INFO o.a.j.t.JMeterThread: Thread started: Intake ramp 1-601
2026-10-08 22:14:13,232 INFO o.a.j.t.JMeterThread: Thread started: Intake ramp 1-602
2026-10-08 22:14:13,431 INFO o.a.j.t.JMeterThread: Thread started: Intake ramp 1-603
2026-10-08 22:14:13,553 INFO o.a.j.t.JMeterThread: Thread is done: Intake ramp 1-542
2026-10-08 22:14:13,553 INFO o.a.j.t.JMeterThread: Thread finished: Intake ramp 1-542
2026-10-08 22:14:15,579 INFO o.a.j.t.JMeterThread: Thread started: Intake ramp 1-604
2026-10-08 22:14:16,154 INFO o.a.j.t.JMeterThread: Thread started: Intake ramp 1-605
2026-10-08 22:14:16,197 INFO o.a.j.t.JMeterThread: Thread is done: Intake ramp 1-543
2026-10-08 22:14:16,197 INFO o.a.j.t.JMeterThread: Thread finished: Intake ramp 1-543
2026-10-08 22:14:16,208 INFO o.a.j.t.JMeterThread: Thread started: Intake ramp 1-606
2026-10-08 22:14:18,264 INFO o.a.j.t.JMeterThread: Thread started: Intake ramp 1-607
2026-10-08 22:14:18,376 INFO o.a.j.t.JMeterThread: Thread is done: Intake ramp 1-544
2026-10-08 22:14:18,376 INFO o.a.j.t.JMeterThread: Thread finished: Intake ramp 1-544
2026-10-08 22:14:20,701 INFO o.a.j.t.JMeterThread: Thread started: Intake ramp 1-608
2026-10-08 22:14:20,745 INFO o.a.j.t.JMeterThread: Thread is done: Intake ramp 1-545
2026-10-08 22:14:20,745 INFO o.a.j.t.JMeterThread: Thread finished: Intake ramp 1-545
2026-10-08 22:14:21,287 INFO o.a.j.t.JMeterThread: Thread started: Intake ramp 1-609
2026-10-08 22:14:21,569 INFO o.a.j.t.JMeterThread: Thread started: Intake ramp 1-610
2026-10-08 22:14:22,362 INFO o.a.j.t.JMeterThread: Thread started: Intake ramp 1-611
2026-10-08 22:14:23,299 INFO o.a.j.t.JMeterThread: Thread started: Intake ramp 1-612
2026-10-08 22:14:24,439 INFO o.a.j.t.JMeterThread: Thread is done: Intake ramp 1-546
2026-10-08 22:14:24,439 INFO o.a.j.t.JMeterThread: Thread finished: Intake ramp 1-546
2026-10-08 22:14:24,756 INFO o.a.j.t.JMeterThread: Thread started: Intake ramp 1-613
2026-10-08 22:14:25,466 INFO o.a.j.t.JMeterThread: Thread started: Intake ramp 1-614
2026-10-08 22:14:26,498 INFO o.a.j.t.JMeterThread: Thread started: Intake ramp 1-615
2026-10-08 22:14:28,396 INFO o.a.j.t.JMeterThread: Thread started: Intake ramp 1-616
2026-10-08 22:14:29,320 INFO o.a.j.t.JMeterThread: Thread is done: Intake ramp 1-547
2026-10-08 22:14:29,320 INFO o.a.j.t.JMeterThread: Thread finished: Intake ramp 1-547
2026-10-08 22:14:29,364 INFO o.a.j.t.JMeterThread: Thread started: Intake ramp 1-617
2026-10-08 22:14:30,070 INFO o.a.j.t.JMeterThread: Thread started: Intake ramp 1-618
2026-10-08 22:14:30,185 INFO o.a.j.t.JMeterThread: Thread started: Intake ramp 1-619
2026-10-08 22:14:30,371 INFO o.a.j.t.JMeterThread: Thread started: Intake ramp 1-620
2026-10-08 22:14:31,106 INFO o.a.j.t.JMeterThread: Thread started: Intake ramp 1-621
2026-10-08 22:14:31,350 INFO o.a.j.r.Summariser: summary +     11 in 00:00:30 =    0.4/s Avg: 126762 Min: 121539 Max: 134752 Err:     0 (0.00%) Active: 74 Started: 621 Finished: 547
2026-10-08 22:14:31,350 INFO o.a.j.r.Summariser: summary =    548 in 00:36:13 =    0.3/s Avg: 28099 Min:   540 Max: 134752 Err:     0 (0.00%)
2026-10-08 22:14:31,351 INFO o.a.j.t.JMeterThread: Thread is done: Intake ramp 1-548
2026-10-08 22:14:31,351 INFO o.a.j.t.JMeterThread: Thread finished: Intake ramp 1-548
2026-10-08 22:14:32,718 INFO o.a.j.t.JMeterThread: Thread is done: Intake ramp 1-549
2026-10-08 22:14:32,718 INFO o.a.j.t.JMeterThread: Thread finished: Intake ramp 1-549
2026-10-08 22:14:33,639 INFO o.a.j.t.JMeterThread: Thread started: Intake ramp 1-622
2026-10-08 22:14:35,423 INFO o.a.j.t.JMeterThread: Thread started: Intake ramp 1-623
2026-10-08 22:14:35,687 INFO o.a.j.t.JMeterThread: Thread started: Intake ramp 1-624
2026-10-08 22:14:37,375 INFO o.a.j.t.JMeterThread: Thread is done: Intake ramp 1-550
2026-10-08 22:14:37,375 INFO o.a.j.t.JMeterThread: Thread finished: Intake ramp 1-550
2026-10-08 22:14:38,199 INFO o.a.j.t.JMeterThread: Thread started: Intake ramp 1-625
2026-10-08 22:14:39,242 INFO o.a.j.t.JMeterThread: Thread is done: Intake ramp 1-551
2026-10-08 22:14:39,242 INFO o.a.j.t.JMeterThread: Thread finished: Intake ramp 1-551
2026-10-08 22:14:42,369 INFO o.a.j.t.JMeterThread: Thread started: Intake ramp 1-626
2026-10-08 22:14:43,585 INFO o.a.j.t.JMeterThread: Thread is done: Intake ramp 1-552
2026-10-08 22:14:43,585 INFO o.a.j.t.JMeterThread: Thread finished: Intake ramp 1-552
2026-10-08 22:14:45,494 INFO o.a.j.t.JMeterThread: Thread is done: Intake ramp 1-553
2026-10-08 22:14:45,494 INFO o.a.j.t.JMeterThread: Thread finished: Intake ramp 1-553
2026-10-08 22:14:47,572 INFO o.a.j.t.JMeterThread: Thread is done: Intake ramp 1-554
2026-10-08 22:14:47,572 INFO o.a.j.t.JMeterThread: Thread finished: Intake ramp 1-554
2026-10-08 22:14:49,053 INFO o.a.j.t.JMeterThread: Thread is done: Intake ramp 1-555
2026-10-08 22:14:49,053 INFO o.a.j.t.JMeterThread: Thread finished: Intake ramp 1-555
2026-10-08 22:14:49,182 INFO o.a.j.t.JMeterThread: Thread started: Intake ramp 1-627
2026-10-08 22:14:49,770 INFO o.a.j.t.JMeterThread: Thread started: Intake ramp 1-628
2026-10-08 22:14:50,599 INFO o.a.j.t.JMeterThread: Thread started: Intake ramp 1-629
2026-10-08 22:14:53,724 INFO o.a.j.t.JMeterThread: Thread is done: Intake ramp 1-556
2026-10-08 22:14:53,724 INFO o.a.j.t.JMeterThread: Thread finished: Intake ramp 1-556
2026-10-08 22:14:53,845 INFO o.a.j.t.JMeterThread: Thread started: Intake ramp 1-630
2026-10-08 22:14:56,557 INFO o.a.j.t.JMeterThread: Thread started: Intake ramp 1-631
2026-10-08 22:14:57,050 INFO o.a.j.t.JMeterThread: Thread started: Intake ramp 1-632
2026-10-08 22:14:57,230 INFO o.a.j.t.JMeterThread: Thread is done: Intake ramp 1-557
2026-10-08 22:14:57,231 INFO o.a.j.t.JMeterThread: Thread finished: Intake ramp 1-557
2026-10-08 22:14:58,458 INFO o.a.j.t.JMeterThread: Thread started: Intake ramp 1-633
2026-10-08 22:15:00,087 INFO o.a.j.t.JMeterThread: Thread started: Intake ramp 1-634
2026-10-08 22:15:00,657 INFO o.a.j.t.JMeterThread: Thread started: Intake ramp 1-635
2026-10-08 22:15:00,835 INFO o.a.j.r.Summariser: summary +     10 in 00:00:29 =    0.3/s Avg: 135686 Min: 130587 Max: 140719 Err:     0 (0.00%) Active: 78 Started: 635 Finished: 557
2026-10-08 22:15:00,836 INFO o.a.j.r.Summariser: summary =    558 in 00:36:42 =    0.3/s Avg: 30027 Min:   540 Max: 140719 Err:     0 (0.00%)
2026-10-08 22:15:00,836 INFO o.a.j.t.JMeterThread: Thread is done: Intake ramp 1-558
2026-10-08 22:15:00,836 INFO o.a.j.t.JMeterThread: Thread finished: Intake ramp 1-558
2026-10-08 22:15:00,965 INFO o.a.j.t.JMeterThread: Thread started: Intake ramp 1-636
2026-10-08 22:15:02,954 INFO o.a.j.t.JMeterThread: Thread is done: Intake ramp 1-559
2026-10-08 22:15:02,954 INFO o.a.j.t.JMeterThread: Thread finished: Intake ramp 1-559
2026-10-08 22:15:04,960 INFO o.a.j.t.JMeterThread: Thread started: Intake ramp 1-637
2026-10-08 22:15:04,983 INFO o.a.j.t.JMeterThread: Thread started: Intake ramp 1-638
2026-10-08 22:15:05,699 INFO o.a.j.t.JMeterThread: Thread is done: Intake ramp 1-560
2026-10-08 22:15:05,700 INFO o.a.j.t.JMeterThread: Thread finished: Intake ramp 1-560
2026-10-08 22:15:08,502 INFO o.a.j.t.JMeterThread: Thread started: Intake ramp 1-639
2026-10-08 22:15:08,821 INFO o.a.j.t.JMeterThread: Thread started: Intake ramp 1-640
2026-10-08 22:15:09,343 INFO o.a.j.t.JMeterThread: Thread is done: Intake ramp 1-561
2026-10-08 22:15:09,343 INFO o.a.j.t.JMeterThread: Thread finished: Intake ramp 1-561
2026-10-08 22:15:09,886 INFO o.a.j.t.JMeterThread: Thread started: Intake ramp 1-641
2026-10-08 22:15:10,321 INFO o.a.j.t.JMeterThread: Thread started: Intake ramp 1-642
2026-10-08 22:15:12,191 INFO o.a.j.t.JMeterThread: Thread is done: Intake ramp 1-562
2026-10-08 22:15:12,191 INFO o.a.j.t.JMeterThread: Thread finished: Intake ramp 1-562
2026-10-08 22:15:15,985 INFO o.a.j.t.JMeterThread: Thread is done: Intake ramp 1-563
2026-10-08 22:15:15,985 INFO o.a.j.t.JMeterThread: Thread finished: Intake ramp 1-563
2026-10-08 22:15:17,022 INFO o.a.j.t.JMeterThread: Thread started: Intake ramp 1-643
2026-10-08 22:15:17,209 INFO o.a.j.t.JMeterThread: Thread started: Intake ramp 1-644
2026-10-08 22:15:17,331 INFO o.a.j.t.JMeterThread: Thread started: Intake ramp 1-645
2026-10-08 22:15:17,696 INFO o.a.j.t.JMeterThread: Thread started: Intake ramp 1-646
2026-10-08 22:15:17,912 INFO o.a.j.t.JMeterThread: Thread is done: Intake ramp 1-564
2026-10-08 22:15:17,912 INFO o.a.j.t.JMeterThread: Thread finished: Intake ramp 1-564
2026-10-08 22:15:19,637 INFO o.a.j.t.JMeterThread: Thread is done: Intake ramp 1-565
2026-10-08 22:15:19,637 INFO o.a.j.t.JMeterThread: Thread finished: Intake ramp 1-565
2026-10-08 22:15:20,608 INFO o.a.j.t.JMeterThread: Thread started: Intake ramp 1-647
2026-10-08 22:15:21,110 INFO o.a.j.t.JMeterThread: Thread is done: Intake ramp 1-566
2026-10-08 22:15:21,110 INFO o.a.j.t.JMeterThread: Thread finished: Intake ramp 1-566
2026-10-08 22:15:23,579 INFO o.a.j.t.JMeterThread: Thread is done: Intake ramp 1-567
2026-10-08 22:15:23,579 INFO o.a.j.t.JMeterThread: Thread finished: Intake ramp 1-567
2026-10-08 22:15:25,207 INFO o.a.j.t.JMeterThread: Thread is done: Intake ramp 1-568
2026-10-08 22:15:25,207 INFO o.a.j.t.JMeterThread: Thread finished: Intake ramp 1-568
2026-10-08 22:15:25,867 INFO o.a.j.t.JMeterThread: Thread started: Intake ramp 1-648
2026-10-08 22:15:27,918 INFO o.a.j.t.JMeterThread: Thread started: Intake ramp 1-649
2026-10-08 22:15:28,258 INFO o.a.j.t.JMeterThread: Thread started: Intake ramp 1-650
2026-10-08 22:15:28,522 INFO o.a.j.t.JMeterThread: Thread is done: Intake ramp 1-569
2026-10-08 22:15:28,522 INFO o.a.j.t.JMeterThread: Thread finished: Intake ramp 1-569
2026-10-08 22:15:29,104 INFO o.a.j.t.JMeterThread: Thread started: Intake ramp 1-651
2026-10-08 22:15:32,555 INFO o.a.j.r.Summariser: summary +     12 in 00:00:32 =    0.4/s Avg: 131861 Min: 123429 Max: 136687 Err:     0 (0.00%) Active: 82 Started: 651 Finished: 569
2026-10-08 22:15:32,555 INFO o.a.j.r.Summariser: summary =    570 in 00:37:14 =    0.3/s Avg: 32171 Min:   540 Max: 140719 Err:     0 (0.00%)
2026-10-08 22:15:32,556 INFO o.a.j.t.JMeterThread: Thread is done: Intake ramp 1-570
2026-10-08 22:15:32,556 INFO o.a.j.t.JMeterThread: Thread finished: Intake ramp 1-570
2026-10-08 22:15:34,370 INFO o.a.j.t.JMeterThread: Thread is done: Intake ramp 1-571
2026-10-08 22:15:34,370 INFO o.a.j.t.JMeterThread: Thread finished: Intake ramp 1-571
2026-10-08 22:15:35,560 INFO o.a.j.t.JMeterThread: Thread is done: Intake ramp 1-572
2026-10-08 22:15:35,560 INFO o.a.j.t.JMeterThread: Thread finished: Intake ramp 1-572
2026-10-08 22:15:37,372 INFO o.a.j.t.JMeterThread: Thread is done: Intake ramp 1-573
2026-10-08 22:15:37,372 INFO o.a.j.t.JMeterThread: Thread finished: Intake ramp 1-573
2026-10-08 22:15:38,798 INFO o.a.j.t.JMeterThread: Thread is done: Intake ramp 1-574
2026-10-08 22:15:38,798 INFO o.a.j.t.JMeterThread: Thread finished: Intake ramp 1-574
2026-10-08 22:15:40,603 INFO o.a.j.t.JMeterThread: Thread is done: Intake ramp 1-575
2026-10-08 22:15:40,604 INFO o.a.j.t.JMeterThread: Thread finished: Intake ramp 1-575
2026-10-08 22:15:42,613 INFO o.a.j.t.JMeterThread: Thread started: Intake ramp 1-652
2026-10-08 22:15:42,645 INFO o.a.j.t.JMeterThread: Thread started: Intake ramp 1-653
2026-10-08 22:15:42,857 INFO o.a.j.t.JMeterThread: Thread started: Intake ramp 1-655
2026-10-08 22:15:42,859 INFO o.a.j.t.JMeterThread: Thread started: Intake ramp 1-654
2026-10-08 22:15:43,452 INFO o.a.j.t.JMeterThread: Thread started: Intake ramp 1-656
2026-10-08 22:15:44,025 INFO o.a.j.t.JMeterThread: Thread is done: Intake ramp 1-576
2026-10-08 22:15:44,025 INFO o.a.j.t.JMeterThread: Thread finished: Intake ramp 1-576
2026-10-08 22:15:45,539 INFO o.a.j.t.JMeterThread: Thread started: Intake ramp 1-657
2026-10-08 22:15:45,807 INFO o.a.j.t.JMeterThread: Thread started: Intake ramp 1-658
2026-10-08 22:15:46,446 INFO o.a.j.t.JMeterThread: Thread is done: Intake ramp 1-577
2026-10-08 22:15:46,446 INFO o.a.j.t.JMeterThread: Thread finished: Intake ramp 1-577
2026-10-08 22:15:49,099 INFO o.a.j.t.JMeterThread: Thread started: Intake ramp 1-659
2026-10-08 22:15:49,191 INFO o.a.j.t.JMeterThread: Thread is done: Intake ramp 1-578
2026-10-08 22:15:49,191 INFO o.a.j.t.JMeterThread: Thread finished: Intake ramp 1-578
2026-10-08 22:15:51,329 INFO o.a.j.t.JMeterThread: Thread started: Intake ramp 1-660
2026-10-08 22:15:51,387 INFO o.a.j.t.JMeterThread: Thread is done: Intake ramp 1-579
2026-10-08 22:15:51,387 INFO o.a.j.t.JMeterThread: Thread finished: Intake ramp 1-579
2026-10-08 22:15:51,835 INFO o.a.j.t.JMeterThread: Thread started: Intake ramp 1-661
2026-10-08 22:15:53,601 INFO o.a.j.t.JMeterThread: Thread started: Intake ramp 1-662
2026-10-08 22:15:54,246 INFO o.a.j.t.JMeterThread: Thread is done: Intake ramp 1-580
2026-10-08 22:15:54,246 INFO o.a.j.t.JMeterThread: Thread finished: Intake ramp 1-580
2026-10-08 22:15:54,996 INFO o.a.j.t.JMeterThread: Thread started: Intake ramp 1-663
2026-10-08 22:15:56,809 INFO o.a.j.t.JMeterThread: Thread is done: Intake ramp 1-581
2026-10-08 22:15:56,809 INFO o.a.j.t.JMeterThread: Thread finished: Intake ramp 1-581
2026-10-08 22:16:00,705 INFO o.a.j.r.Summariser: summary +     12 in 00:00:28 =    0.4/s Avg: 135037 Min: 128786 Max: 142415 Err:     0 (0.00%) Active: 82 Started: 663 Finished: 581
2026-10-08 22:16:00,705 INFO o.a.j.r.Summariser: summary =    582 in 00:37:42 =    0.3/s Avg: 34292 Min:   540 Max: 142415 Err:     0 (0.00%)
2026-10-08 22:16:00,706 INFO o.a.j.t.JMeterThread: Thread is done: Intake ramp 1-582
2026-10-08 22:16:00,706 INFO o.a.j.t.JMeterThread: Thread finished: Intake ramp 1-582
2026-10-08 22:16:01,932 INFO o.a.j.t.JMeterThread: Thread is done: Intake ramp 1-583
2026-10-08 22:16:01,933 INFO o.a.j.t.JMeterThread: Thread finished: Intake ramp 1-583
2026-10-08 22:16:03,152 INFO o.a.j.t.JMeterThread: Thread is done: Intake ramp 1-584
2026-10-08 22:16:03,152 INFO o.a.j.t.JMeterThread: Thread finished: Intake ramp 1-584
2026-10-08 22:16:05,884 INFO o.a.j.t.JMeterThread: Thread started: Intake ramp 1-664
2026-10-08 22:16:06,406 INFO o.a.j.t.JMeterThread: Thread started: Intake ramp 1-665
2026-10-08 22:16:07,359 INFO o.a.j.t.JMeterThread: Thread started: Intake ramp 1-666
2026-10-08 22:16:07,548 INFO o.a.j.t.JMeterThread: Thread started: Intake ramp 1-667
2026-10-08 22:16:07,863 INFO o.a.j.t.JMeterThread: Thread is done: Intake ramp 1-585
2026-10-08 22:16:07,863 INFO o.a.j.t.JMeterThread: Thread finished: Intake ramp 1-585
2026-10-08 22:16:09,166 INFO o.a.j.t.JMeterThread: Thread is done: Intake ramp 1-586
2026-10-08 22:16:09,166 INFO o.a.j.t.JMeterThread: Thread finished: Intake ramp 1-586
2026-10-08 22:16:10,458 INFO o.a.j.t.JMeterThread: Thread started: Intake ramp 1-668
2026-10-08 22:16:12,030 INFO o.a.j.t.JMeterThread: Thread started: Intake ramp 1-669
2026-10-08 22:16:13,409 INFO o.a.j.t.JMeterThread: Thread started: Intake ramp 1-670
2026-10-08 22:16:13,676 INFO o.a.j.t.JMeterThread: Thread is done: Intake ramp 1-587
2026-10-08 22:16:13,676 INFO o.a.j.t.JMeterThread: Thread finished: Intake ramp 1-587
2026-10-08 22:16:13,913 INFO o.a.j.t.JMeterThread: Thread started: Intake ramp 1-671
2026-10-08 22:16:14,865 INFO o.a.j.t.JMeterThread: Thread is done: Intake ramp 1-588
2026-10-08 22:16:14,865 INFO o.a.j.t.JMeterThread: Thread finished: Intake ramp 1-588
2026-10-08 22:16:17,925 INFO o.a.j.t.JMeterThread: Thread started: Intake ramp 1-672
2026-10-08 22:16:18,024 INFO o.a.j.t.JMeterThread: Thread started: Intake ramp 1-673
2026-10-08 22:16:18,748 INFO o.a.j.t.JMeterThread: Thread is done: Intake ramp 1-589
2026-10-08 22:16:18,748 INFO o.a.j.t.JMeterThread: Thread finished: Intake ramp 1-589
2026-10-08 22:16:21,080 INFO o.a.j.t.JMeterThread: Thread started: Intake ramp 1-674
2026-10-08 22:16:21,971 INFO o.a.j.t.JMeterThread: Thread is done: Intake ramp 1-590
2026-10-08 22:16:21,971 INFO o.a.j.t.JMeterThread: Thread finished: Intake ramp 1-590
2026-10-08 22:16:22,335 INFO o.a.j.t.JMeterThread: Thread started: Intake ramp 1-675
2026-10-08 22:16:24,227 INFO o.a.j.t.JMeterThread: Thread is done: Intake ramp 1-591
2026-10-08 22:16:24,227 INFO o.a.j.t.JMeterThread: Thread finished: Intake ramp 1-591
2026-10-08 22:16:25,373 INFO o.a.j.t.JMeterThread: Thread is done: Intake ramp 1-592
2026-10-08 22:16:25,373 INFO o.a.j.t.JMeterThread: Thread finished: Intake ramp 1-592
2026-10-08 22:16:27,883 INFO o.a.j.t.JMeterThread: Thread is done: Intake ramp 1-593
2026-10-08 22:16:27,883 INFO o.a.j.t.JMeterThread: Thread finished: Intake ramp 1-593
2026-10-08 22:16:28,097 INFO o.a.j.t.JMeterThread: Thread started: Intake ramp 1-676
2026-10-08 22:16:29,321 INFO o.a.j.t.JMeterThread: Thread started: Intake ramp 1-677
2026-10-08 22:16:30,267 INFO o.a.j.r.Summariser: summary +     12 in 00:00:30 =    0.4/s Avg: 143419 Min: 139282 Max: 147871 Err:     0 (0.00%) Active: 84 Started: 677 Finished: 593
2026-10-08 22:16:30,268 INFO o.a.j.r.Summariser: summary =    594 in 00:38:12 =    0.3/s Avg: 36496 Min:   540 Max: 147871 Err:     0 (0.00%)
2026-10-08 22:16:30,268 INFO o.a.j.t.JMeterThread: Thread is done: Intake ramp 1-594
2026-10-08 22:16:30,268 INFO o.a.j.t.JMeterThread: Thread finished: Intake ramp 1-594
2026-10-08 22:16:33,295 INFO o.a.j.t.JMeterThread: Thread is done: Intake ramp 1-595
2026-10-08 22:16:33,295 INFO o.a.j.t.JMeterThread: Thread finished: Intake ramp 1-595
2026-10-08 22:16:34,457 INFO o.a.j.t.JMeterThread: Thread started: Intake ramp 1-678
2026-10-08 22:16:36,640 INFO o.a.j.t.JMeterThread: Thread started: Intake ramp 1-679
2026-10-08 22:16:37,606 INFO o.a.j.t.JMeterThread: Thread is done: Intake ramp 1-596
2026-10-08 22:16:37,607 INFO o.a.j.t.JMeterThread: Thread finished: Intake ramp 1-596
2026-10-08 22:16:39,353 INFO o.a.j.t.JMeterThread: Thread started: Intake ramp 1-680
2026-10-08 22:16:40,739 INFO o.a.j.t.JMeterThread: Thread is done: Intake ramp 1-597
2026-10-08 22:16:40,739 INFO o.a.j.t.JMeterThread: Thread finished: Intake ramp 1-597
2026-10-08 22:16:42,932 INFO o.a.j.t.JMeterThread: Thread is done: Intake ramp 1-598
2026-10-08 22:16:42,932 INFO o.a.j.t.JMeterThread: Thread finished: Intake ramp 1-598
2026-10-08 22:16:44,369 INFO o.a.j.t.JMeterThread: Thread started: Intake ramp 1-681
2026-10-08 22:16:46,729 INFO o.a.j.t.JMeterThread: Thread started: Intake ramp 1-682
2026-10-08 22:16:46,808 INFO o.a.j.t.JMeterThread: Thread is done: Intake ramp 1-599
2026-10-08 22:16:46,808 INFO o.a.j.t.JMeterThread: Thread finished: Intake ramp 1-599
2026-10-08 22:16:48,013 INFO o.a.j.t.JMeterThread: Thread started: Intake ramp 1-683
2026-10-08 22:16:48,647 INFO o.a.j.t.JMeterThread: Thread is done: Intake ramp 1-600
2026-10-08 22:16:48,647 INFO o.a.j.t.JMeterThread: Thread finished: Intake ramp 1-600
2026-10-08 22:16:50,281 INFO o.a.j.t.JMeterThread: Thread is done: Intake ramp 1-601
2026-10-08 22:16:50,281 INFO o.a.j.t.JMeterThread: Thread finished: Intake ramp 1-601
2026-10-08 22:16:52,475 INFO o.a.j.t.JMeterThread: Thread started: Intake ramp 1-684
2026-10-08 22:16:52,889 INFO o.a.j.t.JMeterThread: Thread is done: Intake ramp 1-602
2026-10-08 22:16:52,889 INFO o.a.j.t.JMeterThread: Thread finished: Intake ramp 1-602
2026-10-08 22:16:54,241 INFO o.a.j.t.JMeterThread: Thread started: Intake ramp 1-685
2026-10-08 22:16:54,921 INFO o.a.j.t.JMeterThread: Thread started: Intake ramp 1-686
2026-10-08 22:16:55,148 INFO o.a.j.t.JMeterThread: Thread is done: Intake ramp 1-603
2026-10-08 22:16:55,148 INFO o.a.j.t.JMeterThread: Thread finished: Intake ramp 1-603
2026-10-08 22:16:56,325 INFO o.a.j.t.JMeterThread: Thread started: Intake ramp 1-687
2026-10-08 22:16:57,051 INFO o.a.j.t.JMeterThread: Thread started: Intake ramp 1-688
2026-10-08 22:16:58,288 INFO o.a.j.t.JMeterThread: Thread is done: Intake ramp 1-604
2026-10-08 22:16:58,288 INFO o.a.j.t.JMeterThread: Thread finished: Intake ramp 1-604
2026-10-08 22:17:01,372 INFO o.a.j.r.Summariser: summary +     11 in 00:00:31 =    0.4/s Avg: 156714 Min: 146989 Max: 165209 Err:     0 (0.00%) Active: 84 Started: 688 Finished: 604
2026-10-08 22:17:01,373 INFO o.a.j.r.Summariser: summary =    605 in 00:38:43 =    0.3/s Avg: 38682 Min:   540 Max: 165209 Err:     0 (0.00%)
2026-10-08 22:17:01,374 INFO o.a.j.t.JMeterThread: Thread is done: Intake ramp 1-605
2026-10-08 22:17:01,374 INFO o.a.j.t.JMeterThread: Thread finished: Intake ramp 1-605
2026-10-08 22:17:02,914 INFO o.a.j.t.JMeterThread: Thread is done: Intake ramp 1-606
2026-10-08 22:17:02,914 INFO o.a.j.t.JMeterThread: Thread finished: Intake ramp 1-606
2026-10-08 22:17:04,721 INFO o.a.j.t.JMeterThread: Thread is done: Intake ramp 1-607
2026-10-08 22:17:04,721 INFO o.a.j.t.JMeterThread: Thread finished: Intake ramp 1-607
2026-10-08 22:17:05,465 INFO o.a.j.t.JMeterThread: Thread started: Intake ramp 1-689
2026-10-08 22:17:07,469 INFO o.a.j.t.JMeterThread: Thread is done: Intake ramp 1-608
2026-10-08 22:17:07,469 INFO o.a.j.t.JMeterThread: Thread finished: Intake ramp 1-608
2026-10-08 22:17:07,903 INFO o.a.j.t.JMeterThread: Thread started: Intake ramp 1-690
2026-10-08 22:17:08,841 INFO o.a.j.t.JMeterThread: Thread is done: Intake ramp 1-609
2026-10-08 22:17:08,842 INFO o.a.j.t.JMeterThread: Thread finished: Intake ramp 1-609
2026-10-08 22:17:09,706 INFO o.a.j.t.JMeterThread: Thread started: Intake ramp 1-691
2026-10-08 22:17:11,849 INFO o.a.j.t.JMeterThread: Thread is done: Intake ramp 1-610
2026-10-08 22:17:11,849 INFO o.a.j.t.JMeterThread: Thread finished: Intake ramp 1-610
2026-10-08 22:17:12,218 INFO o.a.j.t.JMeterThread: Thread started: Intake ramp 1-692
2026-10-08 22:17:12,434 INFO o.a.j.t.JMeterThread: Thread started: Intake ramp 1-693
2026-10-08 22:17:13,570 INFO o.a.j.t.JMeterThread: Thread is done: Intake ramp 1-611
2026-10-08 22:17:13,570 INFO o.a.j.t.JMeterThread: Thread finished: Intake ramp 1-611
2026-10-08 22:17:15,322 INFO o.a.j.t.JMeterThread: Thread is done: Intake ramp 1-612
2026-10-08 22:17:15,322 INFO o.a.j.t.JMeterThread: Thread finished: Intake ramp 1-612
2026-10-08 22:17:17,224 INFO o.a.j.t.JMeterThread: Thread is done: Intake ramp 1-613
2026-10-08 22:17:17,224 INFO o.a.j.t.JMeterThread: Thread finished: Intake ramp 1-613
2026-10-08 22:17:17,722 INFO o.a.j.t.JMeterThread: Thread started: Intake ramp 1-694
2026-10-08 22:17:19,106 INFO o.a.j.t.JMeterThread: Thread is done: Intake ramp 1-614
2026-10-08 22:17:19,106 INFO o.a.j.t.JMeterThread: Thread finished: Intake ramp 1-614
2026-10-08 22:17:19,805 INFO o.a.j.t.JMeterThread: Thread started: Intake ramp 1-695
2026-10-08 22:17:22,993 INFO o.a.j.t.JMeterThread: Thread is done: Intake ramp 1-615
2026-10-08 22:17:22,993 INFO o.a.j.t.JMeterThread: Thread finished: Intake ramp 1-615
2026-10-08 22:17:25,069 INFO o.a.j.t.JMeterThread: Thread is done: Intake ramp 1-616
2026-10-08 22:17:25,069 INFO o.a.j.t.JMeterThread: Thread finished: Intake ramp 1-616
2026-10-08 22:17:26,639 INFO o.a.j.t.JMeterThread: Thread started: Intake ramp 1-696
2026-10-08 22:17:26,647 INFO o.a.j.t.JMeterThread: Thread is done: Intake ramp 1-617
2026-10-08 22:17:26,647 INFO o.a.j.t.JMeterThread: Thread finished: Intake ramp 1-617
2026-10-08 22:17:28,229 INFO o.a.j.t.JMeterThread: Thread is done: Intake ramp 1-618
2026-10-08 22:17:28,229 INFO o.a.j.t.JMeterThread: Thread finished: Intake ramp 1-618
2026-10-08 22:17:29,710 INFO o.a.j.t.JMeterThread: Thread is done: Intake ramp 1-619
2026-10-08 22:17:29,710 INFO o.a.j.t.JMeterThread: Thread finished: Intake ramp 1-619
2026-10-08 22:17:30,756 INFO o.a.j.t.JMeterThread: Thread started: Intake ramp 1-697
2026-10-08 22:17:31,043 INFO o.a.j.t.JMeterThread: Thread started: Intake ramp 1-698
2026-10-08 22:17:31,659 INFO o.a.j.t.JMeterThread: Thread started: Intake ramp 1-699
2026-10-08 22:17:31,824 INFO o.a.j.t.JMeterThread: Thread started: Intake ramp 1-700
2026-10-08 22:17:32,274 INFO o.a.j.r.Summariser: summary +     15 in 00:00:31 =    0.5/s Avg: 173134 Min: 166448 Max: 181893 Err:     0 (0.00%) Active: 81 Started: 700 Finished: 619
2026-10-08 22:17:32,275 INFO o.a.j.r.Summariser: summary =    620 in 00:39:14 =    0.3/s Avg: 41935 Min:   540 Max: 181893 Err:     0 (0.00%)
2026-10-08 22:17:32,275 INFO o.a.j.t.JMeterThread: Thread is done: Intake ramp 1-620
2026-10-08 22:17:32,275 INFO o.a.j.t.JMeterThread: Thread finished: Intake ramp 1-620
2026-10-08 22:17:33,833 INFO o.a.j.t.JMeterThread: Thread is done: Intake ramp 1-621
2026-10-08 22:17:33,833 INFO o.a.j.t.JMeterThread: Thread finished: Intake ramp 1-621
2026-10-08 22:17:34,907 INFO o.a.j.t.JMeterThread: Thread started: Intake ramp 1-701
2026-10-08 22:17:35,083 INFO o.a.j.t.JMeterThread: Thread is done: Intake ramp 1-622
2026-10-08 22:17:35,083 INFO o.a.j.t.JMeterThread: Thread finished: Intake ramp 1-622
2026-10-08 22:17:39,306 INFO o.a.j.t.JMeterThread: Thread is done: Intake ramp 1-623
2026-10-08 22:17:39,306 INFO o.a.j.t.JMeterThread: Thread finished: Intake ramp 1-623
2026-10-08 22:17:39,935 INFO o.a.j.t.JMeterThread: Thread started: Intake ramp 1-702
2026-10-08 22:17:40,718 INFO o.a.j.t.JMeterThread: Thread started: Intake ramp 1-703
2026-10-08 22:17:41,077 INFO o.a.j.t.JMeterThread: Thread is done: Intake ramp 1-624
2026-10-08 22:17:41,078 INFO o.a.j.t.JMeterThread: Thread finished: Intake ramp 1-624
2026-10-08 22:17:41,371 INFO o.a.j.t.JMeterThread: Thread started: Intake ramp 1-704
2026-10-08 22:17:41,564 INFO o.a.j.t.JMeterThread: Thread started: Intake ramp 1-705
2026-10-08 22:17:41,762 INFO o.a.j.t.JMeterThread: Thread started: Intake ramp 1-706
2026-10-08 22:17:42,350 INFO o.a.j.t.JMeterThread: Thread started: Intake ramp 1-707
2026-10-08 22:17:42,931 INFO o.a.j.t.JMeterThread: Thread is done: Intake ramp 1-625
2026-10-08 22:17:42,931 INFO o.a.j.t.JMeterThread: Thread finished: Intake ramp 1-625
2026-10-08 22:17:45,873 INFO o.a.j.t.JMeterThread: Thread started: Intake ramp 1-708
2026-10-08 22:17:46,317 INFO o.a.j.t.JMeterThread: Thread is done: Intake ramp 1-626
2026-10-08 22:17:46,317 INFO o.a.j.t.JMeterThread: Thread finished: Intake ramp 1-626
2026-10-08 22:17:47,950 INFO o.a.j.t.JMeterThread: Thread is done: Intake ramp 1-627
2026-10-08 22:17:47,950 INFO o.a.j.t.JMeterThread: Thread finished: Intake ramp 1-627
2026-10-08 22:17:49,064 INFO o.a.j.t.JMeterThread: Thread is done: Intake ramp 1-628
2026-10-08 22:17:49,064 INFO o.a.j.t.JMeterThread: Thread finished: Intake ramp 1-628
2026-10-08 22:17:50,309 INFO o.a.j.t.JMeterThread: Thread started: Intake ramp 1-709
2026-10-08 22:17:50,311 INFO o.a.j.t.JMeterThread: Thread is done: Intake ramp 1-629
2026-10-08 22:17:50,311 INFO o.a.j.t.JMeterThread: Thread finished: Intake ramp 1-629
2026-10-08 22:17:50,363 INFO o.a.j.t.JMeterThread: Thread started: Intake ramp 1-710
2026-10-08 22:17:52,139 INFO o.a.j.t.JMeterThread: Thread is done: Intake ramp 1-630
2026-10-08 22:17:52,139 INFO o.a.j.t.JMeterThread: Thread finished: Intake ramp 1-630
2026-10-08 22:17:52,614 INFO o.a.j.t.JMeterThread: Thread started: Intake ramp 1-711
2026-10-08 22:17:53,846 INFO o.a.j.t.JMeterThread: Thread started: Intake ramp 1-712
2026-10-08 22:17:54,661 INFO o.a.j.t.JMeterThread: Thread started: Intake ramp 1-713
2026-10-08 22:17:56,029 INFO o.a.j.t.JMeterThread: Thread is done: Intake ramp 1-631
2026-10-08 22:17:56,029 INFO o.a.j.t.JMeterThread: Thread finished: Intake ramp 1-631
2026-10-08 22:17:57,135 INFO o.a.j.t.JMeterThread: Thread started: Intake ramp 1-714
2026-10-08 22:17:57,408 INFO o.a.j.t.JMeterThread: Thread started: Intake ramp 1-715
2026-10-08 22:17:57,479 INFO o.a.j.t.JMeterThread: Thread is done: Intake ramp 1-632
2026-10-08 22:17:57,479 INFO o.a.j.t.JMeterThread: Thread finished: Intake ramp 1-632
2026-10-08 22:17:59,082 INFO o.a.j.t.JMeterThread: Thread is done: Intake ramp 1-633
2026-10-08 22:17:59,082 INFO o.a.j.t.JMeterThread: Thread finished: Intake ramp 1-633
2026-10-08 22:17:59,696 INFO o.a.j.t.JMeterThread: Thread started: Intake ramp 1-716
2026-10-08 22:18:00,287 INFO o.a.j.r.Summariser: summary +     14 in 00:00:28 =    0.5/s Avg: 181342 Min: 178285 Max: 185382 Err:     0 (0.00%) Active: 83 Started: 716 Finished: 633
2026-10-08 22:18:00,288 INFO o.a.j.r.Summariser: summary =    634 in 00:39:42 =    0.3/s Avg: 45013 Min:   540 Max: 185382 Err:     0 (0.00%)
2026-10-08 22:18:00,288 INFO o.a.j.t.JMeterThread: Thread is done: Intake ramp 1-634
2026-10-08 22:18:00,288 INFO o.a.j.t.JMeterThread: Thread finished: Intake ramp 1-634
2026-10-08 22:18:00,529 INFO o.a.j.t.JMeterThread: Thread started: Intake ramp 1-717
2026-10-08 22:18:00,625 INFO o.a.j.t.JMeterThread: Thread started: Intake ramp 1-718
2026-10-08 22:18:01,282 INFO o.a.j.t.JMeterThread: Thread started: Intake ramp 1-719
2026-10-08 22:18:01,754 INFO o.a.j.t.JMeterThread: Thread started: Intake ramp 1-720
2026-10-08 22:18:02,373 INFO o.a.j.t.JMeterThread: Thread started: Intake ramp 1-721
2026-10-08 22:18:03,118 INFO o.a.j.t.JMeterThread: Thread started: Intake ramp 1-722
2026-10-08 22:18:03,252 INFO o.a.j.t.JMeterThread: Thread started: Intake ramp 1-723
2026-10-08 22:18:03,367 INFO o.a.j.t.JMeterThread: Thread started: Intake ramp 1-724
2026-10-08 22:18:04,246 INFO o.a.j.t.JMeterThread: Thread is done: Intake ramp 1-635
2026-10-08 22:18:04,246 INFO o.a.j.t.JMeterThread: Thread finished: Intake ramp 1-635
2026-10-08 22:18:04,745 INFO o.a.j.t.JMeterThread: Thread started: Intake ramp 1-725
2026-10-08 22:18:06,861 INFO o.a.j.t.JMeterThread: Thread started: Intake ramp 1-726
2026-10-08 22:18:06,925 INFO o.a.j.t.JMeterThread: Thread started: Intake ramp 1-727
2026-10-08 22:18:07,137 INFO o.a.j.t.JMeterThread: Thread is done: Intake ramp 1-636
2026-10-08 22:18:07,137 INFO o.a.j.t.JMeterThread: Thread finished: Intake ramp 1-636
2026-10-08 22:18:07,562 INFO o.a.j.t.JMeterThread: Thread started: Intake ramp 1-728
2026-10-08 22:18:08,321 INFO o.a.j.t.JMeterThread: Thread is done: Intake ramp 1-637
2026-10-08 22:18:08,321 INFO o.a.j.t.JMeterThread: Thread finished: Intake ramp 1-637
2026-10-08 22:18:09,243 INFO o.a.j.t.JMeterThread: Thread started: Intake ramp 1-729
2026-10-08 22:18:10,828 INFO o.a.j.t.JMeterThread: Thread started: Intake ramp 1-730
2026-10-08 22:18:11,253 INFO o.a.j.t.JMeterThread: Thread is done: Intake ramp 1-638
2026-10-08 22:18:11,253 INFO o.a.j.t.JMeterThread: Thread finished: Intake ramp 1-638
2026-10-08 22:18:12,881 INFO o.a.j.t.JMeterThread: Thread started: Intake ramp 1-731
2026-10-08 22:18:14,091 INFO o.a.j.t.JMeterThread: Thread started: Intake ramp 1-732
2026-10-08 22:18:14,301 INFO o.a.j.t.JMeterThread: Thread started: Intake ramp 1-733
2026-10-08 22:18:14,559 INFO o.a.j.t.JMeterThread: Thread started: Intake ramp 1-734
2026-10-08 22:18:14,843 INFO o.a.j.t.JMeterThread: Thread is done: Intake ramp 1-639
2026-10-08 22:18:14,843 INFO o.a.j.t.JMeterThread: Thread finished: Intake ramp 1-639
2026-10-08 22:18:17,583 INFO o.a.j.t.JMeterThread: Thread started: Intake ramp 1-735
2026-10-08 22:18:17,671 INFO o.a.j.t.JMeterThread: Thread started: Intake ramp 1-736
2026-10-08 22:18:18,630 INFO o.a.j.t.JMeterThread: Thread started: Intake ramp 1-737
2026-10-08 22:18:19,324 INFO o.a.j.t.JMeterThread: Thread started: Intake ramp 1-738
2026-10-08 22:18:19,404 INFO o.a.j.t.JMeterThread: Thread started: Intake ramp 1-739
2026-10-08 22:18:19,568 INFO o.a.j.t.JMeterThread: Thread is done: Intake ramp 1-640
2026-10-08 22:18:19,568 INFO o.a.j.t.JMeterThread: Thread finished: Intake ramp 1-640
2026-10-08 22:18:20,586 INFO o.a.j.t.JMeterThread: Thread started: Intake ramp 1-740
2026-10-08 22:18:22,109 INFO o.a.j.t.JMeterThread: Thread started: Intake ramp 1-741
2026-10-08 22:18:22,258 INFO o.a.j.t.JMeterThread: Thread is done: Intake ramp 1-641
2026-10-08 22:18:22,258 INFO o.a.j.t.JMeterThread: Thread finished: Intake ramp 1-641
2026-10-08 22:18:22,727 INFO o.a.j.t.JMeterThread: Thread started: Intake ramp 1-742
2026-10-08 22:18:24,185 INFO o.a.j.t.JMeterThread: Thread is done: Intake ramp 1-642
2026-10-08 22:18:24,185 INFO o.a.j.t.JMeterThread: Thread finished: Intake ramp 1-642
2026-10-08 22:18:27,376 INFO o.a.j.t.JMeterThread: Thread started: Intake ramp 1-743
2026-10-08 22:18:28,263 INFO o.a.j.t.JMeterThread: Thread is done: Intake ramp 1-643
2026-10-08 22:18:28,263 INFO o.a.j.t.JMeterThread: Thread finished: Intake ramp 1-643
2026-10-08 22:18:28,706 INFO o.a.j.t.JMeterThread: Thread started: Intake ramp 1-744
2026-10-08 22:18:30,179 INFO o.a.j.t.JMeterThread: Thread started: Intake ramp 1-745
2026-10-08 22:18:31,803 INFO o.a.j.r.Summariser: summary +     10 in 00:00:32 =    0.3/s Avg: 188845 Min: 183350 Max: 194584 Err:     0 (0.00%) Active: 102 Started: 745 Finished: 643
2026-10-08 22:18:31,803 INFO o.a.j.r.Summariser: summary =    644 in 00:40:13 =    0.3/s Avg: 47247 Min:   540 Max: 194584 Err:     0 (0.00%)
2026-10-08 22:18:31,804 INFO o.a.j.t.JMeterThread: Thread is done: Intake ramp 1-644
2026-10-08 22:18:31,804 INFO o.a.j.t.JMeterThread: Thread finished: Intake ramp 1-644
2026-10-08 22:18:32,710 INFO o.a.j.t.JMeterThread: Thread started: Intake ramp 1-746
2026-10-08 22:18:33,194 INFO o.a.j.t.JMeterThread: Thread started: Intake ramp 1-747
2026-10-08 22:18:33,432 INFO o.a.j.t.JMeterThread: Thread is done: Intake ramp 1-645
2026-10-08 22:18:33,432 INFO o.a.j.t.JMeterThread: Thread finished: Intake ramp 1-645
2026-10-08 22:18:33,526 INFO o.a.j.t.JMeterThread: Thread started: Intake ramp 1-748
2026-10-08 22:18:33,550 INFO o.a.j.t.JMeterThread: Thread started: Intake ramp 1-749
2026-10-08 22:18:34,437 INFO o.a.j.t.JMeterThread: Thread started: Intake ramp 1-750
2026-10-08 22:18:34,916 INFO o.a.j.t.JMeterThread: Thread started: Intake ramp 1-751
2026-10-08 22:18:37,123 INFO o.a.j.t.JMeterThread: Thread is done: Intake ramp 1-646
2026-10-08 22:18:37,123 INFO o.a.j.t.JMeterThread: Thread finished: Intake ramp 1-646
2026-10-08 22:18:39,825 INFO o.a.j.t.JMeterThread: Thread is done: Intake ramp 1-647
2026-10-08 22:18:39,825 INFO o.a.j.t.JMeterThread: Thread finished: Intake ramp 1-647
2026-10-08 22:18:40,626 INFO o.a.j.t.JMeterThread: Thread started: Intake ramp 1-752
2026-10-08 22:18:40,943 INFO o.a.j.t.JMeterThread: Thread started: Intake ramp 1-753
2026-10-08 22:18:42,468 INFO o.a.j.t.JMeterThread: Thread started: Intake ramp 1-754
2026-10-08 22:18:43,652 INFO o.a.j.t.JMeterThread: Thread started: Intake ramp 1-755
2026-10-08 22:18:44,383 INFO o.a.j.t.JMeterThread: Thread is done: Intake ramp 1-648
2026-10-08 22:18:44,383 INFO o.a.j.t.JMeterThread: Thread finished: Intake ramp 1-648
2026-10-08 22:18:44,421 INFO o.a.j.t.JMeterThread: Thread started: Intake ramp 1-756
2026-10-08 22:18:44,691 INFO o.a.j.t.JMeterThread: Thread started: Intake ramp 1-757
2026-10-08 22:18:45,618 INFO o.a.j.t.JMeterThread: Thread is done: Intake ramp 1-649
2026-10-08 22:18:45,618 INFO o.a.j.t.JMeterThread: Thread finished: Intake ramp 1-649
2026-10-08 22:18:45,658 INFO o.a.j.t.JMeterThread: Thread started: Intake ramp 1-758
2026-10-08 22:18:48,845 INFO o.a.j.t.JMeterThread: Thread is done: Intake ramp 1-650
2026-10-08 22:18:48,845 INFO o.a.j.t.JMeterThread: Thread finished: Intake ramp 1-650
2026-10-08 22:18:49,546 INFO o.a.j.t.JMeterThread: Thread started: Intake ramp 1-759
2026-10-08 22:18:49,920 INFO o.a.j.t.JMeterThread: Thread started: Intake ramp 1-760
2026-10-08 22:18:50,947 INFO o.a.j.t.JMeterThread: Thread is done: Intake ramp 1-651
2026-10-08 22:18:50,947 INFO o.a.j.t.JMeterThread: Thread finished: Intake ramp 1-651
2026-10-08 22:18:52,853 INFO o.a.j.t.JMeterThread: Thread is done: Intake ramp 1-652
2026-10-08 22:18:52,853 INFO o.a.j.t.JMeterThread: Thread finished: Intake ramp 1-652
2026-10-08 22:18:53,497 INFO o.a.j.t.JMeterThread: Thread started: Intake ramp 1-761
2026-10-08 22:18:54,677 INFO o.a.j.t.JMeterThread: Thread is done: Intake ramp 1-653
2026-10-08 22:18:54,677 INFO o.a.j.t.JMeterThread: Thread finished: Intake ramp 1-653
2026-10-08 22:18:54,686 INFO o.a.j.t.JMeterThread: Thread started: Intake ramp 1-762
2026-10-08 22:18:56,087 INFO o.a.j.t.JMeterThread: Thread is done: Intake ramp 1-654
2026-10-08 22:18:56,087 INFO o.a.j.t.JMeterThread: Thread finished: Intake ramp 1-654
2026-10-08 22:18:56,549 INFO o.a.j.t.JMeterThread: Thread started: Intake ramp 1-763
2026-10-08 22:18:56,991 INFO o.a.j.t.JMeterThread: Thread started: Intake ramp 1-764
2026-10-08 22:18:57,853 INFO o.a.j.t.JMeterThread: Thread is done: Intake ramp 1-655
2026-10-08 22:18:57,853 INFO o.a.j.t.JMeterThread: Thread finished: Intake ramp 1-655
2026-10-08 22:18:59,003 INFO o.a.j.t.JMeterThread: Thread is done: Intake ramp 1-656
2026-10-08 22:18:59,003 INFO o.a.j.t.JMeterThread: Thread finished: Intake ramp 1-656
2026-10-08 22:19:00,467 INFO o.a.j.r.Summariser: summary +     13 in 00:00:29 =    0.5/s Avg: 196480 Min: 190232 Max: 201832 Err:     0 (0.00%) Active: 108 Started: 764 Finished: 656
2026-10-08 22:19:00,467 INFO o.a.j.r.Summariser: summary =    657 in 00:40:42 =    0.3/s Avg: 50200 Min:   540 Max: 201832 Err:     0 (0.00%)
2026-10-08 22:19:00,468 INFO o.a.j.t.JMeterThread: Thread is done: Intake ramp 1-657
2026-10-08 22:19:00,468 INFO o.a.j.t.JMeterThread: Thread finished: Intake ramp 1-657
2026-10-08 22:19:01,888 INFO o.a.j.t.JMeterThread: Thread started: Intake ramp 1-765
2026-10-08 22:19:01,913 INFO o.a.j.t.JMeterThread: Thread is done: Intake ramp 1-658
2026-10-08 22:19:01,913 INFO o.a.j.t.JMeterThread: Thread finished: Intake ramp 1-658
2026-10-08 22:19:02,177 INFO o.a.j.t.JMeterThread: Thread started: Intake ramp 1-766
2026-10-08 22:19:03,239 INFO o.a.j.t.JMeterThread: Thread started: Intake ramp 1-767
2026-10-08 22:19:05,277 INFO o.a.j.t.JMeterThread: Thread started: Intake ramp 1-768
2026-10-08 22:19:05,782 INFO o.a.j.t.JMeterThread: Thread is done: Intake ramp 1-659
2026-10-08 22:19:05,782 INFO o.a.j.t.JMeterThread: Thread finished: Intake ramp 1-659
2026-10-08 22:19:06,154 INFO o.a.j.t.JMeterThread: Thread started: Intake ramp 1-769
2026-10-08 22:19:07,642 INFO o.a.j.t.JMeterThread: Thread started: Intake ramp 1-770
2026-10-08 22:19:09,183 INFO o.a.j.t.JMeterThread: Thread is done: Intake ramp 1-660
2026-10-08 22:19:09,183 INFO o.a.j.t.JMeterThread: Thread finished: Intake ramp 1-660
2026-10-08 22:19:11,067 INFO o.a.j.t.JMeterThread: Thread started: Intake ramp 1-771
2026-10-08 22:19:12,408 INFO o.a.j.t.JMeterThread: Thread is done: Intake ramp 1-661
2026-10-08 22:19:12,408 INFO o.a.j.t.JMeterThread: Thread finished: Intake ramp 1-661
2026-10-08 22:19:12,803 INFO o.a.j.t.JMeterThread: Thread started: Intake ramp 1-772
2026-10-08 22:19:13,138 INFO o.a.j.t.JMeterThread: Thread started: Intake ramp 1-773
2026-10-08 22:19:15,106 INFO o.a.j.t.JMeterThread: Thread is done: Intake ramp 1-662
2026-10-08 22:19:15,106 INFO o.a.j.t.JMeterThread: Thread finished: Intake ramp 1-662
2026-10-08 22:19:15,181 INFO o.a.j.t.JMeterThread: Thread started: Intake ramp 1-774
2026-10-08 22:19:16,258 INFO o.a.j.t.JMeterThread: Thread started: Intake ramp 1-775
2026-10-08 22:19:17,233 INFO o.a.j.t.JMeterThread: Thread is done: Intake ramp 1-663
2026-10-08 22:19:17,233 INFO o.a.j.t.JMeterThread: Thread finished: Intake ramp 1-663
2026-10-08 22:19:18,715 INFO o.a.j.t.JMeterThread: Thread started: Intake ramp 1-776
2026-10-08 22:19:20,234 INFO o.a.j.t.JMeterThread: Thread is done: Intake ramp 1-664
2026-10-08 22:19:20,234 INFO o.a.j.t.JMeterThread: Thread finished: Intake ramp 1-664
2026-10-08 22:19:22,619 INFO o.a.j.t.JMeterThread: Thread started: Intake ramp 1-777
2026-10-08 22:19:22,886 INFO o.a.j.t.JMeterThread: Thread started: Intake ramp 1-778
2026-10-08 22:19:23,102 INFO o.a.j.t.JMeterThread: Thread started: Intake ramp 1-779
2026-10-08 22:19:23,434 INFO o.a.j.t.JMeterThread: Thread is done: Intake ramp 1-665
2026-10-08 22:19:23,434 INFO o.a.j.t.JMeterThread: Thread finished: Intake ramp 1-665
2026-10-08 22:19:24,310 INFO o.a.j.t.JMeterThread: Thread started: Intake ramp 1-780
2026-10-08 22:19:25,554 INFO o.a.j.t.JMeterThread: Thread is done: Intake ramp 1-666
2026-10-08 22:19:25,554 INFO o.a.j.t.JMeterThread: Thread finished: Intake ramp 1-666
2026-10-08 22:19:26,295 INFO o.a.j.t.JMeterThread: Thread started: Intake ramp 1-781
2026-10-08 22:19:26,781 INFO o.a.j.t.JMeterThread: Thread is done: Intake ramp 1-667
2026-10-08 22:19:26,781 INFO o.a.j.t.JMeterThread: Thread finished: Intake ramp 1-667
2026-10-08 22:19:26,944 INFO o.a.j.t.JMeterThread: Thread started: Intake ramp 1-782
2026-10-08 22:19:28,340 INFO o.a.j.t.JMeterThread: Thread started: Intake ramp 1-783
2026-10-08 22:19:28,649 INFO o.a.j.t.JMeterThread: Thread started: Intake ramp 1-784
2026-10-08 22:19:28,697 INFO o.a.j.t.JMeterThread: Thread started: Intake ramp 1-785
2026-10-08 22:19:30,244 INFO o.a.j.t.JMeterThread: Thread started: Intake ramp 1-786
2026-10-08 22:19:31,320 INFO o.a.j.r.Summariser: summary +     11 in 00:00:31 =    0.4/s Avg: 198593 Min: 194341 Max: 202227 Err:     0 (0.00%) Active: 119 Started: 786 Finished: 667
2026-10-08 22:19:31,320 INFO o.a.j.r.Summariser: summary =    668 in 00:41:13 =    0.3/s Avg: 52643 Min:   540 Max: 202227 Err:     0 (0.00%)
2026-10-08 22:19:31,320 INFO o.a.j.t.JMeterThread: Thread is done: Intake ramp 1-668
2026-10-08 22:19:31,320 INFO o.a.j.t.JMeterThread: Thread finished: Intake ramp 1-668
2026-10-08 22:19:32,251 INFO o.a.j.t.JMeterThread: Thread started: Intake ramp 1-787
2026-10-08 22:19:33,033 INFO o.a.j.t.JMeterThread: Thread is done: Intake ramp 1-669
2026-10-08 22:19:33,033 INFO o.a.j.t.JMeterThread: Thread finished: Intake ramp 1-669
2026-10-08 22:19:36,211 INFO o.a.j.t.JMeterThread: Thread is done: Intake ramp 1-670
2026-10-08 22:19:36,211 INFO o.a.j.t.JMeterThread: Thread finished: Intake ramp 1-670
2026-10-08 22:19:37,326 INFO o.a.j.t.JMeterThread: Thread started: Intake ramp 1-788
2026-10-08 22:19:38,208 INFO o.a.j.t.JMeterThread: Thread started: Intake ramp 1-789
2026-10-08 22:19:41,062 INFO o.a.j.t.JMeterThread: Thread is done: Intake ramp 1-671
2026-10-08 22:19:41,062 INFO o.a.j.t.JMeterThread: Thread finished: Intake ramp 1-671
2026-10-08 22:19:43,316 INFO o.a.j.t.JMeterThread: Thread is done: Intake ramp 1-672
2026-10-08 22:19:43,316 INFO o.a.j.t.JMeterThread: Thread finished: Intake ramp 1-672
2026-10-08 22:19:44,299 INFO o.a.j.t.JMeterThread: Thread is done: Intake ramp 1-673
2026-10-08 22:19:44,299 INFO o.a.j.t.JMeterThread: Thread finished: Intake ramp 1-673
2026-10-08 22:19:45,127 INFO o.a.j.t.JMeterThread: Thread started: Intake ramp 1-790
2026-10-08 22:19:46,302 INFO o.a.j.t.JMeterThread: Thread started: Intake ramp 1-791
2026-10-08 22:19:46,475 INFO o.a.j.t.JMeterThread: Thread started: Intake ramp 1-792
2026-10-08 22:19:48,326 INFO o.a.j.t.JMeterThread: Thread is done: Intake ramp 1-674
2026-10-08 22:19:48,326 INFO o.a.j.t.JMeterThread: Thread finished: Intake ramp 1-674
2026-10-08 22:19:51,023 INFO o.a.j.t.JMeterThread: Thread started: Intake ramp 1-793
2026-10-08 22:19:52,793 INFO o.a.j.t.JMeterThread: Thread is done: Intake ramp 1-675
2026-10-08 22:19:52,793 INFO o.a.j.t.JMeterThread: Thread finished: Intake ramp 1-675
2026-10-08 22:19:54,205 INFO o.a.j.t.JMeterThread: Thread started: Intake ramp 1-794
2026-10-08 22:19:54,494 INFO o.a.j.t.JMeterThread: Thread started: Intake ramp 1-795
2026-10-08 22:19:55,966 INFO o.a.j.t.JMeterThread: Thread is done: Intake ramp 1-676
2026-10-08 22:19:55,966 INFO o.a.j.t.JMeterThread: Thread finished: Intake ramp 1-676
2026-10-08 22:19:58,284 INFO o.a.j.t.JMeterThread: Thread is done: Intake ramp 1-677
2026-10-08 22:19:58,284 INFO o.a.j.t.JMeterThread: Thread finished: Intake ramp 1-677
2026-10-08 22:19:59,078 INFO o.a.j.t.JMeterThread: Thread started: Intake ramp 1-796
2026-10-08 22:19:59,744 INFO o.a.j.t.JMeterThread: Thread started: Intake ramp 1-797
2026-10-08 22:20:00,370 INFO o.a.j.r.Summariser: summary +     10 in 00:00:29 =    0.3/s Avg: 206296 Min: 200993 Max: 210448 Err:     0 (0.00%) Active: 120 Started: 797 Finished: 677
2026-10-08 22:20:00,370 INFO o.a.j.r.Summariser: summary =    678 in 00:41:42 =    0.3/s Avg: 54910 Min:   540 Max: 210448 Err:     0 (0.00%)
2026-10-08 22:20:00,370 INFO o.a.j.t.JMeterThread: Thread is done: Intake ramp 1-678
2026-10-08 22:20:00,370 INFO o.a.j.t.JMeterThread: Thread finished: Intake ramp 1-678
2026-10-08 22:20:03,868 INFO o.a.j.t.JMeterThread: Thread started: Intake ramp 1-798
2026-10-08 22:20:03,946 INFO o.a.j.t.JMeterThread: Thread started: Intake ramp 1-799
2026-10-08 22:20:04,017 INFO o.a.j.t.JMeterThread: Thread started: Intake ramp 1-800
2026-10-08 22:20:04,069 INFO o.a.j.t.JMeterThread: Thread is done: Intake ramp 1-679
2026-10-08 22:20:04,069 INFO o.a.j.t.JMeterThread: Thread finished: Intake ramp 1-679
2026-10-08 22:20:05,061 INFO o.a.j.t.JMeterThread: Thread started: Intake ramp 1-801
2026-10-08 22:20:05,831 INFO o.a.j.t.JMeterThread: Thread is done: Intake ramp 1-680
2026-10-08 22:20:05,831 INFO o.a.j.t.JMeterThread: Thread finished: Intake ramp 1-680
2026-10-08 22:20:06,627 INFO o.a.j.t.JMeterThread: Thread started: Intake ramp 1-802
2026-10-08 22:20:07,165 INFO o.a.j.t.JMeterThread: Thread started: Intake ramp 1-803
2026-10-08 22:20:08,306 INFO o.a.j.t.JMeterThread: Thread started: Intake ramp 1-804
2026-10-08 22:20:09,115 INFO o.a.j.t.JMeterThread: Thread started: Intake ramp 1-805
2026-10-08 22:20:10,093 INFO o.a.j.t.JMeterThread: Thread is done: Intake ramp 1-681
2026-10-08 22:20:10,093 INFO o.a.j.t.JMeterThread: Thread finished: Intake ramp 1-681
2026-10-08 22:20:10,475 INFO o.a.j.t.JMeterThread: Thread started: Intake ramp 1-806
2026-10-08 22:20:11,006 INFO o.a.j.t.JMeterThread: Thread started: Intake ramp 1-807
2026-10-08 22:20:11,917 INFO o.a.j.t.JMeterThread: Thread is done: Intake ramp 1-682
2026-10-08 22:20:11,917 INFO o.a.j.t.JMeterThread: Thread finished: Intake ramp 1-682
2026-10-08 22:20:11,918 INFO o.a.j.t.JMeterThread: Thread started: Intake ramp 1-808
2026-10-08 22:20:11,928 INFO o.a.j.t.JMeterThread: Thread started: Intake ramp 1-809
2026-10-08 22:20:13,767 INFO o.a.j.t.JMeterThread: Thread started: Intake ramp 1-810
2026-10-08 22:20:14,793 INFO o.a.j.t.JMeterThread: Thread started: Intake ramp 1-811
2026-10-08 22:20:16,813 INFO o.a.j.t.JMeterThread: Thread started: Intake ramp 1-812
2026-10-08 22:20:17,179 INFO o.a.j.t.JMeterThread: Thread is done: Intake ramp 1-683
2026-10-08 22:20:17,179 INFO o.a.j.t.JMeterThread: Thread finished: Intake ramp 1-683
2026-10-08 22:20:18,489 INFO o.a.j.t.JMeterThread: Thread started: Intake ramp 1-813
2026-10-08 22:20:19,995 INFO o.a.j.t.JMeterThread: Thread is done: Intake ramp 1-684
2026-10-08 22:20:19,995 INFO o.a.j.t.JMeterThread: Thread finished: Intake ramp 1-684
2026-10-08 22:20:20,316 INFO o.a.j.t.JMeterThread: Thread started: Intake ramp 1-814
2026-10-08 22:20:23,055 INFO o.a.j.t.JMeterThread: Thread is done: Intake ramp 1-685
2026-10-08 22:20:23,055 INFO o.a.j.t.JMeterThread: Thread finished: Intake ramp 1-685
2026-10-08 22:20:24,655 INFO o.a.j.t.JMeterThread: Thread started: Intake ramp 1-815
2026-10-08 22:20:25,360 INFO o.a.j.t.JMeterThread: Thread started: Intake ramp 1-816
2026-10-08 22:20:26,280 INFO o.a.j.t.JMeterThread: Thread is done: Intake ramp 1-686
2026-10-08 22:20:26,280 INFO o.a.j.t.JMeterThread: Thread finished: Intake ramp 1-686
2026-10-08 22:20:26,483 INFO o.a.j.t.JMeterThread: Thread started: Intake ramp 1-817
2026-10-08 22:20:28,138 INFO o.a.j.t.JMeterThread: Thread started: Intake ramp 1-818
2026-10-08 22:20:28,636 INFO o.a.j.t.JMeterThread: Thread is done: Intake ramp 1-687
2026-10-08 22:20:28,637 INFO o.a.j.t.JMeterThread: Thread finished: Intake ramp 1-687
2026-10-08 22:20:30,792 INFO o.a.j.t.JMeterThread: Thread started: Intake ramp 1-819
2026-10-08 22:20:31,404 INFO o.a.j.t.JMeterThread: Thread started: Intake ramp 1-820
2026-10-08 22:20:31,582 INFO o.a.j.r.Summariser: summary +     10 in 00:00:31 =    0.3/s Avg: 208841 Min: 205178 Max: 214520 Err:     0 (0.00%) Active: 133 Started: 820 Finished: 687
2026-10-08 22:20:31,583 INFO o.a.j.r.Summariser: summary =    688 in 00:42:13 =    0.3/s Avg: 57147 Min:   540 Max: 214520 Err:     0 (0.00%)
2026-10-08 22:20:31,583 INFO o.a.j.t.JMeterThread: Thread is done: Intake ramp 1-688
2026-10-08 22:20:31,583 INFO o.a.j.t.JMeterThread: Thread finished: Intake ramp 1-688
2026-10-08 22:20:32,694 INFO o.a.j.t.JMeterThread: Thread started: Intake ramp 1-821
2026-10-08 22:20:32,999 INFO o.a.j.t.JMeterThread: Thread is done: Intake ramp 1-689
2026-10-08 22:20:32,999 INFO o.a.j.t.JMeterThread: Thread finished: Intake ramp 1-689
2026-10-08 22:20:33,380 INFO o.a.j.t.JMeterThread: Thread started: Intake ramp 1-822
2026-10-08 22:20:35,572 INFO o.a.j.t.JMeterThread: Thread is done: Intake ramp 1-690
2026-10-08 22:20:35,572 INFO o.a.j.t.JMeterThread: Thread finished: Intake ramp 1-690
2026-10-08 22:20:38,887 INFO o.a.j.t.JMeterThread: Thread started: Intake ramp 1-823
2026-10-08 22:20:39,896 INFO o.a.j.t.JMeterThread: Thread started: Intake ramp 1-824
2026-10-08 22:20:40,317 INFO o.a.j.t.JMeterThread: Thread is done: Intake ramp 1-691
2026-10-08 22:20:40,317 INFO o.a.j.t.JMeterThread: Thread finished: Intake ramp 1-691
2026-10-08 22:20:40,472 INFO o.a.j.t.JMeterThread: Thread started: Intake ramp 1-825
2026-10-08 22:20:43,146 INFO o.a.j.t.JMeterThread: Thread is done: Intake ramp 1-692
2026-10-08 22:20:43,146 INFO o.a.j.t.JMeterThread: Thread finished: Intake ramp 1-692
2026-10-08 22:20:43,225 INFO o.a.j.t.JMeterThread: Thread started: Intake ramp 1-826
2026-10-08 22:20:43,631 INFO o.a.j.t.JMeterThread: Thread started: Intake ramp 1-827
2026-10-08 22:20:44,608 INFO o.a.j.t.JMeterThread: Thread is done: Intake ramp 1-693
2026-10-08 22:20:44,608 INFO o.a.j.t.JMeterThread: Thread finished: Intake ramp 1-693
2026-10-08 22:20:45,005 INFO o.a.j.t.JMeterThread: Thread started: Intake ramp 1-828
2026-10-08 22:20:45,718 INFO o.a.j.t.JMeterThread: Thread started: Intake ramp 1-829
2026-10-08 22:20:47,110 INFO o.a.j.t.JMeterThread: Thread is done: Intake ramp 1-694
2026-10-08 22:20:47,110 INFO o.a.j.t.JMeterThread: Thread finished: Intake ramp 1-694
2026-10-08 22:20:49,906 INFO o.a.j.t.JMeterThread: Thread is done: Intake ramp 1-695
2026-10-08 22:20:49,906 INFO o.a.j.t.JMeterThread: Thread finished: Intake ramp 1-695
2026-10-08 22:20:51,916 INFO o.a.j.t.JMeterThread: Thread is done: Intake ramp 1-696
2026-10-08 22:20:51,916 INFO o.a.j.t.JMeterThread: Thread finished: Intake ramp 1-696
2026-10-08 22:20:55,532 INFO o.a.j.t.JMeterThread: Thread is done: Intake ramp 1-697
2026-10-08 22:20:55,532 INFO o.a.j.t.JMeterThread: Thread finished: Intake ramp 1-697
2026-10-08 22:20:56,763 INFO o.a.j.t.JMeterThread: Thread started: Intake ramp 1-830
2026-10-08 22:20:58,730 INFO o.a.j.t.JMeterThread: Thread is done: Intake ramp 1-698
2026-10-08 22:20:58,730 INFO o.a.j.t.JMeterThread: Thread finished: Intake ramp 1-698
2026-10-08 22:20:59,437 INFO o.a.j.t.JMeterThread: Thread started: Intake ramp 1-831
2026-10-08 22:20:59,468 INFO o.a.j.t.JMeterThread: Thread started: Intake ramp 1-832
2026-10-08 22:20:59,619 INFO o.a.j.t.JMeterThread: Thread started: Intake ramp 1-833
2026-10-08 22:21:00,580 INFO o.a.j.r.Summariser: summary +     11 in 00:00:29 =    0.4/s Avg: 208632 Min: 204766 Max: 212163 Err:     0 (0.00%) Active: 135 Started: 833 Finished: 698
2026-10-08 22:21:00,580 INFO o.a.j.r.Summariser: summary =    699 in 00:42:42 =    0.3/s Avg: 59531 Min:   540 Max: 214520 Err:     0 (0.00%)
2026-10-08 22:21:00,580 INFO o.a.j.t.JMeterThread: Thread is done: Intake ramp 1-699
2026-10-08 22:21:00,580 INFO o.a.j.t.JMeterThread: Thread finished: Intake ramp 1-699
2026-10-08 22:21:00,643 INFO o.a.j.t.JMeterThread: Thread started: Intake ramp 1-834
2026-10-08 22:21:03,599 INFO o.a.j.t.JMeterThread: Thread is done: Intake ramp 1-700
2026-10-08 22:21:03,599 INFO o.a.j.t.JMeterThread: Thread finished: Intake ramp 1-700
2026-10-08 22:21:04,096 INFO o.a.j.t.JMeterThread: Thread started: Intake ramp 1-835
2026-10-08 22:21:04,334 INFO o.a.j.t.JMeterThread: Thread started: Intake ramp 1-836
2026-10-08 22:21:06,236 INFO o.a.j.t.JMeterThread: Thread is done: Intake ramp 1-701
2026-10-08 22:21:06,236 INFO o.a.j.t.JMeterThread: Thread finished: Intake ramp 1-701
2026-10-08 22:21:08,909 INFO o.a.j.t.JMeterThread: Thread is done: Intake ramp 1-702
2026-10-08 22:21:08,909 INFO o.a.j.t.JMeterThread: Thread finished: Intake ramp 1-702
2026-10-08 22:21:10,638 INFO o.a.j.t.JMeterThread: Thread is done: Intake ramp 1-703
2026-10-08 22:21:10,638 INFO o.a.j.t.JMeterThread: Thread finished: Intake ramp 1-703
2026-10-08 22:21:11,416 INFO o.a.j.t.JMeterThread: Thread started: Intake ramp 1-837
2026-10-08 22:21:12,329 INFO o.a.j.t.JMeterThread: Thread started: Intake ramp 1-838
2026-10-08 22:21:12,419 INFO o.a.j.t.JMeterThread: Thread started: Intake ramp 1-839
2026-10-08 22:21:12,873 INFO o.a.j.t.JMeterThread: Thread is done: Intake ramp 1-704
2026-10-08 22:21:12,873 INFO o.a.j.t.JMeterThread: Thread finished: Intake ramp 1-704
2026-10-08 22:21:13,777 INFO o.a.j.t.JMeterThread: Thread started: Intake ramp 1-840
2026-10-08 22:21:14,275 INFO o.a.j.t.JMeterThread: Thread is done: Intake ramp 1-705
2026-10-08 22:21:14,275 INFO o.a.j.t.JMeterThread: Thread finished: Intake ramp 1-705
2026-10-08 22:21:14,929 INFO o.a.j.t.JMeterThread: Thread started: Intake ramp 1-841
2026-10-08 22:21:15,417 INFO o.a.j.t.JMeterThread: Thread started: Intake ramp 1-842
2026-10-08 22:21:15,868 INFO o.a.j.t.JMeterThread: Thread started: Intake ramp 1-843
2026-10-08 22:21:17,333 INFO o.a.j.t.JMeterThread: Thread started: Intake ramp 1-844
2026-10-08 22:21:19,349 INFO o.a.j.t.JMeterThread: Thread started: Intake ramp 1-845
2026-10-08 22:21:19,385 INFO o.a.j.t.JMeterThread: Thread is done: Intake ramp 1-706
2026-10-08 22:21:19,385 INFO o.a.j.t.JMeterThread: Thread finished: Intake ramp 1-706
2026-10-08 22:21:20,263 INFO o.a.j.t.JMeterThread: Thread started: Intake ramp 1-846
2026-10-08 22:21:20,992 INFO o.a.j.t.JMeterThread: Thread is done: Intake ramp 1-707
2026-10-08 22:21:20,992 INFO o.a.j.t.JMeterThread: Thread finished: Intake ramp 1-707
2026-10-08 22:21:23,423 INFO o.a.j.t.JMeterThread: Thread started: Intake ramp 1-847
2026-10-08 22:21:23,868 INFO o.a.j.t.JMeterThread: Thread is done: Intake ramp 1-708
2026-10-08 22:21:23,868 INFO o.a.j.t.JMeterThread: Thread finished: Intake ramp 1-708
2026-10-08 22:21:24,478 INFO o.a.j.t.JMeterThread: Thread started: Intake ramp 1-848
2026-10-08 22:21:25,143 INFO o.a.j.t.JMeterThread: Thread is done: Intake ramp 1-709
2026-10-08 22:21:25,143 INFO o.a.j.t.JMeterThread: Thread finished: Intake ramp 1-709
2026-10-08 22:21:25,220 INFO o.a.j.t.JMeterThread: Thread started: Intake ramp 1-849
2026-10-08 22:21:25,621 INFO o.a.j.t.JMeterThread: Thread started: Intake ramp 1-850
2026-10-08 22:21:25,777 INFO o.a.j.t.JMeterThread: Thread started: Intake ramp 1-851
2026-10-08 22:21:26,208 INFO o.a.j.t.JMeterThread: Thread started: Intake ramp 1-852
2026-10-08 22:21:26,299 INFO o.a.j.t.JMeterThread: Thread started: Intake ramp 1-853
2026-10-08 22:21:28,269 INFO o.a.j.t.JMeterThread: Thread is done: Intake ramp 1-710
2026-10-08 22:21:28,269 INFO o.a.j.t.JMeterThread: Thread finished: Intake ramp 1-710
2026-10-08 22:21:30,014 INFO o.a.j.t.JMeterThread: Thread started: Intake ramp 1-854
2026-10-08 22:21:30,317 INFO o.a.j.t.JMeterThread: Thread started: Intake ramp 1-855
2026-10-08 22:21:31,226 INFO o.a.j.r.Summariser: summary +     12 in 00:00:31 =    0.4/s Avg: 214308 Min: 208963 Max: 218632 Err:     0 (0.00%) Active: 145 Started: 855 Finished: 710
2026-10-08 22:21:31,227 INFO o.a.j.r.Summariser: summary =    711 in 00:43:13 =    0.3/s Avg: 62143 Min:   540 Max: 218632 Err:     0 (0.00%)
2026-10-08 22:21:31,227 INFO o.a.j.t.JMeterThread: Thread is done: Intake ramp 1-711
2026-10-08 22:21:31,227 INFO o.a.j.t.JMeterThread: Thread finished: Intake ramp 1-711
2026-10-08 22:21:31,629 INFO o.a.j.t.JMeterThread: Thread started: Intake ramp 1-856
2026-10-08 22:21:32,951 INFO o.a.j.t.JMeterThread: Thread is done: Intake ramp 1-712
2026-10-08 22:21:32,951 INFO o.a.j.t.JMeterThread: Thread finished: Intake ramp 1-712
2026-10-08 22:21:34,254 INFO o.a.j.t.JMeterThread: Thread started: Intake ramp 1-857
2026-10-08 22:21:34,639 INFO o.a.j.t.JMeterThread: Thread started: Intake ramp 1-858
2026-10-08 22:21:34,796 INFO o.a.j.t.JMeterThread: Thread started: Intake ramp 1-859
2026-10-08 22:21:34,880 INFO o.a.j.t.JMeterThread: Thread is done: Intake ramp 1-713
2026-10-08 22:21:34,880 INFO o.a.j.t.JMeterThread: Thread finished: Intake ramp 1-713
2026-10-08 22:21:35,958 INFO o.a.j.t.JMeterThread: Thread started: Intake ramp 1-860
2026-10-08 22:21:36,803 INFO o.a.j.t.JMeterThread: Thread started: Intake ramp 1-861
2026-10-08 22:21:37,038 INFO o.a.j.t.JMeterThread: Thread started: Intake ramp 1-862
2026-10-08 22:21:37,057 INFO o.a.j.t.JMeterThread: Thread started: Intake ramp 1-863
2026-10-08 22:21:38,499 INFO o.a.j.t.JMeterThread: Thread is done: Intake ramp 1-714
2026-10-08 22:21:38,499 INFO o.a.j.t.JMeterThread: Thread finished: Intake ramp 1-714
2026-10-08 22:21:39,950 INFO o.a.j.t.JMeterThread: Thread started: Intake ramp 1-864
2026-10-08 22:21:40,301 INFO o.a.j.t.JMeterThread: Thread started: Intake ramp 1-865
2026-10-08 22:21:40,441 INFO o.a.j.t.JMeterThread: Thread is done: Intake ramp 1-715
2026-10-08 22:21:40,442 INFO o.a.j.t.JMeterThread: Thread finished: Intake ramp 1-715
2026-10-08 22:21:41,720 INFO o.a.j.t.JMeterThread: Thread started: Intake ramp 1-866
2026-10-08 22:21:41,811 INFO o.a.j.t.JMeterThread: Thread started: Intake ramp 1-867
2026-10-08 22:21:43,146 INFO o.a.j.t.JMeterThread: Thread is done: Intake ramp 1-716
2026-10-08 22:21:43,146 INFO o.a.j.t.JMeterThread: Thread finished: Intake ramp 1-716
2026-10-08 22:21:44,833 INFO o.a.j.t.JMeterThread: Thread started: Intake ramp 1-868
2026-10-08 22:21:45,027 INFO o.a.j.t.JMeterThread: Thread is done: Intake ramp 1-717
2026-10-08 22:21:45,027 INFO o.a.j.t.JMeterThread: Thread finished: Intake ramp 1-717
2026-10-08 22:21:45,038 INFO o.a.j.t.JMeterThread: Thread started: Intake ramp 1-869
2026-10-08 22:21:45,616 INFO o.a.j.t.JMeterThread: Thread started: Intake ramp 1-870
2026-10-08 22:21:46,029 INFO o.a.j.t.JMeterThread: Thread started: Intake ramp 1-871
2026-10-08 22:21:46,398 INFO o.a.j.t.JMeterThread: Thread started: Intake ramp 1-872
2026-10-08 22:21:47,203 INFO o.a.j.t.JMeterThread: Thread started: Intake ramp 1-873
2026-10-08 22:21:48,323 INFO o.a.j.t.JMeterThread: Thread is done: Intake ramp 1-718
2026-10-08 22:21:48,323 INFO o.a.j.t.JMeterThread: Thread finished: Intake ramp 1-718
2026-10-08 22:21:48,456 INFO o.a.j.t.JMeterThread: Thread started: Intake ramp 1-874
2026-10-08 22:21:48,753 INFO o.a.j.t.JMeterThread: Thread started: Intake ramp 1-875
2026-10-08 22:21:49,083 INFO o.a.j.t.JMeterThread: Thread started: Intake ramp 1-876
2026-10-08 22:21:49,397 INFO o.a.j.t.JMeterThread: Thread started: Intake ramp 1-877
2026-10-08 22:21:50,273 INFO o.a.j.t.JMeterThread: Thread started: Intake ramp 1-878
2026-10-08 22:21:52,107 INFO o.a.j.t.JMeterThread: Thread started: Intake ramp 1-879
2026-10-08 22:21:52,314 INFO o.a.j.t.JMeterThread: Thread is done: Intake ramp 1-719
2026-10-08 22:21:52,314 INFO o.a.j.t.JMeterThread: Thread finished: Intake ramp 1-719
2026-10-08 22:21:53,093 INFO o.a.j.t.JMeterThread: Thread started: Intake ramp 1-880
2026-10-08 22:21:55,380 INFO o.a.j.t.JMeterThread: Thread started: Intake ramp 1-881
2026-10-08 22:21:56,037 INFO o.a.j.t.JMeterThread: Thread is done: Intake ramp 1-720
2026-10-08 22:21:56,037 INFO o.a.j.t.JMeterThread: Thread finished: Intake ramp 1-720
2026-10-08 22:21:58,258 INFO o.a.j.t.JMeterThread: Thread is done: Intake ramp 1-721
2026-10-08 22:21:58,258 INFO o.a.j.t.JMeterThread: Thread finished: Intake ramp 1-721
2026-10-08 22:21:59,852 INFO o.a.j.t.JMeterThread: Thread is done: Intake ramp 1-722
2026-10-08 22:21:59,853 INFO o.a.j.t.JMeterThread: Thread finished: Intake ramp 1-722
2026-10-08 22:22:01,259 INFO o.a.j.t.JMeterThread: Thread started: Intake ramp 1-882
2026-10-08 22:22:01,969 INFO o.a.j.t.JMeterThread: Thread started: Intake ramp 1-883
2026-10-08 22:22:02,200 INFO o.a.j.r.Summariser: summary +     12 in 00:00:31 =    0.4/s Avg: 228010 Min: 219096 Max: 238936 Err:     0 (0.00%) Active: 161 Started: 883 Finished: 722
2026-10-08 22:22:02,200 INFO o.a.j.r.Summariser: summary =    723 in 00:43:44 =    0.3/s Avg: 64896 Min:   540 Max: 238936 Err:     0 (0.00%)
2026-10-08 22:22:02,201 INFO o.a.j.t.JMeterThread: Thread is done: Intake ramp 1-723
2026-10-08 22:22:02,201 INFO o.a.j.t.JMeterThread: Thread finished: Intake ramp 1-723
2026-10-08 22:22:03,276 INFO o.a.j.t.JMeterThread: Thread started: Intake ramp 1-884
2026-10-08 22:22:03,301 INFO o.a.j.t.JMeterThread: Thread started: Intake ramp 1-885
2026-10-08 22:22:03,334 INFO o.a.j.t.JMeterThread: Thread started: Intake ramp 1-886
2026-10-08 22:22:04,778 INFO o.a.j.t.JMeterThread: Thread started: Intake ramp 1-887
2026-10-08 22:22:05,455 INFO o.a.j.t.JMeterThread: Thread started: Intake ramp 1-888
2026-10-08 22:22:06,133 INFO o.a.j.t.JMeterThread: Thread started: Intake ramp 1-889
2026-10-08 22:22:06,386 INFO o.a.j.t.JMeterThread: Thread is done: Intake ramp 1-724
2026-10-08 22:22:06,386 INFO o.a.j.t.JMeterThread: Thread finished: Intake ramp 1-724
2026-10-08 22:22:06,606 INFO o.a.j.t.JMeterThread: Thread started: Intake ramp 1-890
2026-10-08 22:22:08,536 INFO o.a.j.t.JMeterThread: Thread started: Intake ramp 1-891
2026-10-08 22:22:08,961 INFO o.a.j.t.JMeterThread: Thread started: Intake ramp 1-892
2026-10-08 22:22:11,094 INFO o.a.j.t.JMeterThread: Thread is done: Intake ramp 1-725
2026-10-08 22:22:11,094 INFO o.a.j.t.JMeterThread: Thread finished: Intake ramp 1-725
2026-10-08 22:22:11,431 INFO o.a.j.t.JMeterThread: Thread started: Intake ramp 1-893
2026-10-08 22:22:12,975 INFO o.a.j.t.JMeterThread: Thread started: Intake ramp 1-894
2026-10-08 22:22:13,852 INFO o.a.j.t.JMeterThread: Thread is done: Intake ramp 1-726
2026-10-08 22:22:13,852 INFO o.a.j.t.JMeterThread: Thread finished: Intake ramp 1-726
2026-10-08 22:22:14,200 INFO o.a.j.t.JMeterThread: Thread started: Intake ramp 1-895
2026-10-08 22:22:17,090 INFO o.a.j.t.JMeterThread: Thread is done: Intake ramp 1-727
2026-10-08 22:22:17,090 INFO o.a.j.t.JMeterThread: Thread finished: Intake ramp 1-727
2026-10-08 22:22:17,466 INFO o.a.j.t.JMeterThread: Thread started: Intake ramp 1-896
2026-10-08 22:22:18,142 INFO o.a.j.t.JMeterThread: Thread started: Intake ramp 1-897
2026-10-08 22:22:20,116 INFO o.a.j.t.JMeterThread: Thread is done: Intake ramp 1-728
2026-10-08 22:22:20,116 INFO o.a.j.t.JMeterThread: Thread finished: Intake ramp 1-728
2026-10-08 22:22:21,779 INFO o.a.j.t.JMeterThread: Thread started: Intake ramp 1-898
2026-10-08 22:22:23,565 INFO o.a.j.t.JMeterThread: Thread started: Intake ramp 1-899
2026-10-08 22:22:23,846 INFO o.a.j.t.JMeterThread: Thread is done: Intake ramp 1-729
2026-10-08 22:22:23,846 INFO o.a.j.t.JMeterThread: Thread finished: Intake ramp 1-729
2026-10-08 22:22:26,007 INFO o.a.j.t.JMeterThread: Thread started: Intake ramp 1-900
2026-10-08 22:22:26,700 INFO o.a.j.t.JMeterThread: Thread started: Intake ramp 1-901
2026-10-08 22:22:28,424 INFO o.a.j.t.JMeterThread: Thread is done: Intake ramp 1-730
2026-10-08 22:22:28,424 INFO o.a.j.t.JMeterThread: Thread finished: Intake ramp 1-730
2026-10-08 22:22:28,605 INFO o.a.j.t.JMeterThread: Thread started: Intake ramp 1-902
2026-10-08 22:22:30,774 INFO o.a.j.t.JMeterThread: Thread started: Intake ramp 1-903
2026-10-08 22:22:31,696 INFO o.a.j.r.Summariser: summary +      8 in 00:00:29 =    0.3/s Avg: 251249 Min: 243007 Max: 258803 Err:     0 (0.00%) Active: 173 Started: 903 Finished: 730
2026-10-08 22:22:31,697 INFO o.a.j.r.Summariser: summary =    731 in 00:44:13 =    0.3/s Avg: 66935 Min:   540 Max: 258803 Err:     0 (0.00%)
2026-10-08 22:22:31,697 INFO o.a.j.t.JMeterThread: Thread is done: Intake ramp 1-731
2026-10-08 22:22:31,697 INFO o.a.j.t.JMeterThread: Thread finished: Intake ramp 1-731
2026-10-08 22:22:31,980 INFO o.a.j.t.JMeterThread: Thread started: Intake ramp 1-904
2026-10-08 22:22:33,942 INFO o.a.j.t.JMeterThread: Thread is done: Intake ramp 1-732
2026-10-08 22:22:33,942 INFO o.a.j.t.JMeterThread: Thread finished: Intake ramp 1-732
2026-10-08 22:22:35,955 INFO o.a.j.t.JMeterThread: Thread is done: Intake ramp 1-733
2026-10-08 22:22:35,955 INFO o.a.j.t.JMeterThread: Thread finished: Intake ramp 1-733
2026-10-08 22:22:36,235 INFO o.a.j.t.JMeterThread: Thread started: Intake ramp 1-905
2026-10-08 22:22:38,161 INFO o.a.j.t.JMeterThread: Thread started: Intake ramp 1-906
2026-10-08 22:22:39,330 INFO o.a.j.t.JMeterThread: Thread started: Intake ramp 1-907
2026-10-08 22:22:40,284 INFO o.a.j.t.JMeterThread: Thread is done: Intake ramp 1-734
2026-10-08 22:22:40,284 INFO o.a.j.t.JMeterThread: Thread finished: Intake ramp 1-734
2026-10-08 22:22:41,189 INFO o.a.j.t.JMeterThread: Thread started: Intake ramp 1-908
2026-10-08 22:22:41,487 INFO o.a.j.t.JMeterThread: Thread is done: Intake ramp 1-735
2026-10-08 22:22:41,487 INFO o.a.j.t.JMeterThread: Thread finished: Intake ramp 1-735
2026-10-08 22:22:42,832 INFO o.a.j.t.JMeterThread: Thread started: Intake ramp 1-909
2026-10-08 22:22:43,085 INFO o.a.j.t.JMeterThread: Thread is done: Intake ramp 1-736
2026-10-08 22:22:43,085 INFO o.a.j.t.JMeterThread: Thread finished: Intake ramp 1-736
2026-10-08 22:22:45,099 INFO o.a.j.t.JMeterThread: Thread is done: Intake ramp 1-737
2026-10-08 22:22:45,099 INFO o.a.j.t.JMeterThread: Thread finished: Intake ramp 1-737
2026-10-08 22:22:46,301 INFO o.a.j.t.JMeterThread: Thread is done: Intake ramp 1-738
2026-10-08 22:22:46,301 INFO o.a.j.t.JMeterThread: Thread finished: Intake ramp 1-738
2026-10-08 22:22:48,458 INFO o.a.j.t.JMeterThread: Thread is done: Intake ramp 1-739
2026-10-08 22:22:48,459 INFO o.a.j.t.JMeterThread: Thread finished: Intake ramp 1-739
2026-10-08 22:22:50,057 INFO o.a.j.t.JMeterThread: Thread started: Intake ramp 1-910
2026-10-08 22:22:50,342 INFO o.a.j.t.JMeterThread: Thread started: Intake ramp 1-911
2026-10-08 22:22:50,546 INFO o.a.j.t.JMeterThread: Thread started: Intake ramp 1-912
2026-10-08 22:22:51,546 INFO o.a.j.t.JMeterThread: Thread is done: Intake ramp 1-740
2026-10-08 22:22:51,546 INFO o.a.j.t.JMeterThread: Thread finished: Intake ramp 1-740
2026-10-08 22:22:52,675 INFO o.a.j.t.JMeterThread: Thread started: Intake ramp 1-913
2026-10-08 22:22:53,539 INFO o.a.j.t.JMeterThread: Thread is done: Intake ramp 1-741
2026-10-08 22:22:53,539 INFO o.a.j.t.JMeterThread: Thread finished: Intake ramp 1-741
2026-10-08 22:22:54,303 INFO o.a.j.t.JMeterThread: Thread started: Intake ramp 1-914
2026-10-08 22:22:54,682 INFO o.a.j.t.JMeterThread: Thread started: Intake ramp 1-915
2026-10-08 22:22:55,369 INFO o.a.j.t.JMeterThread: Thread is done: Intake ramp 1-742
2026-10-08 22:22:55,369 INFO o.a.j.t.JMeterThread: Thread finished: Intake ramp 1-742
2026-10-08 22:22:55,677 INFO o.a.j.t.JMeterThread: Thread started: Intake ramp 1-916
2026-10-08 22:23:00,134 INFO o.a.j.r.Summariser: summary +     12 in 00:00:28 =    0.4/s Avg: 267224 Min: 259839 Max: 272744 Err:     0 (0.00%) Active: 174 Started: 916 Finished: 742
2026-10-08 22:23:00,135 INFO o.a.j.r.Summariser: summary =    743 in 00:44:42 =    0.3/s Avg: 70170 Min:   540 Max: 272744 Err:     0 (0.00%)
2026-10-08 22:23:00,135 INFO o.a.j.t.JMeterThread: Thread is done: Intake ramp 1-743
2026-10-08 22:23:00,135 INFO o.a.j.t.JMeterThread: Thread finished: Intake ramp 1-743
2026-10-08 22:23:01,616 INFO o.a.j.t.JMeterThread: Thread started: Intake ramp 1-917
2026-10-08 22:23:01,879 INFO o.a.j.t.JMeterThread: Thread started: Intake ramp 1-918
2026-10-08 22:23:03,263 INFO o.a.j.t.JMeterThread: Thread is done: Intake ramp 1-744
2026-10-08 22:23:03,264 INFO o.a.j.t.JMeterThread: Thread finished: Intake ramp 1-744
2026-10-08 22:23:03,744 INFO o.a.j.t.JMeterThread: Thread started: Intake ramp 1-919
2026-10-08 22:23:04,169 INFO o.a.j.t.JMeterThread: Thread started: Intake ramp 1-920
2026-10-08 22:23:04,493 INFO o.a.j.t.JMeterThread: Thread started: Intake ramp 1-921
2026-10-08 22:23:05,271 INFO o.a.j.t.JMeterThread: Thread is done: Intake ramp 1-745
2026-10-08 22:23:05,271 INFO o.a.j.t.JMeterThread: Thread finished: Intake ramp 1-745
2026-10-08 22:23:05,476 INFO o.a.j.t.JMeterThread: Thread started: Intake ramp 1-922
2026-10-08 22:23:07,352 INFO o.a.j.t.JMeterThread: Thread is done: Intake ramp 1-746
2026-10-08 22:23:07,352 INFO o.a.j.t.JMeterThread: Thread finished: Intake ramp 1-746
2026-10-08 22:23:07,606 INFO o.a.j.t.JMeterThread: Thread started: Intake ramp 1-923
2026-10-08 22:23:08,065 INFO o.a.j.t.JMeterThread: Thread started: Intake ramp 1-924
2026-10-08 22:23:08,884 INFO o.a.j.t.JMeterThread: Thread is done: Intake ramp 1-747
2026-10-08 22:23:08,884 INFO o.a.j.t.JMeterThread: Thread finished: Intake ramp 1-747
2026-10-08 22:23:12,271 INFO o.a.j.t.JMeterThread: Thread started: Intake ramp 1-925
2026-10-08 22:23:12,281 INFO o.a.j.t.JMeterThread: Thread is done: Intake ramp 1-748
2026-10-08 22:23:12,281 INFO o.a.j.t.JMeterThread: Thread finished: Intake ramp 1-748
2026-10-08 22:23:12,906 INFO o.a.j.t.JMeterThread: Thread started: Intake ramp 1-926
2026-10-08 22:23:13,527 INFO o.a.j.t.JMeterThread: Thread started: Intake ramp 1-927
2026-10-08 22:23:13,665 INFO o.a.j.t.JMeterThread: Thread started: Intake ramp 1-928
2026-10-08 22:23:15,140 INFO o.a.j.t.JMeterThread: Thread is done: Intake ramp 1-749
2026-10-08 22:23:15,140 INFO o.a.j.t.JMeterThread: Thread finished: Intake ramp 1-749
2026-10-08 22:23:16,532 INFO o.a.j.t.JMeterThread: Thread started: Intake ramp 1-929
2026-10-08 22:23:16,662 INFO o.a.j.t.JMeterThread: Thread is done: Intake ramp 1-750
2026-10-08 22:23:16,662 INFO o.a.j.t.JMeterThread: Thread finished: Intake ramp 1-750
2026-10-08 22:23:16,977 INFO o.a.j.t.JMeterThread: Thread started: Intake ramp 1-930
2026-10-08 22:23:17,726 INFO o.a.j.t.JMeterThread: Thread started: Intake ramp 1-931
2026-10-08 22:23:18,730 INFO o.a.j.t.JMeterThread: Thread started: Intake ramp 1-932
2026-10-08 22:23:18,835 INFO o.a.j.t.JMeterThread: Thread started: Intake ramp 1-933
2026-10-08 22:23:19,179 INFO o.a.j.t.JMeterThread: Thread is done: Intake ramp 1-751
2026-10-08 22:23:19,179 INFO o.a.j.t.JMeterThread: Thread finished: Intake ramp 1-751
2026-10-08 22:23:20,511 INFO o.a.j.t.JMeterThread: Thread is done: Intake ramp 1-752
2026-10-08 22:23:20,511 INFO o.a.j.t.JMeterThread: Thread finished: Intake ramp 1-752
2026-10-08 22:23:21,744 INFO o.a.j.t.JMeterThread: Thread started: Intake ramp 1-934
2026-10-08 22:23:23,545 INFO o.a.j.t.JMeterThread: Thread is done: Intake ramp 1-753
2026-10-08 22:23:23,545 INFO o.a.j.t.JMeterThread: Thread finished: Intake ramp 1-753
2026-10-08 22:23:24,282 INFO o.a.j.t.JMeterThread: Thread started: Intake ramp 1-935
2026-10-08 22:23:24,779 INFO o.a.j.t.JMeterThread: Thread started: Intake ramp 1-936
2026-10-08 22:23:25,498 INFO o.a.j.t.JMeterThread: Thread is done: Intake ramp 1-754
2026-10-08 22:23:25,498 INFO o.a.j.t.JMeterThread: Thread finished: Intake ramp 1-754
2026-10-08 22:23:26,918 INFO o.a.j.t.JMeterThread: Thread is done: Intake ramp 1-755
2026-10-08 22:23:26,918 INFO o.a.j.t.JMeterThread: Thread finished: Intake ramp 1-755
2026-10-08 22:23:27,389 INFO o.a.j.t.JMeterThread: Thread started: Intake ramp 1-937
2026-10-08 22:23:28,878 INFO o.a.j.t.JMeterThread: Thread started: Intake ramp 1-938
2026-10-08 22:23:29,625 INFO o.a.j.t.JMeterThread: Thread started: Intake ramp 1-939
2026-10-08 22:23:29,783 INFO o.a.j.t.JMeterThread: Thread started: Intake ramp 1-940
2026-10-08 22:23:30,270 INFO o.a.j.r.Summariser: summary +     13 in 00:00:30 =    0.4/s Avg: 280098 Min: 274545 Max: 285837 Err:     0 (0.00%) Active: 185 Started: 940 Finished: 755
2026-10-08 22:23:30,271 INFO o.a.j.r.Summariser: summary =    756 in 00:45:12 =    0.3/s Avg: 73780 Min:   540 Max: 285837 Err:     0 (0.00%)
2026-10-08 22:23:30,271 INFO o.a.j.t.JMeterThread: Thread is done: Intake ramp 1-756
2026-10-08 22:23:30,271 INFO o.a.j.t.JMeterThread: Thread finished: Intake ramp 1-756
2026-10-08 22:23:30,397 INFO o.a.j.t.JMeterThread: Thread started: Intake ramp 1-941
2026-10-08 22:23:31,007 INFO o.a.j.t.JMeterThread: Thread started: Intake ramp 1-942
2026-10-08 22:23:31,016 INFO o.a.j.t.JMeterThread: Thread started: Intake ramp 1-943
2026-10-08 22:23:31,398 INFO o.a.j.t.JMeterThread: Thread started: Intake ramp 1-944
2026-10-08 22:23:33,338 INFO o.a.j.t.JMeterThread: Thread started: Intake ramp 1-945
2026-10-08 22:23:33,407 INFO o.a.j.t.JMeterThread: Thread is done: Intake ramp 1-757
2026-10-08 22:23:33,407 INFO o.a.j.t.JMeterThread: Thread finished: Intake ramp 1-757
2026-10-08 22:23:34,538 INFO o.a.j.t.JMeterThread: Thread is done: Intake ramp 1-758
2026-10-08 22:23:34,538 INFO o.a.j.t.JMeterThread: Thread finished: Intake ramp 1-758
2026-10-08 22:23:36,548 INFO o.a.j.t.JMeterThread: Thread started: Intake ramp 1-946
2026-10-08 22:23:37,891 INFO o.a.j.t.JMeterThread: Thread is done: Intake ramp 1-759
2026-10-08 22:23:37,892 INFO o.a.j.t.JMeterThread: Thread finished: Intake ramp 1-759
2026-10-08 22:23:40,364 INFO o.a.j.t.JMeterThread: Thread started: Intake ramp 1-947
2026-10-08 22:23:40,384 INFO o.a.j.t.JMeterThread: Thread is done: Intake ramp 1-760
2026-10-08 22:23:40,384 INFO o.a.j.t.JMeterThread: Thread finished: Intake ramp 1-760
2026-10-08 22:23:40,439 INFO o.a.j.t.JMeterThread: Thread started: Intake ramp 1-948
2026-10-08 22:23:40,742 INFO o.a.j.t.JMeterThread: Thread started: Intake ramp 1-949
2026-10-08 22:23:42,527 INFO o.a.j.t.JMeterThread: Thread started: Intake ramp 1-950
2026-10-08 22:23:42,572 INFO o.a.j.t.JMeterThread: Thread started: Intake ramp 1-951
2026-10-08 22:23:43,051 INFO o.a.j.t.JMeterThread: Thread started: Intake ramp 1-952
2026-10-08 22:23:43,746 INFO o.a.j.t.JMeterThread: Thread started: Intake ramp 1-953
2026-10-08 22:23:43,841 INFO o.a.j.t.JMeterThread: Thread started: Intake ramp 1-954
2026-10-08 22:23:43,919 INFO o.a.j.t.JMeterThread: Thread started: Intake ramp 1-955
2026-10-08 22:23:44,151 INFO o.a.j.t.JMeterThread: Thread is done: Intake ramp 1-761
2026-10-08 22:23:44,151 INFO o.a.j.t.JMeterThread: Thread finished: Intake ramp 1-761
2026-10-08 22:23:44,822 INFO o.a.j.t.JMeterThread: Thread started: Intake ramp 1-956
2026-10-08 22:23:45,131 INFO o.a.j.t.JMeterThread: Thread started: Intake ramp 1-957
2026-10-08 22:23:45,496 INFO o.a.j.t.JMeterThread: Thread started: Intake ramp 1-958
2026-10-08 22:23:45,588 INFO o.a.j.t.JMeterThread: Thread is done: Intake ramp 1-762
2026-10-08 22:23:45,589 INFO o.a.j.t.JMeterThread: Thread finished: Intake ramp 1-762
2026-10-08 22:23:46,034 INFO o.a.j.t.JMeterThread: Thread started: Intake ramp 1-959
2026-10-08 22:23:46,903 INFO o.a.j.t.JMeterThread: Thread is done: Intake ramp 1-763
2026-10-08 22:23:46,903 INFO o.a.j.t.JMeterThread: Thread finished: Intake ramp 1-763
2026-10-08 22:23:47,944 INFO o.a.j.t.JMeterThread: Thread started: Intake ramp 1-960
2026-10-08 22:23:48,795 INFO o.a.j.t.JMeterThread: Thread is done: Intake ramp 1-764
2026-10-08 22:23:48,795 INFO o.a.j.t.JMeterThread: Thread finished: Intake ramp 1-764
2026-10-08 22:23:50,259 INFO o.a.j.t.JMeterThread: Thread is done: Intake ramp 1-765
2026-10-08 22:23:50,259 INFO o.a.j.t.JMeterThread: Thread finished: Intake ramp 1-765
2026-10-08 22:23:50,481 INFO o.a.j.t.JMeterThread: Thread started: Intake ramp 1-961
2026-10-08 22:23:50,751 INFO o.a.j.t.JMeterThread: Thread started: Intake ramp 1-962
2026-10-08 22:23:51,376 INFO o.a.j.t.JMeterThread: Thread started: Intake ramp 1-963
2026-10-08 22:23:51,716 INFO o.a.j.t.JMeterThread: Thread started: Intake ramp 1-964
2026-10-08 22:23:52,440 INFO o.a.j.t.JMeterThread: Thread is done: Intake ramp 1-766
2026-10-08 22:23:52,440 INFO o.a.j.t.JMeterThread: Thread finished: Intake ramp 1-766
2026-10-08 22:23:52,659 INFO o.a.j.t.JMeterThread: Thread started: Intake ramp 1-965
2026-10-08 22:23:54,298 INFO o.a.j.t.JMeterThread: Thread is done: Intake ramp 1-767
2026-10-08 22:23:54,298 INFO o.a.j.t.JMeterThread: Thread finished: Intake ramp 1-767
2026-10-08 22:23:54,930 INFO o.a.j.t.JMeterThread: Thread started: Intake ramp 1-966
2026-10-08 22:23:55,864 INFO o.a.j.t.JMeterThread: Thread is done: Intake ramp 1-768
2026-10-08 22:23:55,865 INFO o.a.j.t.JMeterThread: Thread finished: Intake ramp 1-768
2026-10-08 22:23:57,632 INFO o.a.j.t.JMeterThread: Thread is done: Intake ramp 1-769
2026-10-08 22:23:57,632 INFO o.a.j.t.JMeterThread: Thread finished: Intake ramp 1-769
2026-10-08 22:23:58,702 INFO o.a.j.t.JMeterThread: Thread started: Intake ramp 1-967
2026-10-08 22:23:59,536 INFO o.a.j.t.JMeterThread: Thread is done: Intake ramp 1-770
2026-10-08 22:23:59,536 INFO o.a.j.t.JMeterThread: Thread finished: Intake ramp 1-770
2026-10-08 22:24:01,840 INFO o.a.j.t.JMeterThread: Thread started: Intake ramp 1-968
2026-10-08 22:24:01,902 INFO o.a.j.t.JMeterThread: Thread started: Intake ramp 1-969
2026-10-08 22:24:03,511 INFO o.a.j.t.JMeterThread: Thread started: Intake ramp 1-970
2026-10-08 22:24:04,585 INFO o.a.j.r.Summariser: summary +     15 in 00:00:34 =    0.4/s Avg: 290472 Min: 288334 Max: 293504 Err:     0 (0.00%) Active: 200 Started: 970 Finished: 770
2026-10-08 22:24:04,585 INFO o.a.j.r.Summariser: summary =    771 in 00:45:46 =    0.3/s Avg: 77996 Min:   540 Max: 293504 Err:     0 (0.00%)
2026-10-08 22:24:04,585 INFO o.a.j.t.JMeterThread: Thread is done: Intake ramp 1-771
2026-10-08 22:24:04,585 INFO o.a.j.t.JMeterThread: Thread finished: Intake ramp 1-771
2026-10-08 22:24:05,952 INFO o.a.j.t.JMeterThread: Thread started: Intake ramp 1-971
2026-10-08 22:24:06,582 INFO o.a.j.t.JMeterThread: Thread is done: Intake ramp 1-772
2026-10-08 22:24:06,582 INFO o.a.j.t.JMeterThread: Thread finished: Intake ramp 1-772
2026-10-08 22:24:08,151 INFO o.a.j.t.JMeterThread: Thread is done: Intake ramp 1-773
2026-10-08 22:24:08,151 INFO o.a.j.t.JMeterThread: Thread finished: Intake ramp 1-773
2026-10-08 22:24:09,543 INFO o.a.j.t.JMeterThread: Thread is done: Intake ramp 1-774
2026-10-08 22:24:09,543 INFO o.a.j.t.JMeterThread: Thread finished: Intake ramp 1-774
2026-10-08 22:24:09,709 INFO o.a.j.t.JMeterThread: Thread started: Intake ramp 1-972
2026-10-08 22:24:10,548 INFO o.a.j.t.JMeterThread: Thread is done: Intake ramp 1-775
2026-10-08 22:24:10,548 INFO o.a.j.t.JMeterThread: Thread finished: Intake ramp 1-775
2026-10-08 22:24:11,146 INFO o.a.j.t.JMeterThread: Thread started: Intake ramp 1-973
2026-10-08 22:24:13,079 INFO o.a.j.t.JMeterThread: Thread started: Intake ramp 1-974
2026-10-08 22:24:14,146 INFO o.a.j.t.JMeterThread: Thread is done: Intake ramp 1-776
2026-10-08 22:24:14,146 INFO o.a.j.t.JMeterThread: Thread finished: Intake ramp 1-776
2026-10-08 22:24:16,142 INFO o.a.j.t.JMeterThread: Thread started: Intake ramp 1-975
2026-10-08 22:24:16,687 INFO o.a.j.t.JMeterThread: Thread started: Intake ramp 1-976
2026-10-08 22:24:17,751 INFO o.a.j.t.JMeterThread: Thread is done: Intake ramp 1-777
2026-10-08 22:24:17,751 INFO o.a.j.t.JMeterThread: Thread finished: Intake ramp 1-777
2026-10-08 22:24:18,093 INFO o.a.j.t.JMeterThread: Thread started: Intake ramp 1-977
2026-10-08 22:24:19,887 INFO o.a.j.t.JMeterThread: Thread is done: Intake ramp 1-778
2026-10-08 22:24:19,888 INFO o.a.j.t.JMeterThread: Thread finished: Intake ramp 1-778
2026-10-08 22:24:22,938 INFO o.a.j.t.JMeterThread: Thread started: Intake ramp 1-978
2026-10-08 22:24:23,335 INFO o.a.j.t.JMeterThread: Thread is done: Intake ramp 1-779
2026-10-08 22:24:23,335 INFO o.a.j.t.JMeterThread: Thread finished: Intake ramp 1-779
2026-10-08 22:24:24,251 INFO o.a.j.t.JMeterThread: Thread started: Intake ramp 1-979
2026-10-08 22:24:25,247 INFO o.a.j.t.JMeterThread: Thread is done: Intake ramp 1-780
2026-10-08 22:24:25,247 INFO o.a.j.t.JMeterThread: Thread finished: Intake ramp 1-780
2026-10-08 22:24:25,632 INFO o.a.j.t.JMeterThread: Thread started: Intake ramp 1-980
2026-10-08 22:24:26,387 INFO o.a.j.t.JMeterThread: Thread started: Intake ramp 1-981
2026-10-08 22:24:26,690 INFO o.a.j.t.JMeterThread: Thread is done: Intake ramp 1-781
2026-10-08 22:24:26,690 INFO o.a.j.t.JMeterThread: Thread finished: Intake ramp 1-781
2026-10-08 22:24:27,273 INFO o.a.j.t.JMeterThread: Thread started: Intake ramp 1-982
2026-10-08 22:24:28,472 INFO o.a.j.t.JMeterThread: Thread is done: Intake ramp 1-782
2026-10-08 22:24:28,472 INFO o.a.j.t.JMeterThread: Thread finished: Intake ramp 1-782
2026-10-08 22:24:28,787 INFO o.a.j.t.JMeterThread: Thread started: Intake ramp 1-983
2026-10-08 22:24:29,637 INFO o.a.j.t.JMeterThread: Thread started: Intake ramp 1-984
2026-10-08 22:24:30,633 INFO o.a.j.r.Summariser: summary +     12 in 00:00:26 =    0.5/s Avg: 297519 Min: 293765 Max: 302279 Err:     0 (0.00%) Active: 202 Started: 984 Finished: 782
2026-10-08 22:24:30,633 INFO o.a.j.r.Summariser: summary =    783 in 00:46:12 =    0.3/s Avg: 81360 Min:   540 Max: 302279 Err:     0 (0.00%)
2026-10-08 22:24:30,633 INFO o.a.j.t.JMeterThread: Thread is done: Intake ramp 1-783
2026-10-08 22:24:30,633 INFO o.a.j.t.JMeterThread: Thread finished: Intake ramp 1-783
2026-10-08 22:24:31,830 INFO o.a.j.t.JMeterThread: Thread started: Intake ramp 1-985
2026-10-08 22:24:31,835 INFO o.a.j.t.JMeterThread: Thread is done: Intake ramp 1-784
2026-10-08 22:24:31,835 INFO o.a.j.t.JMeterThread: Thread finished: Intake ramp 1-784
2026-10-08 22:24:33,494 INFO o.a.j.t.JMeterThread: Thread is done: Intake ramp 1-785
2026-10-08 22:24:33,494 INFO o.a.j.t.JMeterThread: Thread finished: Intake ramp 1-785
2026-10-08 22:24:33,967 INFO o.a.j.t.JMeterThread: Thread started: Intake ramp 1-986
2026-10-08 22:24:34,530 INFO o.a.j.t.JMeterThread: Thread started: Intake ramp 1-987
2026-10-08 22:24:35,043 INFO o.a.j.t.JMeterThread: Thread is done: Intake ramp 1-786
2026-10-08 22:24:35,043 INFO o.a.j.t.JMeterThread: Thread finished: Intake ramp 1-786
2026-10-08 22:24:36,637 INFO o.a.j.t.JMeterThread: Thread is done: Intake ramp 1-787
2026-10-08 22:24:36,637 INFO o.a.j.t.JMeterThread: Thread finished: Intake ramp 1-787
2026-10-08 22:24:37,524 INFO o.a.j.t.JMeterThread: Thread started: Intake ramp 1-988
2026-10-08 22:24:39,310 INFO o.a.j.t.JMeterThread: Thread started: Intake ramp 1-989
2026-10-08 22:24:39,403 INFO o.a.j.t.JMeterThread: Thread is done: Intake ramp 1-788
2026-10-08 22:24:39,403 INFO o.a.j.t.JMeterThread: Thread finished: Intake ramp 1-788
2026-10-08 22:24:40,748 INFO o.a.j.t.JMeterThread: Thread started: Intake ramp 1-990
2026-10-08 22:24:41,986 INFO o.a.j.t.JMeterThread: Thread is done: Intake ramp 1-789
2026-10-08 22:24:41,986 INFO o.a.j.t.JMeterThread: Thread finished: Intake ramp 1-789
2026-10-08 22:24:43,698 INFO o.a.j.t.JMeterThread: Thread is done: Intake ramp 1-790
2026-10-08 22:24:43,698 INFO o.a.j.t.JMeterThread: Thread finished: Intake ramp 1-790
2026-10-08 22:24:45,338 INFO o.a.j.t.JMeterThread: Thread is done: Intake ramp 1-791
2026-10-08 22:24:45,338 INFO o.a.j.t.JMeterThread: Thread finished: Intake ramp 1-791
2026-10-08 22:24:46,509 INFO o.a.j.t.JMeterThread: Thread started: Intake ramp 1-991
2026-10-08 22:24:46,755 INFO o.a.j.t.JMeterThread: Thread started: Intake ramp 1-992
2026-10-08 22:24:48,985 INFO o.a.j.t.JMeterThread: Thread started: Intake ramp 1-993
2026-10-08 22:24:49,751 INFO o.a.j.t.JMeterThread: Thread is done: Intake ramp 1-792
2026-10-08 22:24:49,751 INFO o.a.j.t.JMeterThread: Thread finished: Intake ramp 1-792
2026-10-08 22:24:50,198 INFO o.a.j.t.JMeterThread: Thread started: Intake ramp 1-994
2026-10-08 22:24:51,106 INFO o.a.j.t.JMeterThread: Thread is done: Intake ramp 1-793
2026-10-08 22:24:51,106 INFO o.a.j.t.JMeterThread: Thread finished: Intake ramp 1-793
2026-10-08 22:24:52,170 INFO o.a.j.t.JMeterThread: Thread started: Intake ramp 1-995
2026-10-08 22:24:52,630 INFO o.a.j.t.JMeterThread: Thread started: Intake ramp 1-996
2026-10-08 22:24:53,797 INFO o.a.j.t.JMeterThread: Thread started: Intake ramp 1-997
2026-10-08 22:24:54,902 INFO o.a.j.t.JMeterThread: Thread started: Intake ramp 1-998
2026-10-08 22:24:55,612 INFO o.a.j.t.JMeterThread: Thread is done: Intake ramp 1-794
2026-10-08 22:24:55,612 INFO o.a.j.t.JMeterThread: Thread finished: Intake ramp 1-794
2026-10-08 22:24:56,570 INFO o.a.j.t.JMeterThread: Thread started: Intake ramp 1-999
2026-10-08 22:24:57,205 INFO o.a.j.t.JMeterThread: Thread started: Intake ramp 1-1000
2026-10-08 22:24:57,537 INFO o.a.j.t.JMeterThread: Thread is done: Intake ramp 1-795
2026-10-08 22:24:57,537 INFO o.a.j.t.JMeterThread: Thread finished: Intake ramp 1-795
2026-10-08 22:24:58,968 INFO o.a.j.t.JMeterThread: Thread started: Intake ramp 1-1001
2026-10-08 22:24:59,568 INFO o.a.j.t.JMeterThread: Thread started: Intake ramp 1-1002
2026-10-08 22:24:59,747 INFO o.a.j.t.JMeterThread: Thread is done: Intake ramp 1-796
2026-10-08 22:24:59,747 INFO o.a.j.t.JMeterThread: Thread finished: Intake ramp 1-796
2026-10-08 22:25:01,680 INFO o.a.j.r.Summariser: summary +     14 in 00:00:31 =    0.5/s Avg: 302204 Min: 298558 Max: 304787 Err:     0 (0.00%) Active: 206 Started: 1002 Finished: 796
2026-10-08 22:25:01,680 INFO o.a.j.r.Summariser: summary =    797 in 00:46:43 =    0.3/s Avg: 85240 Min:   540 Max: 304787 Err:     0 (0.00%)
2026-10-08 22:25:01,681 INFO o.a.j.t.JMeterThread: Thread is done: Intake ramp 1-797
2026-10-08 22:25:01,681 INFO o.a.j.t.JMeterThread: Thread finished: Intake ramp 1-797
2026-10-08 22:25:02,418 INFO o.a.j.t.JMeterThread: Thread started: Intake ramp 1-1003
2026-10-08 22:25:03,619 INFO o.a.j.t.JMeterThread: Thread started: Intake ramp 1-1004
2026-10-08 22:25:03,922 INFO o.a.j.t.JMeterThread: Thread is done: Intake ramp 1-798
2026-10-08 22:25:03,922 INFO o.a.j.t.JMeterThread: Thread finished: Intake ramp 1-798
2026-10-08 22:25:06,656 INFO o.a.j.t.JMeterThread: Thread is done: Intake ramp 1-799
2026-10-08 22:25:06,656 INFO o.a.j.t.JMeterThread: Thread finished: Intake ramp 1-799
2026-10-08 22:25:09,467 INFO o.a.j.t.JMeterThread: Thread started: Intake ramp 1-1005
2026-10-08 22:25:10,966 INFO o.a.j.t.JMeterThread: Thread is done: Intake ramp 1-800
2026-10-08 22:25:10,966 INFO o.a.j.t.JMeterThread: Thread finished: Intake ramp 1-800
2026-10-08 22:25:14,294 INFO o.a.j.t.JMeterThread: Thread is done: Intake ramp 1-801
2026-10-08 22:25:14,294 INFO o.a.j.t.JMeterThread: Thread finished: Intake ramp 1-801
2026-10-08 22:25:14,988 INFO o.a.j.t.JMeterThread: Thread started: Intake ramp 1-1006
2026-10-08 22:25:15,528 INFO o.a.j.t.JMeterThread: Thread started: Intake ramp 1-1007
2026-10-08 22:25:16,264 INFO o.a.j.t.JMeterThread: Thread is done: Intake ramp 1-802
2026-10-08 22:25:16,264 INFO o.a.j.t.JMeterThread: Thread finished: Intake ramp 1-802
2026-10-08 22:25:16,746 INFO o.a.j.t.JMeterThread: Thread started: Intake ramp 1-1008
2026-10-08 22:25:16,781 INFO o.a.j.t.JMeterThread: Thread started: Intake ramp 1-1009
2026-10-08 22:25:17,319 INFO o.a.j.t.JMeterThread: Thread started: Intake ramp 1-1010
2026-10-08 22:25:18,105 INFO o.a.j.t.JMeterThread: Thread started: Intake ramp 1-1011
2026-10-08 22:25:18,780 INFO o.a.j.t.JMeterThread: Thread is done: Intake ramp 1-803
2026-10-08 22:25:18,780 INFO o.a.j.t.JMeterThread: Thread finished: Intake ramp 1-803
2026-10-08 22:25:19,751 INFO o.a.j.t.JMeterThread: Thread started: Intake ramp 1-1012
2026-10-08 22:25:21,514 INFO o.a.j.t.JMeterThread: Thread is done: Intake ramp 1-804
2026-10-08 22:25:21,514 INFO o.a.j.t.JMeterThread: Thread finished: Intake ramp 1-804
2026-10-08 22:25:21,825 INFO o.a.j.t.JMeterThread: Thread started: Intake ramp 1-1013
2026-10-08 22:25:21,972 INFO o.a.j.t.JMeterThread: Thread started: Intake ramp 1-1014
2026-10-08 22:25:23,610 INFO o.a.j.t.JMeterThread: Thread is done: Intake ramp 1-805
2026-10-08 22:25:23,610 INFO o.a.j.t.JMeterThread: Thread finished: Intake ramp 1-805
2026-10-08 22:25:26,210 INFO o.a.j.t.JMeterThread: Thread started: Intake ramp 1-1015
2026-10-08 22:25:26,418 INFO o.a.j.t.JMeterThread: Thread started: Intake ramp 1-1016
2026-10-08 22:25:27,486 INFO o.a.j.t.JMeterThread: Thread started: Intake ramp 1-1017
2026-10-08 22:25:28,379 INFO o.a.j.t.JMeterThread: Thread is done: Intake ramp 1-806
2026-10-08 22:25:28,379 INFO o.a.j.t.JMeterThread: Thread finished: Intake ramp 1-806
2026-10-08 22:25:28,852 INFO o.a.j.t.JMeterThread: Thread started: Intake ramp 1-1018
2026-10-08 22:25:29,717 INFO o.a.j.t.JMeterThread: Thread is done: Intake ramp 1-807
2026-10-08 22:25:29,717 INFO o.a.j.t.JMeterThread: Thread finished: Intake ramp 1-807
2026-10-08 22:25:30,226 INFO o.a.j.t.JMeterThread: Thread started: Intake ramp 1-1019
2026-10-08 22:25:30,417 INFO o.a.j.t.JMeterThread: Thread started: Intake ramp 1-1020
2026-10-08 22:25:31,036 INFO o.a.j.r.Summariser: summary +     11 in 00:00:29 =    0.4/s Avg: 311226 Min: 300042 Max: 319106 Err:     0 (0.00%) Active: 213 Started: 1020 Finished: 807
2026-10-08 22:25:31,037 INFO o.a.j.r.Summariser: summary =    808 in 00:47:13 =    0.3/s Avg: 88316 Min:   540 Max: 319106 Err:     0 (0.00%)
2026-10-08 22:25:31,037 INFO o.a.j.t.JMeterThread: Thread is done: Intake ramp 1-808
2026-10-08 22:25:31,037 INFO o.a.j.t.JMeterThread: Thread finished: Intake ramp 1-808
2026-10-08 22:25:31,346 INFO o.a.j.t.JMeterThread: Thread started: Intake ramp 1-1021
2026-10-08 22:25:33,311 INFO o.a.j.t.JMeterThread: Thread is done: Intake ramp 1-809
2026-10-08 22:25:33,311 INFO o.a.j.t.JMeterThread: Thread finished: Intake ramp 1-809
2026-10-08 22:25:35,083 INFO o.a.j.t.JMeterThread: Thread started: Intake ramp 1-1022
2026-10-08 22:25:35,579 INFO o.a.j.t.JMeterThread: Thread is done: Intake ramp 1-810
2026-10-08 22:25:35,579 INFO o.a.j.t.JMeterThread: Thread finished: Intake ramp 1-810
2026-10-08 22:25:36,717 INFO o.a.j.t.JMeterThread: Thread started: Intake ramp 1-1023
2026-10-08 22:25:38,032 INFO o.a.j.t.JMeterThread: Thread started: Intake ramp 1-1024
2026-10-08 22:25:39,825 INFO o.a.j.t.JMeterThread: Thread is done: Intake ramp 1-811
2026-10-08 22:25:39,825 INFO o.a.j.t.JMeterThread: Thread finished: Intake ramp 1-811
2026-10-08 22:25:40,220 INFO o.a.j.t.JMeterThread: Thread started: Intake ramp 1-1025
2026-10-08 22:25:41,823 INFO o.a.j.t.JMeterThread: Thread started: Intake ramp 1-1026
2026-10-08 22:25:42,340 INFO o.a.j.t.JMeterThread: Thread started: Intake ramp 1-1027
2026-10-08 22:25:42,445 INFO o.a.j.t.JMeterThread: Thread is done: Intake ramp 1-812
2026-10-08 22:25:42,445 INFO o.a.j.t.JMeterThread: Thread finished: Intake ramp 1-812
2026-10-08 22:25:42,635 INFO o.a.j.t.JMeterThread: Thread started: Intake ramp 1-1028
2026-10-08 22:25:43,529 INFO o.a.j.t.JMeterThread: Thread is done: Intake ramp 1-813
2026-10-08 22:25:43,529 INFO o.a.j.t.JMeterThread: Thread finished: Intake ramp 1-813
2026-10-08 22:25:43,993 INFO o.a.j.t.JMeterThread: Thread started: Intake ramp 1-1029
2026-10-08 22:25:44,858 INFO o.a.j.t.JMeterThread: Thread started: Intake ramp 1-1030
2026-10-08 22:25:45,205 INFO o.a.j.t.JMeterThread: Thread is done: Intake ramp 1-814
2026-10-08 22:25:45,205 INFO o.a.j.t.JMeterThread: Thread finished: Intake ramp 1-814
2026-10-08 22:25:47,281 INFO o.a.j.t.JMeterThread: Thread started: Intake ramp 1-1031
2026-10-08 22:25:48,106 INFO o.a.j.t.JMeterThread: Thread is done: Intake ramp 1-815
2026-10-08 22:25:48,106 INFO o.a.j.t.JMeterThread: Thread finished: Intake ramp 1-815
2026-10-08 22:25:48,150 INFO o.a.j.t.JMeterThread: Thread started: Intake ramp 1-1032
2026-10-08 22:25:49,525 INFO o.a.j.t.JMeterThread: Thread started: Intake ramp 1-1033
2026-10-08 22:25:51,294 INFO o.a.j.t.JMeterThread: Thread is done: Intake ramp 1-816
2026-10-08 22:25:51,294 INFO o.a.j.t.JMeterThread: Thread finished: Intake ramp 1-816
2026-10-08 22:25:52,047 INFO o.a.j.t.JMeterThread: Thread started: Intake ramp 1-1034
2026-10-08 22:25:52,438 INFO o.a.j.t.JMeterThread: Thread started: Intake ramp 1-1035
2026-10-08 22:25:53,795 INFO o.a.j.t.JMeterThread: Thread is done: Intake ramp 1-817
2026-10-08 22:25:53,796 INFO o.a.j.t.JMeterThread: Thread finished: Intake ramp 1-817
2026-10-08 22:25:55,160 INFO o.a.j.t.JMeterThread: Thread is done: Intake ramp 1-818
2026-10-08 22:25:55,160 INFO o.a.j.t.JMeterThread: Thread finished: Intake ramp 1-818
2026-10-08 22:25:57,114 INFO o.a.j.t.JMeterThread: Thread started: Intake ramp 1-1036
2026-10-08 22:25:57,254 INFO o.a.j.t.JMeterThread: Thread started: Intake ramp 1-1037
2026-10-08 22:25:57,410 INFO o.a.j.t.JMeterThread: Thread is done: Intake ramp 1-819
2026-10-08 22:25:57,410 INFO o.a.j.t.JMeterThread: Thread finished: Intake ramp 1-819
2026-10-08 22:25:58,526 INFO o.a.j.t.JMeterThread: Thread started: Intake ramp 1-1038
2026-10-08 22:25:58,561 INFO o.a.j.t.JMeterThread: Thread started: Intake ramp 1-1039
2026-10-08 22:25:58,714 INFO o.a.j.t.JMeterThread: Thread is done: Intake ramp 1-820
2026-10-08 22:25:58,714 INFO o.a.j.t.JMeterThread: Thread finished: Intake ramp 1-820
2026-10-08 22:26:01,456 INFO o.a.j.r.Summariser: summary +     13 in 00:00:30 =    0.4/s Avg: 325386 Min: 321369 Max: 328749 Err:     0 (0.00%) Active: 219 Started: 1039 Finished: 820
2026-10-08 22:26:01,457 INFO o.a.j.r.Summariser: summary =    821 in 00:47:43 =    0.3/s Avg: 92070 Min:   540 Max: 328749 Err:     0 (0.00%)
2026-10-08 22:26:01,459 INFO o.a.j.t.JMeterThread: Thread is done: Intake ramp 1-821
2026-10-08 22:26:01,459 INFO o.a.j.t.JMeterThread: Thread finished: Intake ramp 1-821
2026-10-08 22:26:01,584 INFO o.a.j.t.JMeterThread: Thread started: Intake ramp 1-1040
2026-10-08 22:26:01,823 INFO o.a.j.t.JMeterThread: Thread started: Intake ramp 1-1041
2026-10-08 22:26:02,955 INFO o.a.j.t.JMeterThread: Thread started: Intake ramp 1-1042
2026-10-08 22:26:03,853 INFO o.a.j.t.JMeterThread: Thread started: Intake ramp 1-1043
2026-10-08 22:26:03,916 INFO o.a.j.t.JMeterThread: Thread is done: Intake ramp 1-822
2026-10-08 22:26:03,916 INFO o.a.j.t.JMeterThread: Thread finished: Intake ramp 1-822
2026-10-08 22:26:05,889 INFO o.a.j.t.JMeterThread: Thread is done: Intake ramp 1-823
2026-10-08 22:26:05,889 INFO o.a.j.t.JMeterThread: Thread finished: Intake ramp 1-823
2026-10-08 22:26:06,955 INFO o.a.j.t.JMeterThread: Thread is done: Intake ramp 1-824
2026-10-08 22:26:06,955 INFO o.a.j.t.JMeterThread: Thread finished: Intake ramp 1-824
2026-10-08 22:26:07,419 INFO o.a.j.t.JMeterThread: Thread started: Intake ramp 1-1044
2026-10-08 22:26:07,571 INFO o.a.j.t.JMeterThread: Thread started: Intake ramp 1-1045
2026-10-08 22:26:08,227 INFO o.a.j.t.JMeterThread: Thread is done: Intake ramp 1-825
2026-10-08 22:26:08,227 INFO o.a.j.t.JMeterThread: Thread finished: Intake ramp 1-825
2026-10-08 22:26:10,247 INFO o.a.j.t.JMeterThread: Thread started: Intake ramp 1-1046
2026-10-08 22:26:10,247 INFO o.a.j.t.JMeterThread: Thread started: Intake ramp 1-1047
2026-10-08 22:26:10,462 INFO o.a.j.t.JMeterThread: Thread started: Intake ramp 1-1048
2026-10-08 22:26:11,024 INFO o.a.j.t.JMeterThread: Thread is done: Intake ramp 1-826
2026-10-08 22:26:11,024 INFO o.a.j.t.JMeterThread: Thread finished: Intake ramp 1-826
2026-10-08 22:26:11,478 INFO o.a.j.t.JMeterThread: Thread started: Intake ramp 1-1049
2026-10-08 22:26:12,096 INFO o.a.j.t.JMeterThread: Thread started: Intake ramp 1-1050
2026-10-08 22:26:14,411 INFO o.a.j.t.JMeterThread: Thread started: Intake ramp 1-1051
2026-10-08 22:26:16,320 INFO o.a.j.t.JMeterThread: Thread is done: Intake ramp 1-827
2026-10-08 22:26:16,320 INFO o.a.j.t.JMeterThread: Thread finished: Intake ramp 1-827
2026-10-08 22:26:16,657 INFO o.a.j.t.JMeterThread: Thread started: Intake ramp 1-1052
2026-10-08 22:26:17,587 INFO o.a.j.t.JMeterThread: Thread started: Intake ramp 1-1053
2026-10-08 22:26:17,626 INFO o.a.j.t.JMeterThread: Thread started: Intake ramp 1-1054
2026-10-08 22:26:17,626 INFO o.a.j.t.JMeterThread: Thread is done: Intake ramp 1-828
2026-10-08 22:26:17,626 INFO o.a.j.t.JMeterThread: Thread finished: Intake ramp 1-828
2026-10-08 22:26:19,003 INFO o.a.j.t.JMeterThread: Thread is done: Intake ramp 1-829
2026-10-08 22:26:19,003 INFO o.a.j.t.JMeterThread: Thread finished: Intake ramp 1-829
2026-10-08 22:26:21,143 INFO o.a.j.t.JMeterThread: Thread started: Intake ramp 1-1055
2026-10-08 22:26:21,990 INFO o.a.j.t.JMeterThread: Thread started: Intake ramp 1-1056
2026-10-08 22:26:22,278 INFO o.a.j.t.JMeterThread: Thread is done: Intake ramp 1-830
2026-10-08 22:26:22,278 INFO o.a.j.t.JMeterThread: Thread finished: Intake ramp 1-830
2026-10-08 22:26:22,295 INFO o.a.j.t.JMeterThread: Thread started: Intake ramp 1-1057
2026-10-08 22:26:25,977 INFO o.a.j.t.JMeterThread: Thread is done: Intake ramp 1-831
2026-10-08 22:26:25,977 INFO o.a.j.t.JMeterThread: Thread finished: Intake ramp 1-831
2026-10-08 22:26:26,546 INFO o.a.j.t.JMeterThread: Thread started: Intake ramp 1-1058
2026-10-08 22:26:27,370 INFO o.a.j.t.JMeterThread: Thread started: Intake ramp 1-1059
2026-10-08 22:26:27,642 INFO o.a.j.t.JMeterThread: Thread started: Intake ramp 1-1060
2026-10-08 22:26:28,658 INFO o.a.j.t.JMeterThread: Thread started: Intake ramp 1-1061
2026-10-08 22:26:30,795 INFO o.a.j.r.Summariser: summary +     11 in 00:00:29 =    0.4/s Avg: 329271 Min: 325502 Max: 333270 Err:     0 (0.00%) Active: 230 Started: 1061 Finished: 831
2026-10-08 22:26:30,797 INFO o.a.j.r.Summariser: summary =    832 in 00:48:12 =    0.3/s Avg: 95206 Min:   540 Max: 333270 Err:     0 (0.00%)
2026-10-08 22:26:30,798 INFO o.a.j.t.JMeterThread: Thread is done: Intake ramp 1-832
2026-10-08 22:26:30,798 INFO o.a.j.t.JMeterThread: Thread finished: Intake ramp 1-832
2026-10-08 22:26:32,504 INFO o.a.j.t.JMeterThread: Thread started: Intake ramp 1-1062
2026-10-08 22:26:32,857 INFO o.a.j.t.JMeterThread: Thread is done: Intake ramp 1-833
2026-10-08 22:26:32,857 INFO o.a.j.t.JMeterThread: Thread finished: Intake ramp 1-833
2026-10-08 22:26:34,150 INFO o.a.j.t.JMeterThread: Thread started: Intake ramp 1-1063
2026-10-08 22:26:34,416 INFO o.a.j.t.JMeterThread: Thread started: Intake ramp 1-1064
2026-10-08 22:26:35,361 INFO o.a.j.t.JMeterThread: Thread is done: Intake ramp 1-834
2026-10-08 22:26:35,361 INFO o.a.j.t.JMeterThread: Thread finished: Intake ramp 1-834
2026-10-08 22:26:36,719 INFO o.a.j.t.JMeterThread: Thread is done: Intake ramp 1-835
2026-10-08 22:26:36,719 INFO o.a.j.t.JMeterThread: Thread finished: Intake ramp 1-835
2026-10-08 22:26:36,963 INFO o.a.j.t.JMeterThread: Thread started: Intake ramp 1-1065
2026-10-08 22:26:37,249 INFO o.a.j.t.JMeterThread: Thread started: Intake ramp 1-1066
2026-10-08 22:26:39,642 INFO o.a.j.t.JMeterThread: Thread started: Intake ramp 1-1067
2026-10-08 22:26:39,691 INFO o.a.j.t.JMeterThread: Thread is done: Intake ramp 1-836
2026-10-08 22:26:39,691 INFO o.a.j.t.JMeterThread: Thread finished: Intake ramp 1-836
2026-10-08 22:26:41,136 INFO o.a.j.t.JMeterThread: Thread is done: Intake ramp 1-837
2026-10-08 22:26:41,136 INFO o.a.j.t.JMeterThread: Thread finished: Intake ramp 1-837
2026-10-08 22:26:42,414 INFO o.a.j.t.JMeterThread: Thread is done: Intake ramp 1-838
2026-10-08 22:26:42,414 INFO o.a.j.t.JMeterThread: Thread finished: Intake ramp 1-838
2026-10-08 22:26:42,885 INFO o.a.j.t.JMeterThread: Thread started: Intake ramp 1-1068
2026-10-08 22:26:44,237 INFO o.a.j.t.JMeterThread: Thread is done: Intake ramp 1-839
2026-10-08 22:26:44,237 INFO o.a.j.t.JMeterThread: Thread finished: Intake ramp 1-839
2026-10-08 22:26:45,315 INFO o.a.j.t.JMeterThread: Thread is done: Intake ramp 1-840
2026-10-08 22:26:45,315 INFO o.a.j.t.JMeterThread: Thread finished: Intake ramp 1-840
2026-10-08 22:26:45,589 INFO o.a.j.t.JMeterThread: Thread started: Intake ramp 1-1069
2026-10-08 22:26:46,176 INFO o.a.j.t.JMeterThread: Thread started: Intake ramp 1-1070
2026-10-08 22:26:46,695 INFO o.a.j.t.JMeterThread: Thread is done: Intake ramp 1-841
2026-10-08 22:26:46,695 INFO o.a.j.t.JMeterThread: Thread finished: Intake ramp 1-841
2026-10-08 22:26:48,560 INFO o.a.j.t.JMeterThread: Thread is done: Intake ramp 1-842
2026-10-08 22:26:48,560 INFO o.a.j.t.JMeterThread: Thread finished: Intake ramp 1-842
2026-10-08 22:26:49,880 INFO o.a.j.t.JMeterThread: Thread is done: Intake ramp 1-843
2026-10-08 22:26:49,880 INFO o.a.j.t.JMeterThread: Thread finished: Intake ramp 1-843
2026-10-08 22:26:50,210 INFO o.a.j.t.JMeterThread: Thread started: Intake ramp 1-1071
2026-10-08 22:26:50,218 INFO o.a.j.t.JMeterThread: Thread started: Intake ramp 1-1072
2026-10-08 22:26:52,017 INFO o.a.j.t.JMeterThread: Thread is done: Intake ramp 1-844
2026-10-08 22:26:52,017 INFO o.a.j.t.JMeterThread: Thread finished: Intake ramp 1-844
2026-10-08 22:26:54,044 INFO o.a.j.t.JMeterThread: Thread is done: Intake ramp 1-845
2026-10-08 22:26:54,044 INFO o.a.j.t.JMeterThread: Thread finished: Intake ramp 1-845
2026-10-08 22:26:55,220 INFO o.a.j.t.JMeterThread: Thread started: Intake ramp 1-1073
2026-10-08 22:26:55,431 INFO o.a.j.t.JMeterThread: Thread started: Intake ramp 1-1074
2026-10-08 22:26:55,509 INFO o.a.j.t.JMeterThread: Thread is done: Intake ramp 1-846
2026-10-08 22:26:55,509 INFO o.a.j.t.JMeterThread: Thread finished: Intake ramp 1-846
2026-10-08 22:26:55,624 INFO o.a.j.t.JMeterThread: Thread started: Intake ramp 1-1075
2026-10-08 22:26:56,328 INFO o.a.j.t.JMeterThread: Thread started: Intake ramp 1-1076
2026-10-08 22:26:56,735 INFO o.a.j.t.JMeterThread: Thread is done: Intake ramp 1-847
2026-10-08 22:26:56,735 INFO o.a.j.t.JMeterThread: Thread finished: Intake ramp 1-847
2026-10-08 22:26:58,446 INFO o.a.j.t.JMeterThread: Thread is done: Intake ramp 1-848
2026-10-08 22:26:58,446 INFO o.a.j.t.JMeterThread: Thread finished: Intake ramp 1-848
2026-10-08 22:26:59,284 INFO o.a.j.t.JMeterThread: Thread started: Intake ramp 1-1077
2026-10-08 22:27:00,334 INFO o.a.j.t.JMeterThread: Thread started: Intake ramp 1-1078
2026-10-08 22:27:00,872 INFO o.a.j.r.Summariser: summary +     17 in 00:00:30 =    0.6/s Avg: 333256 Min: 329708 Max: 335639 Err:     0 (0.00%) Active: 230 Started: 1078 Finished: 848
2026-10-08 22:27:00,873 INFO o.a.j.r.Summariser: summary =    849 in 00:48:42 =    0.3/s Avg: 99973 Min:   540 Max: 335639 Err:     0 (0.00%)
2026-10-08 22:27:00,873 INFO o.a.j.t.JMeterThread: Thread is done: Intake ramp 1-849
2026-10-08 22:27:00,873 INFO o.a.j.t.JMeterThread: Thread finished: Intake ramp 1-849
2026-10-08 22:27:01,283 INFO o.a.j.t.JMeterThread: Thread started: Intake ramp 1-1079
2026-10-08 22:27:02,093 INFO o.a.j.t.JMeterThread: Thread started: Intake ramp 1-1080
2026-10-08 22:27:02,692 INFO o.a.j.t.JMeterThread: Thread is done: Intake ramp 1-850
2026-10-08 22:27:02,692 INFO o.a.j.t.JMeterThread: Thread finished: Intake ramp 1-850
2026-10-08 22:27:04,561 INFO o.a.j.t.JMeterThread: Thread started: Intake ramp 1-1081
2026-10-08 22:27:05,079 INFO o.a.j.t.JMeterThread: Thread is done: Intake ramp 1-851
2026-10-08 22:27:05,079 INFO o.a.j.t.JMeterThread: Thread finished: Intake ramp 1-851
2026-10-08 22:27:05,651 INFO o.a.j.t.JMeterThread: Thread started: Intake ramp 1-1082
2026-10-08 22:27:06,015 INFO o.a.j.t.JMeterThread: Thread started: Intake ramp 1-1083
2026-10-08 22:27:08,153 INFO o.a.j.t.JMeterThread: Thread is done: Intake ramp 1-852
2026-10-08 22:27:08,153 INFO o.a.j.t.JMeterThread: Thread finished: Intake ramp 1-852
2026-10-08 22:27:10,761 INFO o.a.j.t.JMeterThread: Thread is done: Intake ramp 1-853
2026-10-08 22:27:10,761 INFO o.a.j.t.JMeterThread: Thread finished: Intake ramp 1-853
2026-10-08 22:27:10,864 INFO o.a.j.t.JMeterThread: Thread started: Intake ramp 1-1084
2026-10-08 22:27:12,366 INFO o.a.j.t.JMeterThread: Thread is done: Intake ramp 1-854
2026-10-08 22:27:12,366 INFO o.a.j.t.JMeterThread: Thread finished: Intake ramp 1-854
2026-10-08 22:27:12,412 INFO o.a.j.t.JMeterThread: Thread started: Intake ramp 1-1085
2026-10-08 22:27:13,267 INFO o.a.j.t.JMeterThread: Thread started: Intake ramp 1-1086
2026-10-08 22:27:13,359 INFO o.a.j.t.JMeterThread: Thread started: Intake ramp 1-1087
2026-10-08 22:27:14,258 INFO o.a.j.t.JMeterThread: Thread started: Intake ramp 1-1088
2026-10-08 22:27:14,546 INFO o.a.j.t.JMeterThread: Thread is done: Intake ramp 1-855
2026-10-08 22:27:14,546 INFO o.a.j.t.JMeterThread: Thread finished: Intake ramp 1-855
2026-10-08 22:27:15,335 INFO o.a.j.t.JMeterThread: Thread started: Intake ramp 1-1089
2026-10-08 22:27:16,072 INFO o.a.j.t.JMeterThread: Thread started: Intake ramp 1-1090
2026-10-08 22:27:16,713 INFO o.a.j.t.JMeterThread: Thread is done: Intake ramp 1-856
2026-10-08 22:27:16,713 INFO o.a.j.t.JMeterThread: Thread finished: Intake ramp 1-856
2026-10-08 22:27:18,679 INFO o.a.j.t.JMeterThread: Thread is done: Intake ramp 1-857
2026-10-08 22:27:18,679 INFO o.a.j.t.JMeterThread: Thread finished: Intake ramp 1-857
2026-10-08 22:27:19,282 INFO o.a.j.t.JMeterThread: Thread started: Intake ramp 1-1091
2026-10-08 22:27:19,626 INFO o.a.j.t.JMeterThread: Thread started: Intake ramp 1-1092
2026-10-08 22:27:20,799 INFO o.a.j.t.JMeterThread: Thread is done: Intake ramp 1-858
2026-10-08 22:27:20,799 INFO o.a.j.t.JMeterThread: Thread finished: Intake ramp 1-858
2026-10-08 22:27:21,754 INFO o.a.j.t.JMeterThread: Thread started: Intake ramp 1-1093
2026-10-08 22:27:23,235 INFO o.a.j.t.JMeterThread: Thread started: Intake ramp 1-1094
2026-10-08 22:27:23,886 INFO o.a.j.t.JMeterThread: Thread started: Intake ramp 1-1095
2026-10-08 22:27:25,523 INFO o.a.j.t.JMeterThread: Thread is done: Intake ramp 1-859
2026-10-08 22:27:25,523 INFO o.a.j.t.JMeterThread: Thread finished: Intake ramp 1-859
2026-10-08 22:27:26,720 INFO o.a.j.t.JMeterThread: Thread started: Intake ramp 1-1096
2026-10-08 22:27:27,672 INFO o.a.j.t.JMeterThread: Thread is done: Intake ramp 1-860
2026-10-08 22:27:27,672 INFO o.a.j.t.JMeterThread: Thread finished: Intake ramp 1-860
2026-10-08 22:27:29,216 INFO o.a.j.t.JMeterThread: Thread started: Intake ramp 1-1097
2026-10-08 22:27:29,746 INFO o.a.j.t.JMeterThread: Thread started: Intake ramp 1-1098
2026-10-08 22:27:29,941 INFO o.a.j.t.JMeterThread: Thread is done: Intake ramp 1-861
2026-10-08 22:27:29,942 INFO o.a.j.t.JMeterThread: Thread finished: Intake ramp 1-861
2026-10-08 22:27:31,447 INFO o.a.j.t.JMeterThread: Thread started: Intake ramp 1-1099
2026-10-08 22:27:31,470 INFO o.a.j.r.Summariser: summary +     13 in 00:00:31 =    0.4/s Avg: 345759 Min: 337058 Max: 354419 Err:     0 (0.00%) Active: 238 Started: 1099 Finished: 861
2026-10-08 22:27:31,471 INFO o.a.j.r.Summariser: summary =    862 in 00:49:13 =    0.3/s Avg: 103679 Min:   540 Max: 354419 Err:     0 (0.00%)
2026-10-08 22:27:31,471 INFO o.a.j.t.JMeterThread: Thread is done: Intake ramp 1-862
2026-10-08 22:27:31,471 INFO o.a.j.t.JMeterThread: Thread finished: Intake ramp 1-862
2026-10-08 22:27:33,012 INFO o.a.j.t.JMeterThread: Thread is done: Intake ramp 1-863
2026-10-08 22:27:33,012 INFO o.a.j.t.JMeterThread: Thread finished: Intake ramp 1-863
2026-10-08 22:27:34,125 INFO o.a.j.t.JMeterThread: Thread started: Intake ramp 1-1100
2026-10-08 22:27:34,459 INFO o.a.j.t.JMeterThread: Thread is done: Intake ramp 1-864
2026-10-08 22:27:34,459 INFO o.a.j.t.JMeterThread: Thread finished: Intake ramp 1-864
2026-10-08 22:27:36,164 INFO o.a.j.t.JMeterThread: Thread started: Intake ramp 1-1101
2026-10-08 22:27:37,039 INFO o.a.j.t.JMeterThread: Thread is done: Intake ramp 1-865
2026-10-08 22:27:37,039 INFO o.a.j.t.JMeterThread: Thread finished: Intake ramp 1-865
2026-10-08 22:27:39,620 INFO o.a.j.t.JMeterThread: Thread started: Intake ramp 1-1102
2026-10-08 22:27:39,728 INFO o.a.j.t.JMeterThread: Thread is done: Intake ramp 1-866
2026-10-08 22:27:39,728 INFO o.a.j.t.JMeterThread: Thread finished: Intake ramp 1-866
2026-10-08 22:27:40,130 INFO o.a.j.t.JMeterThread: Thread started: Intake ramp 1-1103
2026-10-08 22:27:40,433 INFO o.a.j.t.JMeterThread: Thread started: Intake ramp 1-1104
2026-10-08 22:27:41,104 INFO o.a.j.t.JMeterThread: Thread started: Intake ramp 1-1105
2026-10-08 22:27:42,777 INFO o.a.j.t.JMeterThread: Thread started: Intake ramp 1-1106
2026-10-08 22:27:43,237 INFO o.a.j.t.JMeterThread: Thread is done: Intake ramp 1-867
2026-10-08 22:27:43,237 INFO o.a.j.t.JMeterThread: Thread finished: Intake ramp 1-867
2026-10-08 22:27:43,739 INFO o.a.j.t.JMeterThread: Thread started: Intake ramp 1-1107
2026-10-08 22:27:43,963 INFO o.a.j.t.JMeterThread: Thread started: Intake ramp 1-1108
2026-10-08 22:27:44,484 INFO o.a.j.t.JMeterThread: Thread is done: Intake ramp 1-868
2026-10-08 22:27:44,484 INFO o.a.j.t.JMeterThread: Thread finished: Intake ramp 1-868
2026-10-08 22:27:46,123 INFO o.a.j.t.JMeterThread: Thread started: Intake ramp 1-1109
2026-10-08 22:27:46,689 INFO o.a.j.t.JMeterThread: Thread started: Intake ramp 1-1110
2026-10-08 22:27:47,712 INFO o.a.j.t.JMeterThread: Thread is done: Intake ramp 1-869
2026-10-08 22:27:47,712 INFO o.a.j.t.JMeterThread: Thread finished: Intake ramp 1-869
2026-10-08 22:27:48,492 INFO o.a.j.t.JMeterThread: Thread started: Intake ramp 1-1111
2026-10-08 22:27:49,220 INFO o.a.j.t.JMeterThread: Thread started: Intake ramp 1-1112
2026-10-08 22:27:50,551 INFO o.a.j.t.JMeterThread: Thread is done: Intake ramp 1-870
2026-10-08 22:27:50,551 INFO o.a.j.t.JMeterThread: Thread finished: Intake ramp 1-870
2026-10-08 22:27:50,973 INFO o.a.j.t.JMeterThread: Thread started: Intake ramp 1-1113
2026-10-08 22:27:51,259 INFO o.a.j.t.JMeterThread: Thread started: Intake ramp 1-1114
2026-10-08 22:27:51,278 INFO o.a.j.t.JMeterThread: Thread started: Intake ramp 1-1115
2026-10-08 22:27:52,074 INFO o.a.j.t.JMeterThread: Thread started: Intake ramp 1-1116
2026-10-08 22:27:52,771 INFO o.a.j.t.JMeterThread: Thread started: Intake ramp 1-1117
2026-10-08 22:27:53,213 INFO o.a.j.t.JMeterThread: Thread is done: Intake ramp 1-871
2026-10-08 22:27:53,213 INFO o.a.j.t.JMeterThread: Thread finished: Intake ramp 1-871
2026-10-08 22:27:54,547 INFO o.a.j.t.JMeterThread: Thread is done: Intake ramp 1-872
2026-10-08 22:27:54,547 INFO o.a.j.t.JMeterThread: Thread finished: Intake ramp 1-872
2026-10-08 22:27:56,001 INFO o.a.j.t.JMeterThread: Thread started: Intake ramp 1-1118
2026-10-08 22:27:56,409 INFO o.a.j.t.JMeterThread: Thread started: Intake ramp 1-1119
2026-10-08 22:27:56,510 INFO o.a.j.t.JMeterThread: Thread is done: Intake ramp 1-873
2026-10-08 22:27:56,510 INFO o.a.j.t.JMeterThread: Thread finished: Intake ramp 1-873
2026-10-08 22:27:59,131 INFO o.a.j.t.JMeterThread: Thread started: Intake ramp 1-1120
2026-10-08 22:27:59,309 INFO o.a.j.t.JMeterThread: Thread is done: Intake ramp 1-874
2026-10-08 22:27:59,309 INFO o.a.j.t.JMeterThread: Thread finished: Intake ramp 1-874
2026-10-08 22:27:59,349 INFO o.a.j.t.JMeterThread: Thread started: Intake ramp 1-1121
2026-10-08 22:28:00,236 INFO o.a.j.t.JMeterThread: Thread started: Intake ramp 1-1122
2026-10-08 22:28:01,257 INFO o.a.j.r.Summariser: summary +     13 in 00:00:30 =    0.4/s Avg: 363208 Min: 354496 Max: 372490 Err:     0 (0.00%) Active: 248 Started: 1122 Finished: 874
2026-10-08 22:28:01,257 INFO o.a.j.r.Summariser: summary =    875 in 00:49:43 =    0.3/s Avg: 107535 Min:   540 Max: 372490 Err:     0 (0.00%)
2026-10-08 22:28:01,258 INFO o.a.j.t.JMeterThread: Thread is done: Intake ramp 1-875
2026-10-08 22:28:01,258 INFO o.a.j.t.JMeterThread: Thread finished: Intake ramp 1-875
2026-10-08 22:28:02,182 INFO o.a.j.t.JMeterThread: Thread started: Intake ramp 1-1123
2026-10-08 22:28:03,395 INFO o.a.j.t.JMeterThread: Thread started: Intake ramp 1-1124
2026-10-08 22:28:03,495 INFO o.a.j.t.JMeterThread: Thread started: Intake ramp 1-1125
2026-10-08 22:28:03,908 INFO o.a.j.t.JMeterThread: Thread started: Intake ramp 1-1126
2026-10-08 22:28:04,389 INFO o.a.j.t.JMeterThread: Thread started: Intake ramp 1-1127
2026-10-08 22:28:04,995 INFO o.a.j.t.JMeterThread: Thread started: Intake ramp 1-1128
2026-10-08 22:28:05,525 INFO o.a.j.t.JMeterThread: Thread is done: Intake ramp 1-876
2026-10-08 22:28:05,526 INFO o.a.j.t.JMeterThread: Thread finished: Intake ramp 1-876
2026-10-08 22:28:06,134 INFO o.a.j.t.JMeterThread: Thread started: Intake ramp 1-1129
2026-10-08 22:28:07,401 INFO o.a.j.t.JMeterThread: Thread started: Intake ramp 1-1130
2026-10-08 22:28:08,327 INFO o.a.j.t.JMeterThread: Thread is done: Intake ramp 1-877
2026-10-08 22:28:08,327 INFO o.a.j.t.JMeterThread: Thread finished: Intake ramp 1-877
2026-10-08 22:28:09,659 INFO o.a.j.t.JMeterThread: Thread started: Intake ramp 1-1131
2026-10-08 22:28:10,559 INFO o.a.j.t.JMeterThread: Thread is done: Intake ramp 1-878
2026-10-08 22:28:10,559 INFO o.a.j.t.JMeterThread: Thread finished: Intake ramp 1-878
2026-10-08 22:28:11,661 INFO o.a.j.t.JMeterThread: Thread started: Intake ramp 1-1132
2026-10-08 22:28:12,398 INFO o.a.j.t.JMeterThread: Thread started: Intake ramp 1-1133
2026-10-08 22:28:13,554 INFO o.a.j.t.JMeterThread: Thread is done: Intake ramp 1-879
2026-10-08 22:28:13,554 INFO o.a.j.t.JMeterThread: Thread finished: Intake ramp 1-879
2026-10-08 22:28:13,627 INFO o.a.j.t.JMeterThread: Thread started: Intake ramp 1-1134
2026-10-08 22:28:14,162 INFO o.a.j.t.JMeterThread: Thread started: Intake ramp 1-1135
2026-10-08 22:28:14,364 INFO o.a.j.t.JMeterThread: Thread started: Intake ramp 1-1136
2026-10-08 22:28:14,398 INFO o.a.j.t.JMeterThread: Thread started: Intake ramp 1-1137
2026-10-08 22:28:14,860 INFO o.a.j.t.JMeterThread: Thread started: Intake ramp 1-1138
2026-10-08 22:28:16,938 INFO o.a.j.t.JMeterThread: Thread started: Intake ramp 1-1139
2026-10-08 22:28:17,068 INFO o.a.j.t.JMeterThread: Thread started: Intake ramp 1-1140
2026-10-08 22:28:17,381 INFO o.a.j.t.JMeterThread: Thread started: Intake ramp 1-1141
2026-10-08 22:28:18,143 INFO o.a.j.t.JMeterThread: Thread is done: Intake ramp 1-880
2026-10-08 22:28:18,143 INFO o.a.j.t.JMeterThread: Thread finished: Intake ramp 1-880
2026-10-08 22:28:20,405 INFO o.a.j.t.JMeterThread: Thread is done: Intake ramp 1-881
2026-10-08 22:28:20,405 INFO o.a.j.t.JMeterThread: Thread finished: Intake ramp 1-881
2026-10-08 22:28:22,500 INFO o.a.j.t.JMeterThread: Thread started: Intake ramp 1-1142
2026-10-08 22:28:23,926 INFO o.a.j.t.JMeterThread: Thread started: Intake ramp 1-1143
2026-10-08 22:28:24,135 INFO o.a.j.t.JMeterThread: Thread is done: Intake ramp 1-882
2026-10-08 22:28:24,135 INFO o.a.j.t.JMeterThread: Thread finished: Intake ramp 1-882
2026-10-08 22:28:26,815 INFO o.a.j.t.JMeterThread: Thread is done: Intake ramp 1-883
2026-10-08 22:28:26,815 INFO o.a.j.t.JMeterThread: Thread finished: Intake ramp 1-883
2026-10-08 22:28:27,477 INFO o.a.j.t.JMeterThread: Thread started: Intake ramp 1-1144
2026-10-08 22:28:30,191 INFO o.a.j.r.Summariser: summary +      9 in 00:00:29 =    0.3/s Avg: 382410 Min: 376427 Max: 386901 Err:     0 (0.00%) Active: 261 Started: 1144 Finished: 883
2026-10-08 22:28:30,191 INFO o.a.j.r.Summariser: summary =    884 in 00:50:12 =    0.3/s Avg: 110334 Min:   540 Max: 386901 Err:     0 (0.00%)
2026-10-08 22:28:30,191 INFO o.a.j.t.JMeterThread: Thread is done: Intake ramp 1-884
2026-10-08 22:28:30,191 INFO o.a.j.t.JMeterThread: Thread finished: Intake ramp 1-884
2026-10-08 22:28:30,330 INFO o.a.j.t.JMeterThread: Thread started: Intake ramp 1-1145
2026-10-08 22:28:31,828 INFO o.a.j.t.JMeterThread: Thread started: Intake ramp 1-1146
2026-10-08 22:28:32,019 INFO o.a.j.t.JMeterThread: Thread started: Intake ramp 1-1147
2026-10-08 22:28:32,045 INFO o.a.j.t.JMeterThread: Thread is done: Intake ramp 1-885
2026-10-08 22:28:32,045 INFO o.a.j.t.JMeterThread: Thread finished: Intake ramp 1-885
2026-10-08 22:28:32,151 INFO o.a.j.t.JMeterThread: Thread started: Intake ramp 1-1148
2026-10-08 22:28:32,811 INFO o.a.j.t.JMeterThread: Thread started: Intake ramp 1-1149
2026-10-08 22:28:33,284 INFO o.a.j.t.JMeterThread: Thread started: Intake ramp 1-1150
2026-10-08 22:28:33,800 INFO o.a.j.t.JMeterThread: Thread started: Intake ramp 1-1151
2026-10-08 22:28:33,828 INFO o.a.j.t.JMeterThread: Thread started: Intake ramp 1-1152
2026-10-08 22:28:34,641 INFO o.a.j.t.JMeterThread: Thread started: Intake ramp 1-1153
2026-10-08 22:28:35,899 INFO o.a.j.t.JMeterThread: Thread is done: Intake ramp 1-886
2026-10-08 22:28:35,899 INFO o.a.j.t.JMeterThread: Thread finished: Intake ramp 1-886
2026-10-08 22:28:38,299 INFO o.a.j.t.JMeterThread: Thread started: Intake ramp 1-1154
2026-10-08 22:28:38,412 INFO o.a.j.t.JMeterThread: Thread is done: Intake ramp 1-887
2026-10-08 22:28:38,412 INFO o.a.j.t.JMeterThread: Thread finished: Intake ramp 1-887
2026-10-08 22:28:39,088 INFO o.a.j.t.JMeterThread: Thread started: Intake ramp 1-1155
2026-10-08 22:28:39,235 INFO o.a.j.t.JMeterThread: Thread started: Intake ramp 1-1156
2026-10-08 22:28:39,575 INFO o.a.j.t.JMeterThread: Thread started: Intake ramp 1-1157
2026-10-08 22:28:40,512 INFO o.a.j.t.JMeterThread: Thread is done: Intake ramp 1-888
2026-10-08 22:28:40,512 INFO o.a.j.t.JMeterThread: Thread finished: Intake ramp 1-888
2026-10-08 22:28:45,053 INFO o.a.j.t.JMeterThread: Thread started: Intake ramp 1-1158
2026-10-08 22:28:45,373 INFO o.a.j.t.JMeterThread: Thread started: Intake ramp 1-1159
2026-10-08 22:28:46,146 INFO o.a.j.t.JMeterThread: Thread is done: Intake ramp 1-889
2026-10-08 22:28:46,146 INFO o.a.j.t.JMeterThread: Thread finished: Intake ramp 1-889
2026-10-08 22:28:46,403 INFO o.a.j.t.JMeterThread: Thread started: Intake ramp 1-1160
2026-10-08 22:28:48,131 INFO o.a.j.t.JMeterThread: Thread started: Intake ramp 1-1161
2026-10-08 22:28:48,842 INFO o.a.j.t.JMeterThread: Thread started: Intake ramp 1-1162
2026-10-08 22:28:49,004 INFO o.a.j.t.JMeterThread: Thread is done: Intake ramp 1-890
2026-10-08 22:28:49,004 INFO o.a.j.t.JMeterThread: Thread finished: Intake ramp 1-890
2026-10-08 22:28:49,808 INFO o.a.j.t.JMeterThread: Thread started: Intake ramp 1-1163
2026-10-08 22:28:50,994 INFO o.a.j.t.JMeterThread: Thread started: Intake ramp 1-1164
2026-10-08 22:28:53,126 INFO o.a.j.t.JMeterThread: Thread is done: Intake ramp 1-891
2026-10-08 22:28:53,126 INFO o.a.j.t.JMeterThread: Thread finished: Intake ramp 1-891
2026-10-08 22:28:53,650 INFO o.a.j.t.JMeterThread: Thread started: Intake ramp 1-1165
2026-10-08 22:28:53,699 INFO o.a.j.t.JMeterThread: Thread started: Intake ramp 1-1166
2026-10-08 22:28:54,461 INFO o.a.j.t.JMeterThread: Thread is done: Intake ramp 1-892
2026-10-08 22:28:54,461 INFO o.a.j.t.JMeterThread: Thread finished: Intake ramp 1-892
2026-10-08 22:28:54,841 INFO o.a.j.t.JMeterThread: Thread started: Intake ramp 1-1167
2026-10-08 22:28:56,167 INFO o.a.j.t.JMeterThread: Thread started: Intake ramp 1-1168
2026-10-08 22:28:56,555 INFO o.a.j.t.JMeterThread: Thread is done: Intake ramp 1-893
2026-10-08 22:28:56,555 INFO o.a.j.t.JMeterThread: Thread finished: Intake ramp 1-893
2026-10-08 22:28:58,880 INFO o.a.j.t.JMeterThread: Thread is done: Intake ramp 1-894
2026-10-08 22:28:58,880 INFO o.a.j.t.JMeterThread: Thread finished: Intake ramp 1-894
2026-10-08 22:28:59,284 INFO o.a.j.t.JMeterThread: Thread started: Intake ramp 1-1169
2026-10-08 22:28:59,510 INFO o.a.j.t.JMeterThread: Thread started: Intake ramp 1-1170
2026-10-08 22:29:00,123 INFO o.a.j.t.JMeterThread: Thread started: Intake ramp 1-1171
2026-10-08 22:29:00,726 INFO o.a.j.r.Summariser: summary +     11 in 00:00:31 =    0.4/s Avg: 399990 Min: 388731 Max: 406511 Err:     0 (0.00%) Active: 277 Started: 1171 Finished: 894
2026-10-08 22:29:00,727 INFO o.a.j.r.Summariser: summary =    895 in 00:50:42 =    0.3/s Avg: 113894 Min:   540 Max: 406511 Err:     0 (0.00%)
2026-10-08 22:29:00,727 INFO o.a.j.t.JMeterThread: Thread is done: Intake ramp 1-895
2026-10-08 22:29:00,727 INFO o.a.j.t.JMeterThread: Thread finished: Intake ramp 1-895
2026-10-08 22:29:01,026 INFO o.a.j.t.JMeterThread: Thread started: Intake ramp 1-1172
2026-10-08 22:29:01,652 INFO o.a.j.t.JMeterThread: Thread started: Intake ramp 1-1173
2026-10-08 22:29:02,981 INFO o.a.j.t.JMeterThread: Thread started: Intake ramp 1-1174
2026-10-08 22:29:03,218 INFO o.a.j.t.JMeterThread: Thread is done: Intake ramp 1-896
2026-10-08 22:29:03,218 INFO o.a.j.t.JMeterThread: Thread finished: Intake ramp 1-896
2026-10-08 22:29:05,330 INFO o.a.j.t.JMeterThread: Thread is done: Intake ramp 1-897
2026-10-08 22:29:05,330 INFO o.a.j.t.JMeterThread: Thread finished: Intake ramp 1-897
2026-10-08 22:29:05,966 INFO o.a.j.t.JMeterThread: Thread started: Intake ramp 1-1175
2026-10-08 22:29:07,429 INFO o.a.j.t.JMeterThread: Thread started: Intake ramp 1-1176
2026-10-08 22:29:07,566 INFO o.a.j.t.JMeterThread: Thread is done: Intake ramp 1-898
2026-10-08 22:29:07,566 INFO o.a.j.t.JMeterThread: Thread finished: Intake ramp 1-898
2026-10-08 22:29:08,720 INFO o.a.j.t.JMeterThread: Thread started: Intake ramp 1-1177
2026-10-08 22:29:09,199 INFO o.a.j.t.JMeterThread: Thread started: Intake ramp 1-1178
2026-10-08 22:29:09,666 INFO o.a.j.t.JMeterThread: Thread is done: Intake ramp 1-899
2026-10-08 22:29:09,666 INFO o.a.j.t.JMeterThread: Thread finished: Intake ramp 1-899
2026-10-08 22:29:10,062 INFO o.a.j.t.JMeterThread: Thread started: Intake ramp 1-1179
2026-10-08 22:29:10,169 INFO o.a.j.t.JMeterThread: Thread started: Intake ramp 1-1180
2026-10-08 22:29:11,132 INFO o.a.j.t.JMeterThread: Thread started: Intake ramp 1-1181
2026-10-08 22:29:11,370 INFO o.a.j.t.JMeterThread: Thread started: Intake ramp 1-1182
2026-10-08 22:29:12,166 INFO o.a.j.t.JMeterThread: Thread started: Intake ramp 1-1183
2026-10-08 22:29:12,317 INFO o.a.j.t.JMeterThread: Thread started: Intake ramp 1-1184
2026-10-08 22:29:12,379 INFO o.a.j.t.JMeterThread: Thread is done: Intake ramp 1-900
2026-10-08 22:29:12,380 INFO o.a.j.t.JMeterThread: Thread finished: Intake ramp 1-900
2026-10-08 22:29:14,191 INFO o.a.j.t.JMeterThread: Thread is done: Intake ramp 1-901
2026-10-08 22:29:14,191 INFO o.a.j.t.JMeterThread: Thread finished: Intake ramp 1-901
2026-10-08 22:29:16,114 INFO o.a.j.t.JMeterThread: Thread is done: Intake ramp 1-902
2026-10-08 22:29:16,114 INFO o.a.j.t.JMeterThread: Thread finished: Intake ramp 1-902
2026-10-08 22:29:16,266 INFO o.a.j.t.JMeterThread: Thread started: Intake ramp 1-1185
2026-10-08 22:29:16,541 INFO o.a.j.t.JMeterThread: Thread started: Intake ramp 1-1186
2026-10-08 22:29:16,729 INFO o.a.j.t.JMeterThread: Thread started: Intake ramp 1-1187
2026-10-08 22:29:16,828 INFO o.a.j.t.JMeterThread: Thread started: Intake ramp 1-1188
2026-10-08 22:29:16,962 INFO o.a.j.t.JMeterThread: Thread started: Intake ramp 1-1189
2026-10-08 22:29:16,993 INFO o.a.j.t.JMeterThread: Thread started: Intake ramp 1-1190
2026-10-08 22:29:18,051 INFO o.a.j.t.JMeterThread: Thread started: Intake ramp 1-1191
2026-10-08 22:29:18,146 INFO o.a.j.t.JMeterThread: Thread started: Intake ramp 1-1192
2026-10-08 22:29:18,348 INFO o.a.j.t.JMeterThread: Thread started: Intake ramp 1-1193
2026-10-08 22:29:18,597 INFO o.a.j.t.JMeterThread: Thread is done: Intake ramp 1-903
2026-10-08 22:29:18,597 INFO o.a.j.t.JMeterThread: Thread finished: Intake ramp 1-903
2026-10-08 22:29:20,171 INFO o.a.j.t.JMeterThread: Thread is done: Intake ramp 1-904
2026-10-08 22:29:20,171 INFO o.a.j.t.JMeterThread: Thread finished: Intake ramp 1-904
2026-10-08 22:29:20,222 INFO o.a.j.t.JMeterThread: Thread started: Intake ramp 1-1194
2026-10-08 22:29:20,284 INFO o.a.j.t.JMeterThread: Thread started: Intake ramp 1-1195
2026-10-08 22:29:21,082 INFO o.a.j.t.JMeterThread: Thread started: Intake ramp 1-1196
2026-10-08 22:29:22,160 INFO o.a.j.t.JMeterThread: Thread is done: Intake ramp 1-905
2026-10-08 22:29:22,160 INFO o.a.j.t.JMeterThread: Thread finished: Intake ramp 1-905
2026-10-08 22:29:22,256 INFO o.a.j.t.JMeterThread: Thread started: Intake ramp 1-1197
2026-10-08 22:29:23,590 INFO o.a.j.t.JMeterThread: Thread is done: Intake ramp 1-906
2026-10-08 22:29:23,590 INFO o.a.j.t.JMeterThread: Thread finished: Intake ramp 1-906
2026-10-08 22:29:25,445 INFO o.a.j.t.JMeterThread: Thread is done: Intake ramp 1-907
2026-10-08 22:29:25,445 INFO o.a.j.t.JMeterThread: Thread finished: Intake ramp 1-907
2026-10-08 22:29:25,752 INFO o.a.j.t.JMeterThread: Thread started: Intake ramp 1-1198
2026-10-08 22:29:25,888 INFO o.a.j.t.JMeterThread: Thread started: Intake ramp 1-1199
2026-10-08 22:29:26,626 INFO o.a.j.t.JMeterThread: Thread started: Intake ramp 1-1200
2026-10-08 22:29:26,990 INFO o.a.j.t.JMeterThread: Thread started: Intake ramp 1-1201
2026-10-08 22:29:27,484 INFO o.a.j.t.JMeterThread: Thread started: Intake ramp 1-1202
2026-10-08 22:29:28,086 INFO o.a.j.t.JMeterThread: Thread started: Intake ramp 1-1203
2026-10-08 22:29:29,539 INFO o.a.j.t.JMeterThread: Thread started: Intake ramp 1-1204
2026-10-08 22:29:29,546 INFO o.a.j.t.JMeterThread: Thread is done: Intake ramp 1-908
2026-10-08 22:29:29,546 INFO o.a.j.t.JMeterThread: Thread finished: Intake ramp 1-908
2026-10-08 22:29:29,873 INFO o.a.j.t.JMeterThread: Thread started: Intake ramp 1-1205
2026-10-08 22:29:30,590 INFO o.a.j.t.JMeterThread: Thread started: Intake ramp 1-1206
2026-10-08 22:29:31,898 INFO o.a.j.r.Summariser: summary +     14 in 00:00:31 =    0.4/s Avg: 406921 Min: 405415 Max: 409051 Err:     0 (0.00%) Active: 298 Started: 1206 Finished: 908
2026-10-08 22:29:31,899 INFO o.a.j.r.Summariser: summary =    909 in 00:51:13 =    0.3/s Avg: 118407 Min:   540 Max: 409051 Err:     0 (0.00%)
2026-10-08 22:29:31,899 INFO o.a.j.t.JMeterThread: Thread is done: Intake ramp 1-909
2026-10-08 22:29:31,899 INFO o.a.j.t.JMeterThread: Thread finished: Intake ramp 1-909
2026-10-08 22:29:32,782 INFO o.a.j.t.JMeterThread: Thread started: Intake ramp 1-1207
2026-10-08 22:29:33,292 INFO o.a.j.t.JMeterThread: Thread is done: Intake ramp 1-910
2026-10-08 22:29:33,292 INFO o.a.j.t.JMeterThread: Thread finished: Intake ramp 1-910
2026-10-08 22:29:34,469 INFO o.a.j.t.JMeterThread: Thread is done: Intake ramp 1-911
2026-10-08 22:29:34,469 INFO o.a.j.t.JMeterThread: Thread finished: Intake ramp 1-911
2026-10-08 22:29:35,962 INFO o.a.j.t.JMeterThread: Thread started: Intake ramp 1-1208
2026-10-08 22:29:36,759 INFO o.a.j.t.JMeterThread: Thread started: Intake ramp 1-1209
2026-10-08 22:29:37,367 INFO o.a.j.t.JMeterThread: Thread is done: Intake ramp 1-912
2026-10-08 22:29:37,368 INFO o.a.j.t.JMeterThread: Thread finished: Intake ramp 1-912
2026-10-08 22:29:37,932 INFO o.a.j.t.JMeterThread: Thread started: Intake ramp 1-1210
2026-10-08 22:29:38,466 INFO o.a.j.t.JMeterThread: Thread started: Intake ramp 1-1211
2026-10-08 22:29:39,402 INFO o.a.j.t.JMeterThread: Thread is done: Intake ramp 1-913
2026-10-08 22:29:39,402 INFO o.a.j.t.JMeterThread: Thread finished: Intake ramp 1-913
2026-10-08 22:29:39,941 INFO o.a.j.t.JMeterThread: Thread started: Intake ramp 1-1212
2026-10-08 22:29:40,029 INFO o.a.j.t.JMeterThread: Thread started: Intake ramp 1-1213
2026-10-08 22:29:41,710 INFO o.a.j.t.JMeterThread: Thread is done: Intake ramp 1-914
2026-10-08 22:29:41,710 INFO o.a.j.t.JMeterThread: Thread finished: Intake ramp 1-914
2026-10-08 22:29:42,234 INFO o.a.j.t.JMeterThread: Thread started: Intake ramp 1-1214
2026-10-08 22:29:43,807 INFO o.a.j.t.JMeterThread: Thread is done: Intake ramp 1-915
2026-10-08 22:29:43,807 INFO o.a.j.t.JMeterThread: Thread finished: Intake ramp 1-915
2026-10-08 22:29:44,687 INFO o.a.j.t.JMeterThread: Thread started: Intake ramp 1-1215
2026-10-08 22:29:46,051 INFO o.a.j.t.JMeterThread: Thread started: Intake ramp 1-1216
2026-10-08 22:29:46,480 INFO o.a.j.t.JMeterThread: Thread started: Intake ramp 1-1217
2026-10-08 22:29:47,562 INFO o.a.j.t.JMeterThread: Thread started: Intake ramp 1-1218
2026-10-08 22:29:48,897 INFO o.a.j.t.JMeterThread: Thread started: Intake ramp 1-1219
2026-10-08 22:29:48,910 INFO o.a.j.t.JMeterThread: Thread is done: Intake ramp 1-916
2026-10-08 22:29:48,910 INFO o.a.j.t.JMeterThread: Thread finished: Intake ramp 1-916
2026-10-08 22:29:49,123 INFO o.a.j.t.JMeterThread: Thread started: Intake ramp 1-1220
2026-10-08 22:29:49,427 INFO o.a.j.t.JMeterThread: Thread started: Intake ramp 1-1221
2026-10-08 22:29:49,490 INFO o.a.j.t.JMeterThread: Thread started: Intake ramp 1-1222
2026-10-08 22:29:49,890 INFO o.a.j.t.JMeterThread: Thread started: Intake ramp 1-1223
2026-10-08 22:29:50,820 INFO o.a.j.t.JMeterThread: Thread is done: Intake ramp 1-917
2026-10-08 22:29:50,820 INFO o.a.j.t.JMeterThread: Thread finished: Intake ramp 1-917
2026-10-08 22:29:51,952 INFO o.a.j.t.JMeterThread: Thread started: Intake ramp 1-1224
2026-10-08 22:29:52,624 INFO o.a.j.t.JMeterThread: Thread started: Intake ramp 1-1225
2026-10-08 22:29:53,829 INFO o.a.j.t.JMeterThread: Thread is done: Intake ramp 1-918
2026-10-08 22:29:53,829 INFO o.a.j.t.JMeterThread: Thread finished: Intake ramp 1-918
2026-10-08 22:29:53,982 INFO o.a.j.t.JMeterThread: Thread started: Intake ramp 1-1226
2026-10-08 22:29:55,476 INFO o.a.j.t.JMeterThread: Thread is done: Intake ramp 1-919
2026-10-08 22:29:55,476 INFO o.a.j.t.JMeterThread: Thread finished: Intake ramp 1-919
2026-10-08 22:29:56,594 INFO o.a.j.t.JMeterThread: Thread is done: Intake ramp 1-920
2026-10-08 22:29:56,594 INFO o.a.j.t.JMeterThread: Thread finished: Intake ramp 1-920
2026-10-08 22:29:59,761 INFO o.a.j.t.JMeterThread: Thread is done: Intake ramp 1-921
2026-10-08 22:29:59,761 INFO o.a.j.t.JMeterThread: Thread finished: Intake ramp 1-921
2026-10-08 22:30:00,465 INFO o.a.j.t.JMeterThread: Thread started: Intake ramp 1-1227
2026-10-08 22:30:01,355 INFO o.a.j.r.Summariser: summary +     13 in 00:00:29 =    0.4/s Avg: 409765 Min: 403221 Max: 415866 Err:     0 (0.00%) Active: 306 Started: 1227 Finished: 921
2026-10-08 22:30:01,356 INFO o.a.j.r.Summariser: summary =    922 in 00:51:43 =    0.3/s Avg: 122515 Min:   540 Max: 415866 Err:     0 (0.00%)
2026-10-08 22:30:01,356 INFO o.a.j.t.JMeterThread: Thread is done: Intake ramp 1-922
2026-10-08 22:30:01,356 INFO o.a.j.t.JMeterThread: Thread finished: Intake ramp 1-922
2026-10-08 22:30:01,851 INFO o.a.j.t.JMeterThread: Thread started: Intake ramp 1-1228
2026-10-08 22:30:02,423 INFO o.a.j.t.JMeterThread: Thread started: Intake ramp 1-1229
2026-10-08 22:30:03,419 INFO o.a.j.t.JMeterThread: Thread is done: Intake ramp 1-923
2026-10-08 22:30:03,419 INFO o.a.j.t.JMeterThread: Thread finished: Intake ramp 1-923
2026-10-08 22:30:04,983 INFO o.a.j.t.JMeterThread: Thread is done: Intake ramp 1-924
2026-10-08 22:30:04,983 INFO o.a.j.t.JMeterThread: Thread finished: Intake ramp 1-924
2026-10-08 22:30:05,190 INFO o.a.j.t.JMeterThread: Thread started: Intake ramp 1-1230
2026-10-08 22:30:06,028 INFO o.a.j.t.JMeterThread: Thread started: Intake ramp 1-1231
2026-10-08 22:30:06,908 INFO o.a.j.t.JMeterThread: Thread is done: Intake ramp 1-925
2026-10-08 22:30:06,908 INFO o.a.j.t.JMeterThread: Thread finished: Intake ramp 1-925
2026-10-08 22:30:08,713 INFO o.a.j.t.JMeterThread: Thread is done: Intake ramp 1-926
2026-10-08 22:30:08,714 INFO o.a.j.t.JMeterThread: Thread finished: Intake ramp 1-926
2026-10-08 22:30:09,743 INFO o.a.j.t.JMeterThread: Thread is done: Intake ramp 1-927
2026-10-08 22:30:09,744 INFO o.a.j.t.JMeterThread: Thread finished: Intake ramp 1-927
2026-10-08 22:30:09,746 INFO o.a.j.t.JMeterThread: Thread started: Intake ramp 1-1232
2026-10-08 22:30:10,330 INFO o.a.j.t.JMeterThread: Thread started: Intake ramp 1-1233
2026-10-08 22:30:10,828 INFO o.a.j.t.JMeterThread: Thread is done: Intake ramp 1-928
2026-10-08 22:30:10,828 INFO o.a.j.t.JMeterThread: Thread finished: Intake ramp 1-928
2026-10-08 22:30:11,096 INFO o.a.j.t.JMeterThread: Thread started: Intake ramp 1-1234
2026-10-08 22:30:11,907 INFO o.a.j.t.JMeterThread: Thread started: Intake ramp 1-1235
2026-10-08 22:30:12,451 INFO o.a.j.t.JMeterThread: Thread is done: Intake ramp 1-929
2026-10-08 22:30:12,451 INFO o.a.j.t.JMeterThread: Thread finished: Intake ramp 1-929
2026-10-08 22:30:14,027 INFO o.a.j.t.JMeterThread: Thread started: Intake ramp 1-1236
2026-10-08 22:30:15,435 INFO o.a.j.t.JMeterThread: Thread started: Intake ramp 1-1237
2026-10-08 22:30:15,615 INFO o.a.j.t.JMeterThread: Thread is done: Intake ramp 1-930
2026-10-08 22:30:15,615 INFO o.a.j.t.JMeterThread: Thread finished: Intake ramp 1-930
2026-10-08 22:30:16,038 INFO o.a.j.t.JMeterThread: Thread started: Intake ramp 1-1238
2026-10-08 22:30:16,757 INFO o.a.j.t.JMeterThread: Thread started: Intake ramp 1-1239
2026-10-08 22:30:17,105 INFO o.a.j.t.JMeterThread: Thread is done: Intake ramp 1-931
2026-10-08 22:30:17,105 INFO o.a.j.t.JMeterThread: Thread finished: Intake ramp 1-931
2026-10-08 22:30:17,535 INFO o.a.j.t.JMeterThread: Thread started: Intake ramp 1-1240
2026-10-08 22:30:18,444 INFO o.a.j.t.JMeterThread: Thread started: Intake ramp 1-1241
2026-10-08 22:30:19,764 INFO o.a.j.t.JMeterThread: Thread is done: Intake ramp 1-932
2026-10-08 22:30:19,764 INFO o.a.j.t.JMeterThread: Thread finished: Intake ramp 1-932
2026-10-08 22:30:19,948 INFO o.a.j.t.JMeterThread: Thread started: Intake ramp 1-1242
2026-10-08 22:30:21,471 INFO o.a.j.t.JMeterThread: Thread started: Intake ramp 1-1243
2026-10-08 22:30:22,205 INFO o.a.j.t.JMeterThread: Thread started: Intake ramp 1-1244
2026-10-08 22:30:23,184 INFO o.a.j.t.JMeterThread: Thread started: Intake ramp 1-1245
2026-10-08 22:30:23,963 INFO o.a.j.t.JMeterThread: Thread is done: Intake ramp 1-933
2026-10-08 22:30:23,963 INFO o.a.j.t.JMeterThread: Thread finished: Intake ramp 1-933
2026-10-08 22:30:24,290 INFO o.a.j.t.JMeterThread: Thread started: Intake ramp 1-1246
2026-10-08 22:30:25,504 INFO o.a.j.t.JMeterThread: Thread is done: Intake ramp 1-934
2026-10-08 22:30:25,504 INFO o.a.j.t.JMeterThread: Thread finished: Intake ramp 1-934
2026-10-08 22:30:25,656 INFO o.a.j.t.JMeterThread: Thread started: Intake ramp 1-1247
2026-10-08 22:30:27,621 INFO o.a.j.t.JMeterThread: Thread started: Intake ramp 1-1248
2026-10-08 22:30:27,774 INFO o.a.j.t.JMeterThread: Thread started: Intake ramp 1-1249
2026-10-08 22:30:28,525 INFO o.a.j.t.JMeterThread: Thread is done: Intake ramp 1-935
2026-10-08 22:30:28,525 INFO o.a.j.t.JMeterThread: Thread finished: Intake ramp 1-935
2026-10-08 22:30:30,158 INFO o.a.j.r.Summariser: summary +     14 in 00:00:29 =    0.5/s Avg: 419274 Min: 414623 Max: 425365 Err:     0 (0.00%) Active: 314 Started: 1249 Finished: 935
2026-10-08 22:30:30,159 INFO o.a.j.r.Summariser: summary =    936 in 00:52:12 =    0.3/s Avg: 126954 Min:   540 Max: 425365 Err:     0 (0.00%)
2026-10-08 22:30:30,159 INFO o.a.j.t.JMeterThread: Thread is done: Intake ramp 1-936
2026-10-08 22:30:30,159 INFO o.a.j.t.JMeterThread: Thread finished: Intake ramp 1-936
2026-10-08 22:30:32,094 INFO o.a.j.t.JMeterThread: Thread is done: Intake ramp 1-937
2026-10-08 22:30:32,094 INFO o.a.j.t.JMeterThread: Thread finished: Intake ramp 1-937
2026-10-08 22:30:32,520 INFO o.a.j.t.JMeterThread: Thread started: Intake ramp 1-1250
2026-10-08 22:30:33,066 INFO o.a.j.t.JMeterThread: Thread started: Intake ramp 1-1251
2026-10-08 22:30:34,159 INFO o.a.j.t.JMeterThread: Thread started: Intake ramp 1-1252
2026-10-08 22:30:34,413 INFO o.a.j.t.JMeterThread: Thread started: Intake ramp 1-1253
2026-10-08 22:30:35,138 INFO o.a.j.t.JMeterThread: Thread is done: Intake ramp 1-938
2026-10-08 22:30:35,138 INFO o.a.j.t.JMeterThread: Thread finished: Intake ramp 1-938
2026-10-08 22:30:36,257 INFO o.a.j.t.JMeterThread: Thread started: Intake ramp 1-1254
2026-10-08 22:30:36,354 INFO o.a.j.t.JMeterThread: Thread is done: Intake ramp 1-939
2026-10-08 22:30:36,354 INFO o.a.j.t.JMeterThread: Thread finished: Intake ramp 1-939
2026-10-08 22:30:36,995 INFO o.a.j.t.JMeterThread: Thread started: Intake ramp 1-1255
2026-10-08 22:30:38,295 INFO o.a.j.t.JMeterThread: Thread is done: Intake ramp 1-940
2026-10-08 22:30:38,295 INFO o.a.j.t.JMeterThread: Thread finished: Intake ramp 1-940
2026-10-08 22:30:38,481 INFO o.a.j.t.JMeterThread: Thread started: Intake ramp 1-1256
2026-10-08 22:30:38,569 INFO o.a.j.t.JMeterThread: Thread started: Intake ramp 1-1257
2026-10-08 22:30:42,214 INFO o.a.j.t.JMeterThread: Thread is done: Intake ramp 1-941
2026-10-08 22:30:42,214 INFO o.a.j.t.JMeterThread: Thread finished: Intake ramp 1-941
2026-10-08 22:30:42,835 INFO o.a.j.t.JMeterThread: Thread started: Intake ramp 1-1258
2026-10-08 22:30:43,017 INFO o.a.j.t.JMeterThread: Thread started: Intake ramp 1-1259
2026-10-08 22:30:44,280 INFO o.a.j.t.JMeterThread: Thread started: Intake ramp 1-1260
2026-10-08 22:30:44,677 INFO o.a.j.t.JMeterThread: Thread is done: Intake ramp 1-942
2026-10-08 22:30:44,677 INFO o.a.j.t.JMeterThread: Thread finished: Intake ramp 1-942
2026-10-08 22:30:44,708 INFO o.a.j.t.JMeterThread: Thread started: Intake ramp 1-1261
2026-10-08 22:30:45,777 INFO o.a.j.t.JMeterThread: Thread started: Intake ramp 1-1262
2026-10-08 22:30:46,645 INFO o.a.j.t.JMeterThread: Thread started: Intake ramp 1-1263
2026-10-08 22:30:49,727 INFO o.a.j.t.JMeterThread: Thread started: Intake ramp 1-1264
2026-10-08 22:30:49,801 INFO o.a.j.t.JMeterThread: Thread is done: Intake ramp 1-943
2026-10-08 22:30:49,801 INFO o.a.j.t.JMeterThread: Thread finished: Intake ramp 1-943
2026-10-08 22:30:50,639 INFO o.a.j.t.JMeterThread: Thread started: Intake ramp 1-1265
2026-10-08 22:30:52,067 INFO o.a.j.t.JMeterThread: Thread is done: Intake ramp 1-944
2026-10-08 22:30:52,067 INFO o.a.j.t.JMeterThread: Thread finished: Intake ramp 1-944
2026-10-08 22:30:53,489 INFO o.a.j.t.JMeterThread: Thread started: Intake ramp 1-1266
2026-10-08 22:30:53,646 INFO o.a.j.t.JMeterThread: Thread started: Intake ramp 1-1267
2026-10-08 22:30:54,055 INFO o.a.j.t.JMeterThread: Thread started: Intake ramp 1-1268
2026-10-08 22:30:55,969 INFO o.a.j.t.JMeterThread: Thread is done: Intake ramp 1-945
2026-10-08 22:30:55,969 INFO o.a.j.t.JMeterThread: Thread finished: Intake ramp 1-945
2026-10-08 22:30:56,391 INFO o.a.j.t.JMeterThread: Thread started: Intake ramp 1-1269
2026-10-08 22:30:57,045 INFO o.a.j.t.JMeterThread: Thread is done: Intake ramp 1-946
2026-10-08 22:30:57,045 INFO o.a.j.t.JMeterThread: Thread finished: Intake ramp 1-946
2026-10-08 22:30:58,329 INFO o.a.j.t.JMeterThread: Thread is done: Intake ramp 1-947
2026-10-08 22:30:58,329 INFO o.a.j.t.JMeterThread: Thread finished: Intake ramp 1-947
2026-10-08 22:30:58,346 INFO o.a.j.t.JMeterThread: Thread started: Intake ramp 1-1270
2026-10-08 22:31:00,741 INFO o.a.j.r.Summariser: summary +     12 in 00:00:31 =    0.4/s Avg: 434364 Min: 424690 Max: 442615 Err:     0 (0.00%) Active: 323 Started: 1270 Finished: 947
2026-10-08 22:31:00,743 INFO o.a.j.r.Summariser: summary =    948 in 00:52:42 =    0.3/s Avg: 130845 Min:   540 Max: 442615 Err:     0 (0.00%)
2026-10-08 22:31:00,743 INFO o.a.j.t.JMeterThread: Thread is done: Intake ramp 1-948
2026-10-08 22:31:00,743 INFO o.a.j.t.JMeterThread: Thread finished: Intake ramp 1-948
2026-10-08 22:31:01,001 INFO o.a.j.t.JMeterThread: Thread started: Intake ramp 1-1271
2026-10-08 22:31:01,859 INFO o.a.j.t.JMeterThread: Thread started: Intake ramp 1-1272
2026-10-08 22:31:02,828 INFO o.a.j.t.JMeterThread: Thread is done: Intake ramp 1-949
2026-10-08 22:31:02,828 INFO o.a.j.t.JMeterThread: Thread finished: Intake ramp 1-949
2026-10-08 22:31:06,653 INFO o.a.j.t.JMeterThread: Thread is done: Intake ramp 1-950
2026-10-08 22:31:06,653 INFO o.a.j.t.JMeterThread: Thread finished: Intake ramp 1-950
2026-10-08 22:31:07,640 INFO o.a.j.t.JMeterThread: Thread started: Intake ramp 1-1273
2026-10-08 22:31:08,234 INFO o.a.j.t.JMeterThread: Thread started: Intake ramp 1-1274
2026-10-08 22:31:09,118 INFO o.a.j.t.JMeterThread: Thread is done: Intake ramp 1-951
2026-10-08 22:31:09,118 INFO o.a.j.t.JMeterThread: Thread finished: Intake ramp 1-951
2026-10-08 22:31:10,790 INFO o.a.j.t.JMeterThread: Thread started: Intake ramp 1-1275
2026-10-08 22:31:11,297 INFO o.a.j.t.JMeterThread: Thread started: Intake ramp 1-1276
2026-10-08 22:31:11,771 INFO o.a.j.t.JMeterThread: Thread started: Intake ramp 1-1277
2026-10-08 22:31:11,808 INFO o.a.j.t.JMeterThread: Thread is done: Intake ramp 1-952
2026-10-08 22:31:11,808 INFO o.a.j.t.JMeterThread: Thread finished: Intake ramp 1-952
2026-10-08 22:31:12,529 INFO o.a.j.t.JMeterThread: Thread started: Intake ramp 1-1278
2026-10-08 22:31:14,829 INFO o.a.j.t.JMeterThread: Thread is done: Intake ramp 1-953
2026-10-08 22:31:14,829 INFO o.a.j.t.JMeterThread: Thread finished: Intake ramp 1-953
2026-10-08 22:31:15,627 INFO o.a.j.t.JMeterThread: Thread started: Intake ramp 1-1279
2026-10-08 22:31:16,319 INFO o.a.j.t.JMeterThread: Thread is done: Intake ramp 1-954
2026-10-08 22:31:16,319 INFO o.a.j.t.JMeterThread: Thread finished: Intake ramp 1-954
2026-10-08 22:31:18,375 INFO o.a.j.t.JMeterThread: Thread is done: Intake ramp 1-955
2026-10-08 22:31:18,375 INFO o.a.j.t.JMeterThread: Thread finished: Intake ramp 1-955
2026-10-08 22:31:19,781 INFO o.a.j.t.JMeterThread: Thread is done: Intake ramp 1-956
2026-10-08 22:31:19,781 INFO o.a.j.t.JMeterThread: Thread finished: Intake ramp 1-956
2026-10-08 22:31:19,833 INFO o.a.j.t.JMeterThread: Thread started: Intake ramp 1-1280
2026-10-08 22:31:21,110 INFO o.a.j.t.JMeterThread: Thread started: Intake ramp 1-1281
2026-10-08 22:31:22,605 INFO o.a.j.t.JMeterThread: Thread is done: Intake ramp 1-957
2026-10-08 22:31:22,605 INFO o.a.j.t.JMeterThread: Thread finished: Intake ramp 1-957
2026-10-08 22:31:25,776 INFO o.a.j.t.JMeterThread: Thread started: Intake ramp 1-1282
2026-10-08 22:31:25,864 INFO o.a.j.t.JMeterThread: Thread is done: Intake ramp 1-958
2026-10-08 22:31:25,864 INFO o.a.j.t.JMeterThread: Thread finished: Intake ramp 1-958
2026-10-08 22:31:26,433 INFO o.a.j.t.JMeterThread: Thread started: Intake ramp 1-1283
2026-10-08 22:31:27,995 INFO o.a.j.t.JMeterThread: Thread started: Intake ramp 1-1284
2026-10-08 22:31:28,744 INFO o.a.j.t.JMeterThread: Thread started: Intake ramp 1-1285
2026-10-08 22:31:28,953 INFO o.a.j.t.JMeterThread: Thread is done: Intake ramp 1-959
2026-10-08 22:31:28,954 INFO o.a.j.t.JMeterThread: Thread finished: Intake ramp 1-959
2026-10-08 22:31:29,621 INFO o.a.j.t.JMeterThread: Thread started: Intake ramp 1-1286
2026-10-08 22:31:30,066 INFO o.a.j.t.JMeterThread: Thread started: Intake ramp 1-1287
2026-10-08 22:31:30,441 INFO o.a.j.r.Summariser: summary +     12 in 00:00:30 =    0.4/s Avg: 453130 Min: 442070 Max: 462904 Err:     0 (0.00%) Active: 328 Started: 1287 Finished: 959
2026-10-08 22:31:30,442 INFO o.a.j.r.Summariser: summary =    960 in 00:53:12 =    0.3/s Avg: 134873 Min:   540 Max: 462904 Err:     0 (0.00%)
2026-10-08 22:31:30,442 INFO o.a.j.t.JMeterThread: Thread is done: Intake ramp 1-960
2026-10-08 22:31:30,442 INFO o.a.j.t.JMeterThread: Thread finished: Intake ramp 1-960
2026-10-08 22:31:30,540 INFO o.a.j.t.JMeterThread: Thread started: Intake ramp 1-1288
2026-10-08 22:31:30,771 INFO o.a.j.t.JMeterThread: Thread started: Intake ramp 1-1289
2026-10-08 22:31:31,258 INFO o.a.j.t.JMeterThread: Thread started: Intake ramp 1-1290
2026-10-08 22:31:31,816 INFO o.a.j.t.JMeterThread: Thread started: Intake ramp 1-1291
2026-10-08 22:31:33,136 INFO o.a.j.t.JMeterThread: Thread started: Intake ramp 1-1292
2026-10-08 22:31:33,534 INFO o.a.j.t.JMeterThread: Thread is done: Intake ramp 1-961
2026-10-08 22:31:33,534 INFO o.a.j.t.JMeterThread: Thread finished: Intake ramp 1-961
2026-10-08 22:31:34,050 INFO o.a.j.t.JMeterThread: Thread started: Intake ramp 1-1293
2026-10-08 22:31:34,845 INFO o.a.j.t.JMeterThread: Thread started: Intake ramp 1-1294
2026-10-08 22:31:35,381 INFO o.a.j.t.JMeterThread: Thread started: Intake ramp 1-1295
2026-10-08 22:31:35,466 INFO o.a.j.t.JMeterThread: Thread started: Intake ramp 1-1296
2026-10-08 22:31:36,043 INFO o.a.j.t.JMeterThread: Thread started: Intake ramp 1-1297
2026-10-08 22:31:36,298 INFO o.a.j.t.JMeterThread: Thread is done: Intake ramp 1-962
2026-10-08 22:31:36,298 INFO o.a.j.t.JMeterThread: Thread finished: Intake ramp 1-962
2026-10-08 22:31:37,268 INFO o.a.j.t.JMeterThread: Thread started: Intake ramp 1-1298
2026-10-08 22:31:37,535 INFO o.a.j.t.JMeterThread: Thread started: Intake ramp 1-1299
2026-10-08 22:31:38,114 INFO o.a.j.t.JMeterThread: Thread is done: Intake ramp 1-963
2026-10-08 22:31:38,114 INFO o.a.j.t.JMeterThread: Thread finished: Intake ramp 1-963
2026-10-08 22:31:38,278 INFO o.a.j.t.JMeterThread: Thread started: Intake ramp 1-1300
2026-10-08 22:31:38,555 INFO o.a.j.t.JMeterThread: Thread started: Intake ramp 1-1301
2026-10-08 22:31:39,751 INFO o.a.j.t.JMeterThread: Thread is done: Intake ramp 1-964
2026-10-08 22:31:39,751 INFO o.a.j.t.JMeterThread: Thread finished: Intake ramp 1-964
2026-10-08 22:31:40,556 INFO o.a.j.t.JMeterThread: Thread started: Intake ramp 1-1302
2026-10-08 22:31:40,802 INFO o.a.j.t.JMeterThread: Thread started: Intake ramp 1-1303
2026-10-08 22:31:42,658 INFO o.a.j.t.JMeterThread: Thread started: Intake ramp 1-1304
2026-10-08 22:31:42,902 INFO o.a.j.t.JMeterThread: Thread is done: Intake ramp 1-965
2026-10-08 22:31:42,902 INFO o.a.j.t.JMeterThread: Thread finished: Intake ramp 1-965
2026-10-08 22:31:43,404 INFO o.a.j.t.JMeterThread: Thread started: Intake ramp 1-1305
2026-10-08 22:31:43,861 INFO o.a.j.t.JMeterThread: Thread started: Intake ramp 1-1306
2026-10-08 22:31:45,151 INFO o.a.j.t.JMeterThread: Thread started: Intake ramp 1-1307
2026-10-08 22:31:46,007 INFO o.a.j.t.JMeterThread: Thread started: Intake ramp 1-1308
2026-10-08 22:31:46,328 INFO o.a.j.t.JMeterThread: Thread is done: Intake ramp 1-966
2026-10-08 22:31:46,328 INFO o.a.j.t.JMeterThread: Thread finished: Intake ramp 1-966
2026-10-08 22:31:47,136 INFO o.a.j.t.JMeterThread: Thread started: Intake ramp 1-1309
2026-10-08 22:31:48,222 INFO o.a.j.t.JMeterThread: Thread is done: Intake ramp 1-967
2026-10-08 22:31:48,223 INFO o.a.j.t.JMeterThread: Thread finished: Intake ramp 1-967
2026-10-08 22:31:48,504 INFO o.a.j.t.JMeterThread: Thread started: Intake ramp 1-1310
2026-10-08 22:31:50,271 INFO o.a.j.t.JMeterThread: Thread is done: Intake ramp 1-968
2026-10-08 22:31:50,272 INFO o.a.j.t.JMeterThread: Thread finished: Intake ramp 1-968
2026-10-08 22:31:51,660 INFO o.a.j.t.JMeterThread: Thread started: Intake ramp 1-1311
2026-10-08 22:31:51,836 INFO o.a.j.t.JMeterThread: Thread is done: Intake ramp 1-969
2026-10-08 22:31:51,836 INFO o.a.j.t.JMeterThread: Thread finished: Intake ramp 1-969
2026-10-08 22:31:52,685 INFO o.a.j.t.JMeterThread: Thread started: Intake ramp 1-1312
2026-10-08 22:31:52,992 INFO o.a.j.t.JMeterThread: Thread is done: Intake ramp 1-970
2026-10-08 22:31:52,992 INFO o.a.j.t.JMeterThread: Thread finished: Intake ramp 1-970
2026-10-08 22:31:54,868 INFO o.a.j.t.JMeterThread: Thread started: Intake ramp 1-1313
2026-10-08 22:31:55,568 INFO o.a.j.t.JMeterThread: Thread started: Intake ramp 1-1314
2026-10-08 22:31:55,671 INFO o.a.j.t.JMeterThread: Thread started: Intake ramp 1-1315
2026-10-08 22:31:56,716 INFO o.a.j.t.JMeterThread: Thread is done: Intake ramp 1-971
2026-10-08 22:31:56,717 INFO o.a.j.t.JMeterThread: Thread finished: Intake ramp 1-971
2026-10-08 22:31:58,400 INFO o.a.j.t.JMeterThread: Thread is done: Intake ramp 1-972
2026-10-08 22:31:58,400 INFO o.a.j.t.JMeterThread: Thread finished: Intake ramp 1-972
2026-10-08 22:31:58,963 INFO o.a.j.t.JMeterThread: Thread started: Intake ramp 1-1316
2026-10-08 22:31:59,369 INFO o.a.j.t.JMeterThread: Thread started: Intake ramp 1-1317
2026-10-08 22:31:59,948 INFO o.a.j.t.JMeterThread: Thread is done: Intake ramp 1-973
2026-10-08 22:31:59,948 INFO o.a.j.t.JMeterThread: Thread finished: Intake ramp 1-973
2026-10-08 22:32:00,244 INFO o.a.j.t.JMeterThread: Thread started: Intake ramp 1-1318
2026-10-08 22:32:03,015 INFO o.a.j.r.Summariser: summary +     14 in 00:00:33 =    0.4/s Avg: 468597 Min: 463038 Max: 471382 Err:     0 (0.00%) Active: 345 Started: 1318 Finished: 973
2026-10-08 22:32:03,016 INFO o.a.j.r.Summariser: summary =    974 in 00:53:44 =    0.3/s Avg: 139670 Min:   540 Max: 471382 Err:     0 (0.00%)
2026-10-08 22:32:03,016 INFO o.a.j.t.JMeterThread: Thread is done: Intake ramp 1-974
2026-10-08 22:32:03,016 INFO o.a.j.t.JMeterThread: Thread finished: Intake ramp 1-974
2026-10-08 22:32:03,966 INFO o.a.j.t.JMeterThread: Thread started: Intake ramp 1-1319
2026-10-08 22:32:06,235 INFO o.a.j.t.JMeterThread: Thread is done: Intake ramp 1-975
2026-10-08 22:32:06,235 INFO o.a.j.t.JMeterThread: Thread finished: Intake ramp 1-975
2026-10-08 22:32:09,241 INFO o.a.j.t.JMeterThread: Thread is done: Intake ramp 1-976
2026-10-08 22:32:09,241 INFO o.a.j.t.JMeterThread: Thread finished: Intake ramp 1-976
2026-10-08 22:32:09,941 INFO o.a.j.t.JMeterThread: Thread started: Intake ramp 1-1320
2026-10-08 22:32:10,670 INFO o.a.j.t.JMeterThread: Thread started: Intake ramp 1-1321
2026-10-08 22:32:12,048 INFO o.a.j.t.JMeterThread: Thread is done: Intake ramp 1-977
2026-10-08 22:32:12,048 INFO o.a.j.t.JMeterThread: Thread finished: Intake ramp 1-977
2026-10-08 22:32:12,070 INFO o.a.j.t.JMeterThread: Thread started: Intake ramp 1-1322
2026-10-08 22:32:12,805 INFO o.a.j.t.JMeterThread: Thread started: Intake ramp 1-1323
2026-10-08 22:32:13,861 INFO o.a.j.t.JMeterThread: Thread started: Intake ramp 1-1324
2026-10-08 22:32:14,629 INFO o.a.j.t.JMeterThread: Thread is done: Intake ramp 1-978
2026-10-08 22:32:14,629 INFO o.a.j.t.JMeterThread: Thread finished: Intake ramp 1-978
2026-10-08 22:32:14,775 INFO o.a.j.t.JMeterThread: Thread started: Intake ramp 1-1325
2026-10-08 22:32:15,552 INFO o.a.j.t.JMeterThread: Thread started: Intake ramp 1-1326
2026-10-08 22:32:15,943 INFO o.a.j.t.JMeterThread: Thread is done: Intake ramp 1-979
2026-10-08 22:32:15,943 INFO o.a.j.t.JMeterThread: Thread finished: Intake ramp 1-979
2026-10-08 22:32:17,459 INFO o.a.j.t.JMeterThread: Thread started: Intake ramp 1-1327
2026-10-08 22:32:18,153 INFO o.a.j.t.JMeterThread: Thread is done: Intake ramp 1-980
2026-10-08 22:32:18,153 INFO o.a.j.t.JMeterThread: Thread finished: Intake ramp 1-980
2026-10-08 22:32:19,450 INFO o.a.j.t.JMeterThread: Thread is done: Intake ramp 1-981
2026-10-08 22:32:19,450 INFO o.a.j.t.JMeterThread: Thread finished: Intake ramp 1-981
2026-10-08 22:32:19,745 INFO o.a.j.t.JMeterThread: Thread started: Intake ramp 1-1328
2026-10-08 22:32:19,953 INFO o.a.j.t.JMeterThread: Thread started: Intake ramp 1-1329
2026-10-08 22:32:20,807 INFO o.a.j.t.JMeterThread: Thread started: Intake ramp 1-1330
2026-10-08 22:32:20,838 INFO o.a.j.t.JMeterThread: Thread is done: Intake ramp 1-982
2026-10-08 22:32:20,838 INFO o.a.j.t.JMeterThread: Thread finished: Intake ramp 1-982
2026-10-08 22:32:21,079 INFO o.a.j.t.JMeterThread: Thread started: Intake ramp 1-1331
2026-10-08 22:32:22,794 INFO o.a.j.t.JMeterThread: Thread is done: Intake ramp 1-983
2026-10-08 22:32:22,794 INFO o.a.j.t.JMeterThread: Thread finished: Intake ramp 1-983
2026-10-08 22:32:25,384 INFO o.a.j.t.JMeterThread: Thread started: Intake ramp 1-1332
2026-10-08 22:32:25,533 INFO o.a.j.t.JMeterThread: Thread is done: Intake ramp 1-984
2026-10-08 22:32:25,533 INFO o.a.j.t.JMeterThread: Thread finished: Intake ramp 1-984
2026-10-08 22:32:25,957 INFO o.a.j.t.JMeterThread: Thread started: Intake ramp 1-1333
2026-10-08 22:32:26,867 INFO o.a.j.t.JMeterThread: Thread started: Intake ramp 1-1334
2026-10-08 22:32:26,990 INFO o.a.j.t.JMeterThread: Thread started: Intake ramp 1-1335
2026-10-08 22:32:27,619 INFO o.a.j.t.JMeterThread: Thread started: Intake ramp 1-1336
2026-10-08 22:32:28,853 INFO o.a.j.t.JMeterThread: Thread started: Intake ramp 1-1337
2026-10-08 22:32:29,146 INFO o.a.j.t.JMeterThread: Thread is done: Intake ramp 1-985
2026-10-08 22:32:29,146 INFO o.a.j.t.JMeterThread: Thread finished: Intake ramp 1-985
2026-10-08 22:32:29,579 INFO o.a.j.t.JMeterThread: Thread started: Intake ramp 1-1338
2026-10-08 22:32:30,467 INFO o.a.j.t.JMeterThread: Thread started: Intake ramp 1-1339
2026-10-08 22:32:31,883 INFO o.a.j.t.JMeterThread: Thread started: Intake ramp 1-1340
2026-10-08 22:32:32,105 INFO o.a.j.r.Summariser: summary +     12 in 00:00:29 =    0.4/s Avg: 473692 Min: 470078 Max: 478122 Err:     0 (0.00%) Active: 355 Started: 1340 Finished: 985
2026-10-08 22:32:32,106 INFO o.a.j.r.Summariser: summary =    986 in 00:54:14 =    0.3/s Avg: 143735 Min:   540 Max: 478122 Err:     0 (0.00%)
2026-10-08 22:32:32,106 INFO o.a.j.t.JMeterThread: Thread is done: Intake ramp 1-986
2026-10-08 22:32:32,106 INFO o.a.j.t.JMeterThread: Thread finished: Intake ramp 1-986
2026-10-08 22:32:35,025 INFO o.a.j.t.JMeterThread: Thread started: Intake ramp 1-1341
2026-10-08 22:32:35,223 INFO o.a.j.t.JMeterThread: Thread started: Intake ramp 1-1342
2026-10-08 22:32:35,512 INFO o.a.j.t.JMeterThread: Thread is done: Intake ramp 1-987
2026-10-08 22:32:35,512 INFO o.a.j.t.JMeterThread: Thread finished: Intake ramp 1-987
2026-10-08 22:32:36,881 INFO o.a.j.t.JMeterThread: Thread started: Intake ramp 1-1343
2026-10-08 22:32:37,397 INFO o.a.j.t.JMeterThread: Thread is done: Intake ramp 1-988
2026-10-08 22:32:37,397 INFO o.a.j.t.JMeterThread: Thread finished: Intake ramp 1-988
2026-10-08 22:32:39,963 INFO o.a.j.t.JMeterThread: Thread is done: Intake ramp 1-989
2026-10-08 22:32:39,963 INFO o.a.j.t.JMeterThread: Thread finished: Intake ramp 1-989
2026-10-08 22:32:40,912 INFO o.a.j.t.JMeterThread: Thread started: Intake ramp 1-1344
2026-10-08 22:32:42,622 INFO o.a.j.t.JMeterThread: Thread is done: Intake ramp 1-990
2026-10-08 22:32:42,622 INFO o.a.j.t.JMeterThread: Thread finished: Intake ramp 1-990
2026-10-08 22:32:43,329 INFO o.a.j.t.JMeterThread: Thread started: Intake ramp 1-1345
2026-10-08 22:32:44,231 INFO o.a.j.t.JMeterThread: Thread is done: Intake ramp 1-991
2026-10-08 22:32:44,231 INFO o.a.j.t.JMeterThread: Thread finished: Intake ramp 1-991
2026-10-08 22:32:45,467 INFO o.a.j.t.JMeterThread: Thread is done: Intake ramp 1-992
2026-10-08 22:32:45,467 INFO o.a.j.t.JMeterThread: Thread finished: Intake ramp 1-992
2026-10-08 22:32:45,607 INFO o.a.j.t.JMeterThread: Thread started: Intake ramp 1-1346
2026-10-08 22:32:46,643 INFO o.a.j.t.JMeterThread: Thread started: Intake ramp 1-1347
2026-10-08 22:32:48,263 INFO o.a.j.t.JMeterThread: Thread is done: Intake ramp 1-993
2026-10-08 22:32:48,263 INFO o.a.j.t.JMeterThread: Thread finished: Intake ramp 1-993
2026-10-08 22:32:51,216 INFO o.a.j.t.JMeterThread: Thread is done: Intake ramp 1-994
2026-10-08 22:32:51,216 INFO o.a.j.t.JMeterThread: Thread finished: Intake ramp 1-994
2026-10-08 22:32:51,838 INFO o.a.j.t.JMeterThread: Thread started: Intake ramp 1-1348
2026-10-08 22:32:52,116 INFO o.a.j.t.JMeterThread: Thread started: Intake ramp 1-1349
2026-10-08 22:32:52,353 INFO o.a.j.t.JMeterThread: Thread started: Intake ramp 1-1350
2026-10-08 22:32:52,552 INFO o.a.j.t.JMeterThread: Thread started: Intake ramp 1-1351
2026-10-08 22:32:54,208 INFO o.a.j.t.JMeterThread: Thread started: Intake ramp 1-1352
2026-10-08 22:32:54,717 INFO o.a.j.t.JMeterThread: Thread started: Intake ramp 1-1353
2026-10-08 22:32:55,167 INFO o.a.j.t.JMeterThread: Thread started: Intake ramp 1-1354
2026-10-08 22:32:55,228 INFO o.a.j.t.JMeterThread: Thread is done: Intake ramp 1-995
2026-10-08 22:32:55,228 INFO o.a.j.t.JMeterThread: Thread finished: Intake ramp 1-995
2026-10-08 22:32:56,737 INFO o.a.j.t.JMeterThread: Thread started: Intake ramp 1-1355
2026-10-08 22:32:57,658 INFO o.a.j.t.JMeterThread: Thread is done: Intake ramp 1-996
2026-10-08 22:32:57,658 INFO o.a.j.t.JMeterThread: Thread finished: Intake ramp 1-996
2026-10-08 22:32:58,945 INFO o.a.j.t.JMeterThread: Thread started: Intake ramp 1-1356
2026-10-08 22:32:59,308 INFO o.a.j.t.JMeterThread: Thread started: Intake ramp 1-1357
2026-10-08 22:32:59,896 INFO o.a.j.t.JMeterThread: Thread started: Intake ramp 1-1358
2026-10-08 22:32:59,972 INFO o.a.j.t.JMeterThread: Thread is done: Intake ramp 1-997
2026-10-08 22:32:59,972 INFO o.a.j.t.JMeterThread: Thread finished: Intake ramp 1-997
2026-10-08 22:33:00,080 INFO o.a.j.t.JMeterThread: Thread started: Intake ramp 1-1359
2026-10-08 22:33:01,038 INFO o.a.j.t.JMeterThread: Thread started: Intake ramp 1-1360
2026-10-08 22:33:01,645 INFO o.a.j.t.JMeterThread: Thread started: Intake ramp 1-1361
2026-10-08 22:33:02,155 INFO o.a.j.r.Summariser: summary +     12 in 00:00:30 =    0.4/s Avg: 481786 Min: 477707 Max: 487236 Err:     0 (0.00%) Active: 364 Started: 1361 Finished: 997
2026-10-08 22:33:02,155 INFO o.a.j.r.Summariser: summary =    998 in 00:54:44 =    0.3/s Avg: 147800 Min:   540 Max: 487236 Err:     0 (0.00%)
2026-10-08 22:33:02,155 INFO o.a.j.t.JMeterThread: Thread is done: Intake ramp 1-998
2026-10-08 22:33:02,155 INFO o.a.j.t.JMeterThread: Thread finished: Intake ramp 1-998
2026-10-08 22:33:04,377 INFO o.a.j.t.JMeterThread: Thread started: Intake ramp 1-1362
2026-10-08 22:33:04,979 INFO o.a.j.t.JMeterThread: Thread is done: Intake ramp 1-999
2026-10-08 22:33:04,979 INFO o.a.j.t.JMeterThread: Thread finished: Intake ramp 1-999
2026-10-08 22:33:06,071 INFO o.a.j.t.JMeterThread: Thread started: Intake ramp 1-1363
2026-10-08 22:33:06,167 INFO o.a.j.t.JMeterThread: Thread started: Intake ramp 1-1364
2026-10-08 22:33:07,100 INFO o.a.j.t.JMeterThread: Thread is done: Intake ramp 1-1000
2026-10-08 22:33:07,100 INFO o.a.j.t.JMeterThread: Thread finished: Intake ramp 1-1000
2026-10-08 22:33:09,719 INFO o.a.j.t.JMeterThread: Thread started: Intake ramp 1-1365
2026-10-08 22:33:10,669 INFO o.a.j.t.JMeterThread: Thread started: Intake ramp 1-1366
2026-10-08 22:33:11,021 INFO o.a.j.t.JMeterThread: Thread started: Intake ramp 1-1367
2026-10-08 22:33:11,027 INFO o.a.j.t.JMeterThread: Thread is done: Intake ramp 1-1001
2026-10-08 22:33:11,027 INFO o.a.j.t.JMeterThread: Thread finished: Intake ramp 1-1001
2026-10-08 22:33:11,161 INFO o.a.j.t.JMeterThread: Thread started: Intake ramp 1-1368
2026-10-08 22:33:11,492 INFO o.a.j.t.JMeterThread: Thread started: Intake ramp 1-1369
2026-10-08 22:33:12,723 INFO o.a.j.t.JMeterThread: Thread is done: Intake ramp 1-1002
2026-10-08 22:33:12,723 INFO o.a.j.t.JMeterThread: Thread finished: Intake ramp 1-1002
2026-10-08 22:33:16,569 INFO o.a.j.t.JMeterThread: Thread is done: Intake ramp 1-1003
2026-10-08 22:33:16,569 INFO o.a.j.t.JMeterThread: Thread finished: Intake ramp 1-1003
2026-10-08 22:33:18,318 INFO o.a.j.t.JMeterThread: Thread started: Intake ramp 1-1370
2026-10-08 22:33:18,453 INFO o.a.j.t.JMeterThread: Thread is done: Intake ramp 1-1004
2026-10-08 22:33:18,453 INFO o.a.j.t.JMeterThread: Thread finished: Intake ramp 1-1004
2026-10-08 22:33:21,656 INFO o.a.j.t.JMeterThread: Thread is done: Intake ramp 1-1005
2026-10-08 22:33:21,656 INFO o.a.j.t.JMeterThread: Thread finished: Intake ramp 1-1005
2026-10-08 22:33:22,444 INFO o.a.j.t.JMeterThread: Thread started: Intake ramp 1-1371
2026-10-08 22:33:22,548 INFO o.a.j.t.JMeterThread: Thread started: Intake ramp 1-1372
2026-10-08 22:33:22,742 INFO o.a.j.t.JMeterThread: Thread started: Intake ramp 1-1373
2026-10-08 22:33:24,771 INFO o.a.j.t.JMeterThread: Thread started: Intake ramp 1-1374
2026-10-08 22:33:24,818 INFO o.a.j.t.JMeterThread: Thread is done: Intake ramp 1-1006
2026-10-08 22:33:24,819 INFO o.a.j.t.JMeterThread: Thread finished: Intake ramp 1-1006
2026-10-08 22:33:25,242 INFO o.a.j.t.JMeterThread: Thread started: Intake ramp 1-1375
2026-10-08 22:33:27,395 INFO o.a.j.t.JMeterThread: Thread is done: Intake ramp 1-1007
2026-10-08 22:33:27,395 INFO o.a.j.t.JMeterThread: Thread finished: Intake ramp 1-1007
2026-10-08 22:33:27,397 INFO o.a.j.t.JMeterThread: Thread started: Intake ramp 1-1376
2026-10-08 22:33:27,684 INFO o.a.j.t.JMeterThread: Thread started: Intake ramp 1-1377
2026-10-08 22:33:27,745 INFO o.a.j.t.JMeterThread: Thread started: Intake ramp 1-1378
2026-10-08 22:33:29,458 INFO o.a.j.t.JMeterThread: Thread started: Intake ramp 1-1379
2026-10-08 22:33:29,638 INFO o.a.j.t.JMeterThread: Thread is done: Intake ramp 1-1008
2026-10-08 22:33:29,638 INFO o.a.j.t.JMeterThread: Thread finished: Intake ramp 1-1008
2026-10-08 22:33:30,105 INFO o.a.j.t.JMeterThread: Thread started: Intake ramp 1-1380
2026-10-08 22:33:31,069 INFO o.a.j.r.Summariser: summary +     11 in 00:00:29 =    0.4/s Avg: 492126 Min: 488392 Max: 494818 Err:     0 (0.00%) Active: 372 Started: 1380 Finished: 1008
2026-10-08 22:33:31,070 INFO o.a.j.r.Summariser: summary =   1009 in 00:55:13 =    0.3/s Avg: 151554 Min:   540 Max: 494818 Err:     0 (0.00%)
2026-10-08 22:33:31,070 INFO o.a.j.t.JMeterThread: Thread is done: Intake ramp 1-1009
2026-10-08 22:33:31,070 INFO o.a.j.t.JMeterThread: Thread finished: Intake ramp 1-1009
2026-10-08 22:33:31,125 INFO o.a.j.t.JMeterThread: Thread started: Intake ramp 1-1381
2026-10-08 22:33:33,524 INFO o.a.j.t.JMeterThread: Thread started: Intake ramp 1-1382
2026-10-08 22:33:33,653 INFO o.a.j.t.JMeterThread: Thread started: Intake ramp 1-1383
2026-10-08 22:33:33,906 INFO o.a.j.t.JMeterThread: Thread is done: Intake ramp 1-1010
2026-10-08 22:33:33,906 INFO o.a.j.t.JMeterThread: Thread finished: Intake ramp 1-1010
2026-10-08 22:33:34,655 INFO o.a.j.t.JMeterThread: Thread started: Intake ramp 1-1384
2026-10-08 22:33:37,443 INFO o.a.j.t.JMeterThread: Thread is done: Intake ramp 1-1011
2026-10-08 22:33:37,443 INFO o.a.j.t.JMeterThread: Thread finished: Intake ramp 1-1011
2026-10-08 22:33:37,749 INFO o.a.j.t.JMeterThread: Thread started: Intake ramp 1-1385
2026-10-08 22:33:39,894 INFO o.a.j.t.JMeterThread: Thread is done: Intake ramp 1-1012
2026-10-08 22:33:39,894 INFO o.a.j.t.JMeterThread: Thread finished: Intake ramp 1-1012
2026-10-08 22:33:40,938 INFO o.a.j.t.JMeterThread: Thread started: Intake ramp 1-1386
2026-10-08 22:33:41,970 INFO o.a.j.t.JMeterThread: Thread is done: Intake ramp 1-1013
2026-10-08 22:33:41,970 INFO o.a.j.t.JMeterThread: Thread finished: Intake ramp 1-1013
2026-10-08 22:33:42,456 INFO o.a.j.t.JMeterThread: Thread started: Intake ramp 1-1387
2026-10-08 22:33:43,505 INFO o.a.j.t.JMeterThread: Thread is done: Intake ramp 1-1014
2026-10-08 22:33:43,505 INFO o.a.j.t.JMeterThread: Thread finished: Intake ramp 1-1014
2026-10-08 22:33:44,268 INFO o.a.j.t.JMeterThread: Thread started: Intake ramp 1-1388
2026-10-08 22:33:46,167 INFO o.a.j.t.JMeterThread: Thread is done: Intake ramp 1-1015
2026-10-08 22:33:46,167 INFO o.a.j.t.JMeterThread: Thread finished: Intake ramp 1-1015
2026-10-08 22:33:48,922 INFO o.a.j.t.JMeterThread: Thread started: Intake ramp 1-1389
2026-10-08 22:33:49,852 INFO o.a.j.t.JMeterThread: Thread is done: Intake ramp 1-1016
2026-10-08 22:33:49,852 INFO o.a.j.t.JMeterThread: Thread finished: Intake ramp 1-1016
2026-10-08 22:33:50,405 INFO o.a.j.t.JMeterThread: Thread started: Intake ramp 1-1390
2026-10-08 22:33:50,654 INFO o.a.j.t.JMeterThread: Thread started: Intake ramp 1-1391
2026-10-08 22:33:54,472 INFO o.a.j.t.JMeterThread: Thread is done: Intake ramp 1-1017
2026-10-08 22:33:54,472 INFO o.a.j.t.JMeterThread: Thread finished: Intake ramp 1-1017
2026-10-08 22:33:55,373 INFO o.a.j.t.JMeterThread: Thread started: Intake ramp 1-1392
2026-10-08 22:33:55,939 INFO o.a.j.t.JMeterThread: Thread is done: Intake ramp 1-1018
2026-10-08 22:33:55,939 INFO o.a.j.t.JMeterThread: Thread finished: Intake ramp 1-1018
2026-10-08 22:33:56,391 INFO o.a.j.t.JMeterThread: Thread started: Intake ramp 1-1393
2026-10-08 22:33:56,789 INFO o.a.j.t.JMeterThread: Thread started: Intake ramp 1-1394
2026-10-08 22:33:57,261 INFO o.a.j.t.JMeterThread: Thread started: Intake ramp 1-1395
2026-10-08 22:33:58,252 INFO o.a.j.t.JMeterThread: Thread is done: Intake ramp 1-1019
2026-10-08 22:33:58,252 INFO o.a.j.t.JMeterThread: Thread finished: Intake ramp 1-1019
2026-10-08 22:33:59,421 INFO o.a.j.t.JMeterThread: Thread is done: Intake ramp 1-1020
2026-10-08 22:33:59,421 INFO o.a.j.t.JMeterThread: Thread finished: Intake ramp 1-1020
2026-10-08 22:34:01,086 INFO o.a.j.t.JMeterThread: Thread started: Intake ramp 1-1396
2026-10-08 22:34:01,562 INFO o.a.j.t.JMeterThread: Thread started: Intake ramp 1-1397
2026-10-08 22:34:01,805 INFO o.a.j.t.JMeterThread: Thread started: Intake ramp 1-1398
2026-10-08 22:34:01,818 INFO o.a.j.r.Summariser: summary +     12 in 00:00:31 =    0.4/s Avg: 503543 Min: 496571 Max: 510456 Err:     0 (0.00%) Active: 378 Started: 1398 Finished: 1020
2026-10-08 22:34:01,819 INFO o.a.j.r.Summariser: summary =   1021 in 00:55:43 =    0.3/s Avg: 155691 Min:   540 Max: 510456 Err:     0 (0.00%)
2026-10-08 22:34:01,820 INFO o.a.j.t.JMeterThread: Thread is done: Intake ramp 1-1021
2026-10-08 22:34:01,820 INFO o.a.j.t.JMeterThread: Thread finished: Intake ramp 1-1021
2026-10-08 22:34:02,833 INFO o.a.j.t.JMeterThread: Thread started: Intake ramp 1-1399
2026-10-08 22:34:05,351 INFO o.a.j.t.JMeterThread: Thread started: Intake ramp 1-1400
2026-10-08 22:34:06,540 INFO o.a.j.t.JMeterThread: Thread is done: Intake ramp 1-1022
2026-10-08 22:34:06,540 INFO o.a.j.t.JMeterThread: Thread finished: Intake ramp 1-1022
2026-10-08 22:34:07,218 INFO o.a.j.t.JMeterThread: Thread started: Intake ramp 1-1401
2026-10-08 22:34:07,622 INFO o.a.j.t.JMeterThread: Thread is done: Intake ramp 1-1023
2026-10-08 22:34:07,622 INFO o.a.j.t.JMeterThread: Thread finished: Intake ramp 1-1023
2026-10-08 22:34:08,207 INFO o.a.j.t.JMeterThread: Thread started: Intake ramp 1-1402
2026-10-08 22:34:08,678 INFO o.a.j.t.JMeterThread: Thread started: Intake ramp 1-1403
2026-10-08 22:34:10,782 INFO o.a.j.t.JMeterThread: Thread started: Intake ramp 1-1404
2026-10-08 22:34:10,864 INFO o.a.j.t.JMeterThread: Thread is done: Intake ramp 1-1024
2026-10-08 22:34:10,864 INFO o.a.j.t.JMeterThread: Thread finished: Intake ramp 1-1024
2026-10-08 22:34:10,967 INFO o.a.j.t.JMeterThread: Thread started: Intake ramp 1-1405
2026-10-08 22:34:11,001 INFO o.a.j.t.JMeterThread: Thread started: Intake ramp 1-1406
2026-10-08 22:34:12,141 INFO o.a.j.t.JMeterThread: Thread started: Intake ramp 1-1407
2026-10-08 22:34:12,704 INFO o.a.j.t.JMeterThread: Thread started: Intake ramp 1-1408
2026-10-08 22:34:12,794 INFO o.a.j.t.JMeterThread: Thread started: Intake ramp 1-1409
2026-10-08 22:34:14,493 INFO o.a.j.t.JMeterThread: Thread started: Intake ramp 1-1410
2026-10-08 22:34:15,660 INFO o.a.j.t.JMeterThread: Thread is done: Intake ramp 1-1025
2026-10-08 22:34:15,660 INFO o.a.j.t.JMeterThread: Thread finished: Intake ramp 1-1025
2026-10-08 22:34:16,138 INFO o.a.j.t.JMeterThread: Thread started: Intake ramp 1-1411
2026-10-08 22:34:16,894 INFO o.a.j.t.JMeterThread: Thread started: Intake ramp 1-1412
2026-10-08 22:34:17,187 INFO o.a.j.t.JMeterThread: Thread started: Intake ramp 1-1413
2026-10-08 22:34:17,602 INFO o.a.j.t.JMeterThread: Thread is done: Intake ramp 1-1026
2026-10-08 22:34:17,602 INFO o.a.j.t.JMeterThread: Thread finished: Intake ramp 1-1026
2026-10-08 22:34:19,384 INFO o.a.j.t.JMeterThread: Thread started: Intake ramp 1-1414
2026-10-08 22:34:19,496 INFO o.a.j.t.JMeterThread: Thread started: Intake ramp 1-1415
2026-10-08 22:34:19,594 INFO o.a.j.t.JMeterThread: Thread started: Intake ramp 1-1416
2026-10-08 22:34:20,609 INFO o.a.j.t.JMeterThread: Thread started: Intake ramp 1-1417
2026-10-08 22:34:20,972 INFO o.a.j.t.JMeterThread: Thread started: Intake ramp 1-1418
2026-10-08 22:34:21,984 INFO o.a.j.t.JMeterThread: Thread is done: Intake ramp 1-1027
2026-10-08 22:34:21,984 INFO o.a.j.t.JMeterThread: Thread finished: Intake ramp 1-1027
2026-10-08 22:34:23,389 INFO o.a.j.t.JMeterThread: Thread started: Intake ramp 1-1419
2026-10-08 22:34:24,058 INFO o.a.j.t.JMeterThread: Thread started: Intake ramp 1-1420
2026-10-08 22:34:24,796 INFO o.a.j.t.JMeterThread: Thread started: Intake ramp 1-1421
2026-10-08 22:34:25,775 INFO o.a.j.t.JMeterThread: Thread is done: Intake ramp 1-1028
2026-10-08 22:34:25,775 INFO o.a.j.t.JMeterThread: Thread finished: Intake ramp 1-1028
2026-10-08 22:34:26,141 INFO o.a.j.t.JMeterThread: Thread started: Intake ramp 1-1422
2026-10-08 22:34:26,885 INFO o.a.j.t.JMeterThread: Thread started: Intake ramp 1-1423
2026-10-08 22:34:27,543 INFO o.a.j.t.JMeterThread: Thread is done: Intake ramp 1-1029
2026-10-08 22:34:27,543 INFO o.a.j.t.JMeterThread: Thread finished: Intake ramp 1-1029
2026-10-08 22:34:29,044 INFO o.a.j.t.JMeterThread: Thread started: Intake ramp 1-1424
2026-10-08 22:34:30,610 INFO o.a.j.t.JMeterThread: Thread started: Intake ramp 1-1425
2026-10-08 22:34:30,757 INFO o.a.j.t.JMeterThread: Thread started: Intake ramp 1-1426
2026-10-08 22:34:31,158 INFO o.a.j.r.Summariser: summary +      9 in 00:00:29 =    0.3/s Avg: 517655 Min: 510888 Max: 526283 Err:     0 (0.00%) Active: 397 Started: 1426 Finished: 1029
2026-10-08 22:34:31,158 INFO o.a.j.r.Summariser: summary =   1030 in 00:56:13 =    0.3/s Avg: 158854 Min:   540 Max: 526283 Err:     0 (0.00%)
2026-10-08 22:34:31,160 INFO o.a.j.t.JMeterThread: Thread is done: Intake ramp 1-1030
2026-10-08 22:34:31,160 INFO o.a.j.t.JMeterThread: Thread finished: Intake ramp 1-1030
2026-10-08 22:34:32,485 INFO o.a.j.t.JMeterThread: Thread started: Intake ramp 1-1427
2026-10-08 22:34:32,573 INFO o.a.j.t.JMeterThread: Thread started: Intake ramp 1-1428
2026-10-08 22:34:32,874 INFO o.a.j.t.JMeterThread: Thread started: Intake ramp 1-1429
2026-10-08 22:34:33,487 INFO o.a.j.t.JMeterThread: Thread is done: Intake ramp 1-1031
2026-10-08 22:34:33,487 INFO o.a.j.t.JMeterThread: Thread finished: Intake ramp 1-1031
2026-10-08 22:34:34,850 INFO o.a.j.t.JMeterThread: Thread started: Intake ramp 1-1430
2026-10-08 22:34:35,393 INFO o.a.j.t.JMeterThread: Thread is done: Intake ramp 1-1032
2026-10-08 22:34:35,393 INFO o.a.j.t.JMeterThread: Thread finished: Intake ramp 1-1032
2026-10-08 22:34:37,414 INFO o.a.j.t.JMeterThread: Thread started: Intake ramp 1-1431
2026-10-08 22:34:37,478 INFO o.a.j.t.JMeterThread: Thread is done: Intake ramp 1-1033
2026-10-08 22:34:37,478 INFO o.a.j.t.JMeterThread: Thread finished: Intake ramp 1-1033
2026-10-08 22:34:38,626 INFO o.a.j.t.JMeterThread: Thread started: Intake ramp 1-1432
2026-10-08 22:34:38,834 INFO o.a.j.t.JMeterThread: Thread started: Intake ramp 1-1433
2026-10-08 22:34:40,090 INFO o.a.j.t.JMeterThread: Thread started: Intake ramp 1-1434
2026-10-08 22:34:40,515 INFO o.a.j.t.JMeterThread: Thread is done: Intake ramp 1-1034
2026-10-08 22:34:40,515 INFO o.a.j.t.JMeterThread: Thread finished: Intake ramp 1-1034
2026-10-08 22:34:43,930 INFO o.a.j.t.JMeterThread: Thread is done: Intake ramp 1-1035
2026-10-08 22:34:43,930 INFO o.a.j.t.JMeterThread: Thread finished: Intake ramp 1-1035
2026-10-08 22:34:44,267 INFO o.a.j.t.JMeterThread: Thread started: Intake ramp 1-1435
2026-10-08 22:34:44,517 INFO o.a.j.t.JMeterThread: Thread started: Intake ramp 1-1436
2026-10-08 22:34:44,988 INFO o.a.j.t.JMeterThread: Thread started: Intake ramp 1-1437
2026-10-08 22:34:45,220 INFO o.a.j.t.JMeterThread: Thread started: Intake ramp 1-1438
2026-10-08 22:34:46,203 INFO o.a.j.t.JMeterThread: Thread started: Intake ramp 1-1439
2026-10-08 22:34:46,859 INFO o.a.j.t.JMeterThread: Thread started: Intake ramp 1-1440
2026-10-08 22:34:47,201 INFO o.a.j.t.JMeterThread: Thread is done: Intake ramp 1-1036
2026-10-08 22:34:47,201 INFO o.a.j.t.JMeterThread: Thread finished: Intake ramp 1-1036
2026-10-08 22:34:48,043 INFO o.a.j.t.JMeterThread: Thread started: Intake ramp 1-1441
2026-10-08 22:34:49,456 INFO o.a.j.t.JMeterThread: Thread is done: Intake ramp 1-1037
2026-10-08 22:34:49,456 INFO o.a.j.t.JMeterThread: Thread finished: Intake ramp 1-1037
2026-10-08 22:34:51,339 INFO o.a.j.t.JMeterThread: Thread is done: Intake ramp 1-1038
2026-10-08 22:34:51,339 INFO o.a.j.t.JMeterThread: Thread finished: Intake ramp 1-1038
2026-10-08 22:34:53,222 INFO o.a.j.t.JMeterThread: Thread started: Intake ramp 1-1442
2026-10-08 22:34:53,354 INFO o.a.j.t.JMeterThread: Thread is done: Intake ramp 1-1039
2026-10-08 22:34:53,354 INFO o.a.j.t.JMeterThread: Thread finished: Intake ramp 1-1039
2026-10-08 22:34:53,567 INFO o.a.j.t.JMeterThread: Thread started: Intake ramp 1-1443
2026-10-08 22:34:53,663 INFO o.a.j.t.JMeterThread: Thread started: Intake ramp 1-1444
2026-10-08 22:34:53,727 INFO o.a.j.t.JMeterThread: Thread started: Intake ramp 1-1445
2026-10-08 22:34:54,078 INFO o.a.j.t.JMeterThread: Thread started: Intake ramp 1-1446
2026-10-08 22:34:56,309 INFO o.a.j.t.JMeterThread: Thread is done: Intake ramp 1-1040
2026-10-08 22:34:56,309 INFO o.a.j.t.JMeterThread: Thread finished: Intake ramp 1-1040
2026-10-08 22:34:56,855 INFO o.a.j.t.JMeterThread: Thread started: Intake ramp 1-1447
2026-10-08 22:34:56,891 INFO o.a.j.t.JMeterThread: Thread started: Intake ramp 1-1448
2026-10-08 22:34:59,079 INFO o.a.j.t.JMeterThread: Thread is done: Intake ramp 1-1041
2026-10-08 22:34:59,079 INFO o.a.j.t.JMeterThread: Thread finished: Intake ramp 1-1041
2026-10-08 22:34:59,967 INFO o.a.j.t.JMeterThread: Thread started: Intake ramp 1-1449
2026-10-08 22:35:01,275 INFO o.a.j.t.JMeterThread: Thread started: Intake ramp 1-1450
2026-10-08 22:35:01,560 INFO o.a.j.r.Summariser: summary +     12 in 00:00:30 =    0.4/s Avg: 531803 Min: 526189 Max: 538588 Err:     0 (0.00%) Active: 409 Started: 1450 Finished: 1041
2026-10-08 22:35:01,562 INFO o.a.j.r.Summariser: summary =   1042 in 00:56:43 =    0.3/s Avg: 163149 Min:   540 Max: 538588 Err:     0 (0.00%)
2026-10-08 22:35:01,562 INFO o.a.j.t.JMeterThread: Thread is done: Intake ramp 1-1042
2026-10-08 22:35:01,562 INFO o.a.j.t.JMeterThread: Thread finished: Intake ramp 1-1042
2026-10-08 22:35:02,273 INFO o.a.j.t.JMeterThread: Thread started: Intake ramp 1-1451
2026-10-08 22:35:03,239 INFO o.a.j.t.JMeterThread: Thread started: Intake ramp 1-1452
2026-10-08 22:35:03,580 INFO o.a.j.t.JMeterThread: Thread started: Intake ramp 1-1453
2026-10-08 22:35:03,914 INFO o.a.j.t.JMeterThread: Thread started: Intake ramp 1-1454
2026-10-08 22:35:05,281 INFO o.a.j.t.JMeterThread: Thread is done: Intake ramp 1-1043
2026-10-08 22:35:05,281 INFO o.a.j.t.JMeterThread: Thread finished: Intake ramp 1-1043
2026-10-08 22:35:07,712 INFO o.a.j.t.JMeterThread: Thread started: Intake ramp 1-1455
2026-10-08 22:35:07,930 INFO o.a.j.t.JMeterThread: Thread started: Intake ramp 1-1456
2026-10-08 22:35:08,078 INFO o.a.j.t.JMeterThread: Thread started: Intake ramp 1-1457
2026-10-08 22:35:08,275 INFO o.a.j.t.JMeterThread: Thread started: Intake ramp 1-1458
2026-10-08 22:35:08,757 INFO o.a.j.t.JMeterThread: Thread is done: Intake ramp 1-1044
2026-10-08 22:35:08,757 INFO o.a.j.t.JMeterThread: Thread finished: Intake ramp 1-1044
2026-10-08 22:35:08,806 INFO o.a.j.t.JMeterThread: Thread started: Intake ramp 1-1459
2026-10-08 22:35:09,250 INFO o.a.j.t.JMeterThread: Thread started: Intake ramp 1-1460
2026-10-08 22:35:09,541 INFO o.a.j.t.JMeterThread: Thread started: Intake ramp 1-1461
2026-10-08 22:35:11,137 INFO o.a.j.t.JMeterThread: Thread started: Intake ramp 1-1462
2026-10-08 22:35:11,980 INFO o.a.j.t.JMeterThread: Thread started: Intake ramp 1-1463
2026-10-08 22:35:12,761 INFO o.a.j.t.JMeterThread: Thread is done: Intake ramp 1-1045
2026-10-08 22:35:12,761 INFO o.a.j.t.JMeterThread: Thread finished: Intake ramp 1-1045
2026-10-08 22:35:14,523 INFO o.a.j.t.JMeterThread: Thread started: Intake ramp 1-1464
2026-10-08 22:35:15,210 INFO o.a.j.t.JMeterThread: Thread is done: Intake ramp 1-1047
2026-10-08 22:35:15,210 INFO o.a.j.t.JMeterThread: Thread finished: Intake ramp 1-1047
2026-10-08 22:35:15,614 INFO o.a.j.t.JMeterThread: Thread started: Intake ramp 1-1465
2026-10-08 22:35:16,466 INFO o.a.j.t.JMeterThread: Thread is done: Intake ramp 1-1046
2026-10-08 22:35:16,466 INFO o.a.j.t.JMeterThread: Thread finished: Intake ramp 1-1046
2026-10-08 22:35:18,749 INFO o.a.j.t.JMeterThread: Thread started: Intake ramp 1-1466
2026-10-08 22:35:19,044 INFO o.a.j.t.JMeterThread: Thread started: Intake ramp 1-1467
2026-10-08 22:35:19,065 INFO o.a.j.t.JMeterThread: Thread is done: Intake ramp 1-1048
2026-10-08 22:35:19,065 INFO o.a.j.t.JMeterThread: Thread finished: Intake ramp 1-1048
2026-10-08 22:35:19,678 INFO o.a.j.t.JMeterThread: Thread started: Intake ramp 1-1468
2026-10-08 22:35:20,331 INFO o.a.j.t.JMeterThread: Thread started: Intake ramp 1-1469
2026-10-08 22:35:22,861 INFO o.a.j.t.JMeterThread: Thread is done: Intake ramp 1-1049
2026-10-08 22:35:22,861 INFO o.a.j.t.JMeterThread: Thread finished: Intake ramp 1-1049
2026-10-08 22:35:22,986 INFO o.a.j.t.JMeterThread: Thread started: Intake ramp 1-1470
2026-10-08 22:35:23,235 INFO o.a.j.t.JMeterThread: Thread started: Intake ramp 1-1471
2026-10-08 22:35:24,469 INFO o.a.j.t.JMeterThread: Thread is done: Intake ramp 1-1050
2026-10-08 22:35:24,469 INFO o.a.j.t.JMeterThread: Thread finished: Intake ramp 1-1050
2026-10-08 22:35:26,096 INFO o.a.j.t.JMeterThread: Thread is done: Intake ramp 1-1051
2026-10-08 22:35:26,096 INFO o.a.j.t.JMeterThread: Thread finished: Intake ramp 1-1051
2026-10-08 22:35:26,626 INFO o.a.j.t.JMeterThread: Thread started: Intake ramp 1-1472
2026-10-08 22:35:27,383 INFO o.a.j.t.JMeterThread: Thread started: Intake ramp 1-1473
2026-10-08 22:35:29,245 INFO o.a.j.t.JMeterThread: Thread started: Intake ramp 1-1474
2026-10-08 22:35:29,894 INFO o.a.j.t.JMeterThread: Thread started: Intake ramp 1-1475
2026-10-08 22:35:30,003 INFO o.a.j.r.Summariser: summary +     10 in 00:00:28 =    0.4/s Avg: 547635 Min: 541320 Max: 553329 Err:     0 (0.00%) Active: 424 Started: 1475 Finished: 1051
2026-10-08 22:35:30,003 INFO o.a.j.r.Summariser: summary =   1052 in 00:57:11 =    0.3/s Avg: 166804 Min:   540 Max: 553329 Err:     0 (0.00%)
2026-10-08 22:35:30,004 INFO o.a.j.t.JMeterThread: Thread is done: Intake ramp 1-1052
2026-10-08 22:35:30,004 INFO o.a.j.t.JMeterThread: Thread finished: Intake ramp 1-1052
2026-10-08 22:35:30,520 INFO o.a.j.t.JMeterThread: Thread started: Intake ramp 1-1476
2026-10-08 22:35:30,964 INFO o.a.j.t.JMeterThread: Thread started: Intake ramp 1-1477
2026-10-08 22:35:31,422 INFO o.a.j.t.JMeterThread: Thread started: Intake ramp 1-1478
2026-10-08 22:35:31,447 INFO o.a.j.t.JMeterThread: Thread is done: Intake ramp 1-1053
2026-10-08 22:35:31,447 INFO o.a.j.t.JMeterThread: Thread finished: Intake ramp 1-1053
2026-10-08 22:35:31,826 INFO o.a.j.t.JMeterThread: Thread started: Intake ramp 1-1479
2026-10-08 22:35:31,956 INFO o.a.j.t.JMeterThread: Thread started: Intake ramp 1-1480
2026-10-08 22:35:32,976 INFO o.a.j.t.JMeterThread: Thread started: Intake ramp 1-1481
2026-10-08 22:35:33,255 INFO o.a.j.t.JMeterThread: Thread is done: Intake ramp 1-1054
2026-10-08 22:35:33,255 INFO o.a.j.t.JMeterThread: Thread finished: Intake ramp 1-1054
2026-10-08 22:35:34,450 INFO o.a.j.t.JMeterThread: Thread is done: Intake ramp 1-1055
2026-10-08 22:35:34,450 INFO o.a.j.t.JMeterThread: Thread finished: Intake ramp 1-1055
2026-10-08 22:35:34,572 INFO o.a.j.t.JMeterThread: Thread started: Intake ramp 1-1482
2026-10-08 22:35:34,844 INFO o.a.j.t.JMeterThread: Thread started: Intake ramp 1-1483
2026-10-08 22:35:37,001 INFO o.a.j.t.JMeterThread: Thread started: Intake ramp 1-1484
2026-10-08 22:35:38,913 INFO o.a.j.t.JMeterThread: Thread is done: Intake ramp 1-1056
2026-10-08 22:35:38,913 INFO o.a.j.t.JMeterThread: Thread finished: Intake ramp 1-1056
2026-10-08 22:35:39,616 INFO o.a.j.t.JMeterThread: Thread started: Intake ramp 1-1485
2026-10-08 22:35:41,045 INFO o.a.j.t.JMeterThread: Thread started: Intake ramp 1-1486
2026-10-08 22:35:41,685 INFO o.a.j.t.JMeterThread: Thread started: Intake ramp 1-1487
2026-10-08 22:35:41,961 INFO o.a.j.t.JMeterThread: Thread is done: Intake ramp 1-1057
2026-10-08 22:35:41,961 INFO o.a.j.t.JMeterThread: Thread finished: Intake ramp 1-1057
2026-10-08 22:35:42,032 INFO o.a.j.t.JMeterThread: Thread started: Intake ramp 1-1488
2026-10-08 22:35:44,051 INFO o.a.j.t.JMeterThread: Thread is done: Intake ramp 1-1058
2026-10-08 22:35:44,051 INFO o.a.j.t.JMeterThread: Thread finished: Intake ramp 1-1058
2026-10-08 22:35:44,637 INFO o.a.j.t.JMeterThread: Thread started: Intake ramp 1-1489
2026-10-08 22:35:44,741 INFO o.a.j.t.JMeterThread: Thread started: Intake ramp 1-1490
2026-10-08 22:35:46,018 INFO o.a.j.t.JMeterThread: Thread started: Intake ramp 1-1491
2026-10-08 22:35:46,099 INFO o.a.j.t.JMeterThread: Thread is done: Intake ramp 1-1059
2026-10-08 22:35:46,099 INFO o.a.j.t.JMeterThread: Thread finished: Intake ramp 1-1059
2026-10-08 22:35:46,739 INFO o.a.j.t.JMeterThread: Thread started: Intake ramp 1-1492
2026-10-08 22:35:46,908 INFO o.a.j.t.JMeterThread: Thread started: Intake ramp 1-1493
2026-10-08 22:35:47,034 INFO o.a.j.t.JMeterThread: Thread started: Intake ramp 1-1494
2026-10-08 22:35:47,449 INFO o.a.j.t.JMeterThread: Thread started: Intake ramp 1-1495
2026-10-08 22:35:47,765 INFO o.a.j.t.JMeterThread: Thread is done: Intake ramp 1-1060
2026-10-08 22:35:47,765 INFO o.a.j.t.JMeterThread: Thread finished: Intake ramp 1-1060
2026-10-08 22:35:51,025 INFO o.a.j.t.JMeterThread: Thread started: Intake ramp 1-1496
2026-10-08 22:35:51,316 INFO o.a.j.t.JMeterThread: Thread is done: Intake ramp 1-1061
2026-10-08 22:35:51,316 INFO o.a.j.t.JMeterThread: Thread finished: Intake ramp 1-1061
2026-10-08 22:35:54,961 INFO o.a.j.t.JMeterThread: Thread started: Intake ramp 1-1497
2026-10-08 22:35:55,440 INFO o.a.j.t.JMeterThread: Thread started: Intake ramp 1-1498
2026-10-08 22:35:55,868 INFO o.a.j.t.JMeterThread: Thread is done: Intake ramp 1-1062
2026-10-08 22:35:55,868 INFO o.a.j.t.JMeterThread: Thread finished: Intake ramp 1-1062
2026-10-08 22:35:56,398 INFO o.a.j.t.JMeterThread: Thread started: Intake ramp 1-1499
2026-10-08 22:35:58,019 INFO o.a.j.t.JMeterThread: Thread is done: Intake ramp 1-1063
2026-10-08 22:35:58,019 INFO o.a.j.t.JMeterThread: Thread finished: Intake ramp 1-1063
2026-10-08 22:35:58,069 INFO o.a.j.t.JMeterThread: Thread started: Intake ramp 1-1500
2026-10-08 22:35:58,255 INFO o.a.j.t.JMeterThread: Thread started: Intake ramp 1-1501
2026-10-08 22:35:59,061 INFO o.a.j.t.JMeterThread: Thread started: Intake ramp 1-1502
2026-10-08 22:35:59,796 INFO o.a.j.t.JMeterThread: Thread started: Intake ramp 1-1503
2026-10-08 22:36:00,449 INFO o.a.j.t.JMeterThread: Thread started: Intake ramp 1-1504
2026-10-08 22:36:00,871 INFO o.a.j.r.Summariser: summary +     12 in 00:00:31 =    0.4/s Avg: 559322 Min: 553289 Max: 566436 Err:     0 (0.00%) Active: 441 Started: 1504 Finished: 1063
2026-10-08 22:36:00,872 INFO o.a.j.r.Summariser: summary =   1064 in 00:57:42 =    0.3/s Avg: 171231 Min:   540 Max: 566436 Err:     0 (0.00%)
2026-10-08 22:36:00,872 INFO o.a.j.t.JMeterThread: Thread is done: Intake ramp 1-1064
2026-10-08 22:36:00,872 INFO o.a.j.t.JMeterThread: Thread finished: Intake ramp 1-1064
2026-10-08 22:36:01,310 INFO o.a.j.t.JMeterThread: Thread started: Intake ramp 1-1505
2026-10-08 22:36:02,493 INFO o.a.j.t.JMeterThread: Thread started: Intake ramp 1-1506
2026-10-08 22:36:02,597 INFO o.a.j.t.JMeterThread: Thread is done: Intake ramp 1-1065
2026-10-08 22:36:02,597 INFO o.a.j.t.JMeterThread: Thread finished: Intake ramp 1-1065
2026-10-08 22:36:03,647 INFO o.a.j.t.JMeterThread: Thread is done: Intake ramp 1-1066
2026-10-08 22:36:03,647 INFO o.a.j.t.JMeterThread: Thread finished: Intake ramp 1-1066
2026-10-08 22:36:03,860 INFO o.a.j.t.JMeterThread: Thread started: Intake ramp 1-1507
2026-10-08 22:36:03,905 INFO o.a.j.t.JMeterThread: Thread started: Intake ramp 1-1508
2026-10-08 22:36:05,905 INFO o.a.j.t.JMeterThread: Thread started: Intake ramp 1-1509
2026-10-08 22:36:08,077 INFO o.a.j.t.JMeterThread: Thread is done: Intake ramp 1-1067
2026-10-08 22:36:08,077 INFO o.a.j.t.JMeterThread: Thread finished: Intake ramp 1-1067
2026-10-08 22:36:09,788 INFO o.a.j.t.JMeterThread: Thread started: Intake ramp 1-1510
2026-10-08 22:36:10,456 INFO o.a.j.t.JMeterThread: Thread is done: Intake ramp 1-1068
2026-10-08 22:36:10,456 INFO o.a.j.t.JMeterThread: Thread finished: Intake ramp 1-1068
2026-10-08 22:36:12,841 INFO o.a.j.t.JMeterThread: Thread started: Intake ramp 1-1511
2026-10-08 22:36:14,292 INFO o.a.j.t.JMeterThread: Thread is done: Intake ramp 1-1069
2026-10-08 22:36:14,292 INFO o.a.j.t.JMeterThread: Thread finished: Intake ramp 1-1069
2026-10-08 22:36:15,877 INFO o.a.j.t.JMeterThread: Thread started: Intake ramp 1-1512
2026-10-08 22:36:16,221 INFO o.a.j.t.JMeterThread: Thread started: Intake ramp 1-1513
2026-10-08 22:36:17,840 INFO o.a.j.t.JMeterThread: Thread is done: Intake ramp 1-1070
2026-10-08 22:36:17,840 INFO o.a.j.t.JMeterThread: Thread finished: Intake ramp 1-1070
2026-10-08 22:36:21,200 INFO o.a.j.t.JMeterThread: Thread started: Intake ramp 1-1514
2026-10-08 22:36:22,360 INFO o.a.j.t.JMeterThread: Thread is done: Intake ramp 1-1071
2026-10-08 22:36:22,360 INFO o.a.j.t.JMeterThread: Thread finished: Intake ramp 1-1071
2026-10-08 22:36:25,559 INFO o.a.j.t.JMeterThread: Thread started: Intake ramp 1-1515
2026-10-08 22:36:25,614 INFO o.a.j.t.JMeterThread: Thread is done: Intake ramp 1-1072
2026-10-08 22:36:25,614 INFO o.a.j.t.JMeterThread: Thread finished: Intake ramp 1-1072
2026-10-08 22:36:27,048 INFO o.a.j.t.JMeterThread: Thread started: Intake ramp 1-1516
2026-10-08 22:36:28,337 INFO o.a.j.t.JMeterThread: Thread started: Intake ramp 1-1517
2026-10-08 22:36:28,404 INFO o.a.j.t.JMeterThread: Thread is done: Intake ramp 1-1073
2026-10-08 22:36:28,404 INFO o.a.j.t.JMeterThread: Thread finished: Intake ramp 1-1073
2026-10-08 22:36:31,320 INFO o.a.j.t.JMeterThread: Thread started: Intake ramp 1-1518
2026-10-08 22:36:31,528 INFO o.a.j.t.JMeterThread: Thread started: Intake ramp 1-1519
2026-10-08 22:36:32,191 INFO o.a.j.r.Summariser: summary +     10 in 00:00:31 =    0.3/s Avg: 570571 Min: 565615 Max: 576741 Err:     0 (0.00%) Active: 446 Started: 1519 Finished: 1073
2026-10-08 22:36:32,204 INFO o.a.j.r.Summariser: summary =   1074 in 00:58:14 =    0.3/s Avg: 174949 Min:   540 Max: 576741 Err:     0 (0.00%)
2026-10-08 22:36:32,204 INFO o.a.j.t.JMeterThread: Thread is done: Intake ramp 1-1074
2026-10-08 22:36:32,204 INFO o.a.j.t.JMeterThread: Thread finished: Intake ramp 1-1074
2026-10-08 22:36:32,850 INFO o.a.j.t.JMeterThread: Thread started: Intake ramp 1-1520
2026-10-08 22:36:33,569 INFO o.a.j.t.JMeterThread: Thread started: Intake ramp 1-1521
2026-10-08 22:36:33,569 INFO o.a.j.t.JMeterThread: Thread started: Intake ramp 1-1522
2026-10-08 22:36:34,233 INFO o.a.j.t.JMeterThread: Thread started: Intake ramp 1-1523
2026-10-08 22:36:34,763 INFO o.a.j.t.JMeterThread: Thread started: Intake ramp 1-1524
2026-10-08 22:36:34,888 INFO o.a.j.t.JMeterThread: Thread is done: Intake ramp 1-1075
2026-10-08 22:36:34,888 INFO o.a.j.t.JMeterThread: Thread finished: Intake ramp 1-1075
2026-10-08 22:36:35,478 INFO o.a.j.t.JMeterThread: Thread started: Intake ramp 1-1525
2026-10-08 22:36:37,028 INFO o.a.j.t.JMeterThread: Thread is done: Intake ramp 1-1076
2026-10-08 22:36:37,028 INFO o.a.j.t.JMeterThread: Thread finished: Intake ramp 1-1076
2026-10-08 22:36:37,770 INFO o.a.j.t.JMeterThread: Thread started: Intake ramp 1-1526
2026-10-08 22:36:38,432 INFO o.a.j.t.JMeterThread: Thread started: Intake ramp 1-1527
2026-10-08 22:36:40,188 INFO o.a.j.t.JMeterThread: Thread is done: Intake ramp 1-1077
2026-10-08 22:36:40,188 INFO o.a.j.t.JMeterThread: Thread finished: Intake ramp 1-1077
2026-10-08 22:36:43,087 INFO o.a.j.t.JMeterThread: Thread is done: Intake ramp 1-1078
2026-10-08 22:36:43,087 INFO o.a.j.t.JMeterThread: Thread finished: Intake ramp 1-1078
2026-10-08 22:36:43,250 INFO o.a.j.t.JMeterThread: Thread started: Intake ramp 1-1528
2026-10-08 22:36:45,074 INFO o.a.j.t.JMeterThread: Thread started: Intake ramp 1-1529
2026-10-08 22:36:45,296 INFO o.a.j.t.JMeterThread: Thread is done: Intake ramp 1-1079
2026-10-08 22:36:45,296 INFO o.a.j.t.JMeterThread: Thread finished: Intake ramp 1-1079
2026-10-08 22:36:47,583 INFO o.a.j.t.JMeterThread: Thread is done: Intake ramp 1-1080
2026-10-08 22:36:47,583 INFO o.a.j.t.JMeterThread: Thread finished: Intake ramp 1-1080
2026-10-08 22:36:50,109 INFO o.a.j.t.JMeterThread: Thread is done: Intake ramp 1-1081
2026-10-08 22:36:50,109 INFO o.a.j.t.JMeterThread: Thread finished: Intake ramp 1-1081
2026-10-08 22:36:50,291 INFO o.a.j.t.JMeterThread: Thread started: Intake ramp 1-1530
2026-10-08 22:36:50,409 INFO o.a.j.t.JMeterThread: Thread started: Intake ramp 1-1531
2026-10-08 22:36:51,767 INFO o.a.j.t.JMeterThread: Thread started: Intake ramp 1-1532
2026-10-08 22:36:52,355 INFO o.a.j.t.JMeterThread: Thread started: Intake ramp 1-1533
2026-10-08 22:36:52,828 INFO o.a.j.t.JMeterThread: Thread started: Intake ramp 1-1534
2026-10-08 22:36:53,717 INFO o.a.j.t.JMeterThread: Thread started: Intake ramp 1-1535
2026-10-08 22:36:54,121 INFO o.a.j.t.JMeterThread: Thread started: Intake ramp 1-1536
2026-10-08 22:36:54,415 INFO o.a.j.t.JMeterThread: Thread started: Intake ramp 1-1537
2026-10-08 22:36:54,745 INFO o.a.j.t.JMeterThread: Thread is done: Intake ramp 1-1082
2026-10-08 22:36:54,746 INFO o.a.j.t.JMeterThread: Thread finished: Intake ramp 1-1082
2026-10-08 22:36:55,234 INFO o.a.j.t.JMeterThread: Thread started: Intake ramp 1-1538
2026-10-08 22:36:57,988 INFO o.a.j.t.JMeterThread: Thread started: Intake ramp 1-1539
2026-10-08 22:36:58,538 INFO o.a.j.t.JMeterThread: Thread started: Intake ramp 1-1540
2026-10-08 22:36:59,242 INFO o.a.j.t.JMeterThread: Thread is done: Intake ramp 1-1083
2026-10-08 22:36:59,242 INFO o.a.j.t.JMeterThread: Thread finished: Intake ramp 1-1083
2026-10-08 22:37:02,306 INFO o.a.j.r.Summariser: summary +     10 in 00:00:30 =    0.3/s Avg: 585224 Min: 579245 Max: 593208 Err:     0 (0.00%) Active: 457 Started: 1540 Finished: 1083
2026-10-08 22:37:02,306 INFO o.a.j.r.Summariser: summary =   1084 in 00:58:44 =    0.3/s Avg: 178734 Min:   540 Max: 593208 Err:     0 (0.00%)
2026-10-08 22:37:02,306 INFO o.a.j.t.JMeterThread: Thread is done: Intake ramp 1-1084
2026-10-08 22:37:02,306 INFO o.a.j.t.JMeterThread: Thread finished: Intake ramp 1-1084
2026-10-08 22:37:02,770 INFO o.a.j.t.JMeterThread: Thread started: Intake ramp 1-1541
2026-10-08 22:37:02,862 INFO o.a.j.t.JMeterThread: Thread started: Intake ramp 1-1542
2026-10-08 22:37:03,047 INFO o.a.j.t.JMeterThread: Thread started: Intake ramp 1-1543
2026-10-08 22:37:03,709 INFO o.a.j.t.JMeterThread: Thread started: Intake ramp 1-1544
2026-10-08 22:37:04,337 INFO o.a.j.t.JMeterThread: Thread started: Intake ramp 1-1545
2026-10-08 22:37:04,783 INFO o.a.j.t.JMeterThread: Thread started: Intake ramp 1-1546
2026-10-08 22:37:06,589 INFO o.a.j.t.JMeterThread: Thread started: Intake ramp 1-1547
2026-10-08 22:37:07,455 INFO o.a.j.t.JMeterThread: Thread is done: Intake ramp 1-1085
2026-10-08 22:37:07,455 INFO o.a.j.t.JMeterThread: Thread finished: Intake ramp 1-1085
2026-10-08 22:37:08,135 INFO o.a.j.t.JMeterThread: Thread started: Intake ramp 1-1548
2026-10-08 22:37:09,407 INFO o.a.j.t.JMeterThread: Thread is done: Intake ramp 1-1086
2026-10-08 22:37:09,407 INFO o.a.j.t.JMeterThread: Thread finished: Intake ramp 1-1086
2026-10-08 22:37:10,482 INFO o.a.j.t.JMeterThread: Thread started: Intake ramp 1-1549
2026-10-08 22:37:12,738 INFO o.a.j.t.JMeterThread: Thread is done: Intake ramp 1-1087
2026-10-08 22:37:12,738 INFO o.a.j.t.JMeterThread: Thread finished: Intake ramp 1-1087
2026-10-08 22:37:13,326 INFO o.a.j.t.JMeterThread: Thread started: Intake ramp 1-1550
2026-10-08 22:37:13,870 INFO o.a.j.t.JMeterThread: Thread started: Intake ramp 1-1551
2026-10-08 22:37:14,284 INFO o.a.j.t.JMeterThread: Thread is done: Intake ramp 1-1088
2026-10-08 22:37:14,284 INFO o.a.j.t.JMeterThread: Thread finished: Intake ramp 1-1088
2026-10-08 22:37:14,313 INFO o.a.j.t.JMeterThread: Thread started: Intake ramp 1-1552
2026-10-08 22:37:15,360 INFO o.a.j.t.JMeterThread: Thread is done: Intake ramp 1-1089
2026-10-08 22:37:15,360 INFO o.a.j.t.JMeterThread: Thread finished: Intake ramp 1-1089
2026-10-08 22:37:16,096 INFO o.a.j.t.JMeterThread: Thread is done: Intake ramp 1-1090
2026-10-08 22:37:16,096 INFO o.a.j.t.JMeterThread: Thread finished: Intake ramp 1-1090
2026-10-08 22:37:16,849 INFO o.a.j.t.JMeterThread: Thread started: Intake ramp 1-1553
2026-10-08 22:37:17,755 INFO o.a.j.t.JMeterThread: Thread started: Intake ramp 1-1554
2026-10-08 22:37:19,305 INFO o.a.j.t.JMeterThread: Thread is done: Intake ramp 1-1091
2026-10-08 22:37:19,305 INFO o.a.j.t.JMeterThread: Thread finished: Intake ramp 1-1091
2026-10-08 22:37:19,616 INFO o.a.j.t.JMeterThread: Thread started: Intake ramp 1-1555
2026-10-08 22:37:19,650 INFO o.a.j.t.JMeterThread: Thread is done: Intake ramp 1-1092
2026-10-08 22:37:19,650 INFO o.a.j.t.JMeterThread: Thread finished: Intake ramp 1-1092
2026-10-08 22:37:19,844 INFO o.a.j.t.JMeterThread: Thread started: Intake ramp 1-1556
2026-10-08 22:37:20,040 INFO o.a.j.t.JMeterThread: Thread started: Intake ramp 1-1557
2026-10-08 22:37:20,186 INFO o.a.j.t.JMeterThread: Thread started: Intake ramp 1-1558
2026-10-08 22:37:20,212 INFO o.a.j.t.JMeterThread: Thread started: Intake ramp 1-1559
2026-10-08 22:37:21,066 INFO o.a.j.t.JMeterThread: Thread started: Intake ramp 1-1560
2026-10-08 22:37:21,778 INFO o.a.j.t.JMeterThread: Thread is done: Intake ramp 1-1093
2026-10-08 22:37:21,778 INFO o.a.j.t.JMeterThread: Thread finished: Intake ramp 1-1093
2026-10-08 22:37:22,322 INFO o.a.j.t.JMeterThread: Thread started: Intake ramp 1-1561
2026-10-08 22:37:22,370 INFO o.a.j.t.JMeterThread: Thread started: Intake ramp 1-1562
2026-10-08 22:37:22,839 INFO o.a.j.t.JMeterThread: Thread started: Intake ramp 1-1563
2026-10-08 22:37:23,258 INFO o.a.j.t.JMeterThread: Thread is done: Intake ramp 1-1094
2026-10-08 22:37:23,258 INFO o.a.j.t.JMeterThread: Thread finished: Intake ramp 1-1094
2026-10-08 22:37:23,910 INFO o.a.j.t.JMeterThread: Thread is done: Intake ramp 1-1095
2026-10-08 22:37:23,910 INFO o.a.j.t.JMeterThread: Thread finished: Intake ramp 1-1095
2026-10-08 22:37:25,334 INFO o.a.j.t.JMeterThread: Thread started: Intake ramp 1-1564
2026-10-08 22:37:25,360 INFO o.a.j.t.JMeterThread: Thread started: Intake ramp 1-1565
2026-10-08 22:37:25,522 INFO o.a.j.t.JMeterThread: Thread started: Intake ramp 1-1566
2026-10-08 22:37:26,742 INFO o.a.j.t.JMeterThread: Thread is done: Intake ramp 1-1096
2026-10-08 22:37:26,742 INFO o.a.j.t.JMeterThread: Thread finished: Intake ramp 1-1096
2026-10-08 22:37:29,245 INFO o.a.j.t.JMeterThread: Thread is done: Intake ramp 1-1097
2026-10-08 22:37:29,245 INFO o.a.j.t.JMeterThread: Thread finished: Intake ramp 1-1097
2026-10-08 22:37:29,769 INFO o.a.j.t.JMeterThread: Thread is done: Intake ramp 1-1098
2026-10-08 22:37:29,769 INFO o.a.j.t.JMeterThread: Thread finished: Intake ramp 1-1098
2026-10-08 22:37:30,165 INFO o.a.j.t.JMeterThread: Thread started: Intake ramp 1-1567
2026-10-08 22:37:30,633 INFO o.a.j.t.JMeterThread: Thread started: Intake ramp 1-1568
2026-10-08 22:37:31,474 INFO o.a.j.r.Summariser: summary +     15 in 00:00:29 =    0.5/s Avg: 599369 Min: 595024 Max: 600008 Err:    12 (80.00%) Active: 470 Started: 1568 Finished: 1098
2026-10-08 22:37:31,475 INFO o.a.j.r.Summariser: summary =   1099 in 00:59:13 =    0.3/s Avg: 184475 Min:   540 Max: 600008 Err:    12 (1.09%)
2026-10-08 22:37:31,475 INFO o.a.j.t.JMeterThread: Thread is done: Intake ramp 1-1099
2026-10-08 22:37:31,475 INFO o.a.j.t.JMeterThread: Thread finished: Intake ramp 1-1099
2026-10-08 22:37:32,248 INFO o.a.j.t.JMeterThread: Thread started: Intake ramp 1-1569
2026-10-08 22:37:32,321 INFO o.a.j.t.JMeterThread: Thread started: Intake ramp 1-1570
2026-10-08 22:37:32,483 INFO o.a.j.t.JMeterThread: Thread started: Intake ramp 1-1571
2026-10-08 22:37:33,818 INFO o.a.j.t.JMeterThread: Thread started: Intake ramp 1-1572
2026-10-08 22:37:34,148 INFO o.a.j.t.JMeterThread: Thread is done: Intake ramp 1-1100
2026-10-08 22:37:34,148 INFO o.a.j.t.JMeterThread: Thread finished: Intake ramp 1-1100
2026-10-08 22:37:34,478 INFO o.a.j.t.JMeterThread: Thread started: Intake ramp 1-1573
2026-10-08 22:37:34,611 INFO o.a.j.t.JMeterThread: Thread started: Intake ramp 1-1574
2026-10-08 22:37:35,499 INFO o.a.j.t.JMeterThread: Thread started: Intake ramp 1-1575
2026-10-08 22:37:35,714 INFO o.a.j.t.JMeterThread: Thread started: Intake ramp 1-1576
2026-10-08 22:37:36,187 INFO o.a.j.t.JMeterThread: Thread is done: Intake ramp 1-1101
2026-10-08 22:37:36,187 INFO o.a.j.t.JMeterThread: Thread finished: Intake ramp 1-1101
2026-10-08 22:37:36,541 INFO o.a.j.t.JMeterThread: Thread started: Intake ramp 1-1577
2026-10-08 22:37:36,966 INFO o.a.j.t.JMeterThread: Thread started: Intake ramp 1-1578
2026-10-08 22:37:37,964 INFO o.a.j.t.JMeterThread: Thread started: Intake ramp 1-1579
2026-10-08 22:37:38,271 INFO o.a.j.t.JMeterThread: Thread started: Intake ramp 1-1580
2026-10-08 22:37:39,124 INFO o.a.j.t.JMeterThread: Thread started: Intake ramp 1-1581
2026-10-08 22:37:39,138 INFO o.a.j.t.JMeterThread: Thread started: Intake ramp 1-1582
2026-10-08 22:37:39,352 INFO o.a.j.t.JMeterThread: Thread started: Intake ramp 1-1583
2026-10-08 22:37:39,566 INFO o.a.j.t.JMeterThread: Thread started: Intake ramp 1-1584
2026-10-08 22:37:39,644 INFO o.a.j.t.JMeterThread: Thread is done: Intake ramp 1-1102
2026-10-08 22:37:39,645 INFO o.a.j.t.JMeterThread: Thread finished: Intake ramp 1-1102
2026-10-08 22:37:40,152 INFO o.a.j.t.JMeterThread: Thread is done: Intake ramp 1-1103
2026-10-08 22:37:40,152 INFO o.a.j.t.JMeterThread: Thread finished: Intake ramp 1-1103
2026-10-08 22:37:40,457 INFO o.a.j.t.JMeterThread: Thread is done: Intake ramp 1-1104
2026-10-08 22:37:40,457 INFO o.a.j.t.JMeterThread: Thread finished: Intake ramp 1-1104
2026-10-08 22:37:40,807 INFO o.a.j.t.JMeterThread: Thread started: Intake ramp 1-1585
2026-10-08 22:37:41,130 INFO o.a.j.t.JMeterThread: Thread is done: Intake ramp 1-1105
2026-10-08 22:37:41,130 INFO o.a.j.t.JMeterThread: Thread finished: Intake ramp 1-1105
2026-10-08 22:37:42,534 INFO o.a.j.t.JMeterThread: Thread started: Intake ramp 1-1586
2026-10-08 22:37:42,802 INFO o.a.j.t.JMeterThread: Thread is done: Intake ramp 1-1106
2026-10-08 22:37:42,802 INFO o.a.j.t.JMeterThread: Thread finished: Intake ramp 1-1106
2026-10-08 22:37:43,028 INFO o.a.j.t.JMeterThread: Thread started: Intake ramp 1-1587
2026-10-08 22:37:43,073 INFO o.a.j.t.JMeterThread: Thread started: Intake ramp 1-1588
2026-10-08 22:37:43,083 INFO o.a.j.t.JMeterThread: Thread started: Intake ramp 1-1589
2026-10-08 22:37:43,773 INFO o.a.j.t.JMeterThread: Thread is done: Intake ramp 1-1107
2026-10-08 22:37:43,773 INFO o.a.j.t.JMeterThread: Thread finished: Intake ramp 1-1107
2026-10-08 22:37:43,782 INFO o.a.j.t.JMeterThread: Thread started: Intake ramp 1-1590
2026-10-08 22:37:43,986 INFO o.a.j.t.JMeterThread: Thread is done: Intake ramp 1-1108
2026-10-08 22:37:43,986 INFO o.a.j.t.JMeterThread: Thread finished: Intake ramp 1-1108
2026-10-08 22:37:44,446 INFO o.a.j.t.JMeterThread: Thread started: Intake ramp 1-1591
2026-10-08 22:37:46,160 INFO o.a.j.t.JMeterThread: Thread is done: Intake ramp 1-1109
2026-10-08 22:37:46,160 INFO o.a.j.t.JMeterThread: Thread finished: Intake ramp 1-1109
2026-10-08 22:37:46,473 INFO o.a.j.t.JMeterThread: Thread started: Intake ramp 1-1592
2026-10-08 22:37:46,722 INFO o.a.j.t.JMeterThread: Thread is done: Intake ramp 1-1110
2026-10-08 22:37:46,722 INFO o.a.j.t.JMeterThread: Thread finished: Intake ramp 1-1110
2026-10-08 22:37:48,515 INFO o.a.j.t.JMeterThread: Thread is done: Intake ramp 1-1111
2026-10-08 22:37:48,515 INFO o.a.j.t.JMeterThread: Thread finished: Intake ramp 1-1111
2026-10-08 22:37:49,244 INFO o.a.j.t.JMeterThread: Thread is done: Intake ramp 1-1112
2026-10-08 22:37:49,244 INFO o.a.j.t.JMeterThread: Thread finished: Intake ramp 1-1112
2026-10-08 22:37:50,038 INFO o.a.j.t.JMeterThread: Thread started: Intake ramp 1-1593
2026-10-08 22:37:50,387 INFO o.a.j.t.JMeterThread: Thread started: Intake ramp 1-1594
2026-10-08 22:37:50,998 INFO o.a.j.t.JMeterThread: Thread is done: Intake ramp 1-1113
2026-10-08 22:37:50,998 INFO o.a.j.t.JMeterThread: Thread finished: Intake ramp 1-1113
2026-10-08 22:37:51,282 INFO o.a.j.t.JMeterThread: Thread is done: Intake ramp 1-1114
2026-10-08 22:37:51,282 INFO o.a.j.t.JMeterThread: Thread finished: Intake ramp 1-1114
2026-10-08 22:37:51,303 INFO o.a.j.t.JMeterThread: Thread is done: Intake ramp 1-1115
2026-10-08 22:37:51,303 INFO o.a.j.t.JMeterThread: Thread finished: Intake ramp 1-1115
2026-10-08 22:37:51,773 INFO o.a.j.t.JMeterThread: Thread started: Intake ramp 1-1595
2026-10-08 22:37:52,096 INFO o.a.j.t.JMeterThread: Thread is done: Intake ramp 1-1116
2026-10-08 22:37:52,096 INFO o.a.j.t.JMeterThread: Thread finished: Intake ramp 1-1116
2026-10-08 22:37:52,794 INFO o.a.j.t.JMeterThread: Thread is done: Intake ramp 1-1117
2026-10-08 22:37:52,794 INFO o.a.j.t.JMeterThread: Thread finished: Intake ramp 1-1117
2026-10-08 22:37:53,837 INFO o.a.j.t.JMeterThread: Thread started: Intake ramp 1-1596
2026-10-08 22:37:54,664 INFO o.a.j.t.JMeterThread: Thread started: Intake ramp 1-1597
2026-10-08 22:37:55,619 INFO o.a.j.t.JMeterThread: Thread started: Intake ramp 1-1598
2026-10-08 22:37:56,024 INFO o.a.j.t.JMeterThread: Thread is done: Intake ramp 1-1118
2026-10-08 22:37:56,024 INFO o.a.j.t.JMeterThread: Thread finished: Intake ramp 1-1118
2026-10-08 22:37:56,406 INFO o.a.j.t.JMeterThread: Thread started: Intake ramp 1-1599
2026-10-08 22:37:56,432 INFO o.a.j.t.JMeterThread: Thread is done: Intake ramp 1-1119
2026-10-08 22:37:56,432 INFO o.a.j.t.JMeterThread: Thread finished: Intake ramp 1-1119
2026-10-08 22:37:57,670 INFO o.a.j.t.JMeterThread: Thread started: Intake ramp 1-1600
2026-10-08 22:37:59,154 INFO o.a.j.t.JMeterThread: Thread is done: Intake ramp 1-1120
2026-10-08 22:37:59,154 INFO o.a.j.t.JMeterThread: Thread finished: Intake ramp 1-1120
2026-10-08 22:37:59,371 INFO o.a.j.t.JMeterThread: Thread is done: Intake ramp 1-1121
2026-10-08 22:37:59,371 INFO o.a.j.t.JMeterThread: Thread finished: Intake ramp 1-1121
2026-10-08 22:38:00,258 INFO o.a.j.r.Summariser: summary +     23 in 00:00:29 =    0.8/s Avg: 600004 Min: 600002 Max: 600018 Err:    23 (100.00%) Active: 479 Started: 1600 Finished: 1121
2026-10-08 22:38:00,259 INFO o.a.j.r.Summariser: summary =   1122 in 00:59:42 =    0.3/s Avg: 192993 Min:   540 Max: 600018 Err:    35 (3.12%)
2026-10-08 22:38:00,260 INFO o.a.j.t.JMeterThread: Thread is done: Intake ramp 1-1122
2026-10-08 22:38:00,260 INFO o.a.j.t.JMeterThread: Thread finished: Intake ramp 1-1122
2026-10-08 22:38:02,205 INFO o.a.j.t.JMeterThread: Thread is done: Intake ramp 1-1123
2026-10-08 22:38:02,205 INFO o.a.j.t.JMeterThread: Thread finished: Intake ramp 1-1123
2026-10-08 22:38:02,469 INFO o.a.j.t.JMeterThread: Thread started: Intake ramp 1-1601
2026-10-08 22:38:02,830 INFO o.a.j.t.JMeterThread: Thread started: Intake ramp 1-1602
2026-10-08 22:38:03,421 INFO o.a.j.t.JMeterThread: Thread is done: Intake ramp 1-1124
2026-10-08 22:38:03,421 INFO o.a.j.t.JMeterThread: Thread finished: Intake ramp 1-1124
2026-10-08 22:38:03,518 INFO o.a.j.t.JMeterThread: Thread is done: Intake ramp 1-1125
2026-10-08 22:38:03,518 INFO o.a.j.t.JMeterThread: Thread finished: Intake ramp 1-1125
2026-10-08 22:38:03,934 INFO o.a.j.t.JMeterThread: Thread is done: Intake ramp 1-1126
2026-10-08 22:38:03,934 INFO o.a.j.t.JMeterThread: Thread finished: Intake ramp 1-1126
2026-10-08 22:38:04,419 INFO o.a.j.t.JMeterThread: Thread is done: Intake ramp 1-1127
2026-10-08 22:38:04,419 INFO o.a.j.t.JMeterThread: Thread finished: Intake ramp 1-1127
2026-10-08 22:38:05,027 INFO o.a.j.t.JMeterThread: Thread is done: Intake ramp 1-1128
2026-10-08 22:38:05,027 INFO o.a.j.t.JMeterThread: Thread finished: Intake ramp 1-1128
2026-10-08 22:38:06,162 INFO o.a.j.t.JMeterThread: Thread is done: Intake ramp 1-1129
2026-10-08 22:38:06,162 INFO o.a.j.t.JMeterThread: Thread finished: Intake ramp 1-1129
2026-10-08 22:38:06,552 INFO o.a.j.t.JMeterThread: Thread started: Intake ramp 1-1603
2026-10-08 22:38:06,661 INFO o.a.j.t.JMeterThread: Thread started: Intake ramp 1-1604
2026-10-08 22:38:06,755 INFO o.a.j.t.JMeterThread: Thread started: Intake ramp 1-1605
2026-10-08 22:38:06,973 INFO o.a.j.t.JMeterThread: Thread started: Intake ramp 1-1606
2026-10-08 22:38:06,982 INFO o.a.j.t.JMeterThread: Thread started: Intake ramp 1-1607
2026-10-08 22:38:07,424 INFO o.a.j.t.JMeterThread: Thread is done: Intake ramp 1-1130
2026-10-08 22:38:07,425 INFO o.a.j.t.JMeterThread: Thread finished: Intake ramp 1-1130
2026-10-08 22:38:09,690 INFO o.a.j.t.JMeterThread: Thread is done: Intake ramp 1-1131
2026-10-08 22:38:09,690 INFO o.a.j.t.JMeterThread: Thread finished: Intake ramp 1-1131
2026-10-08 22:38:09,842 INFO o.a.j.t.JMeterThread: Thread started: Intake ramp 1-1608
2026-10-08 22:38:10,159 INFO o.a.j.t.JMeterThread: Thread started: Intake ramp 1-1609
2026-10-08 22:38:10,696 INFO o.a.j.t.JMeterThread: Thread started: Intake ramp 1-1610
2026-10-08 22:38:11,683 INFO o.a.j.t.JMeterThread: Thread is done: Intake ramp 1-1132
2026-10-08 22:38:11,683 INFO o.a.j.t.JMeterThread: Thread finished: Intake ramp 1-1132
2026-10-08 22:38:11,986 INFO o.a.j.t.JMeterThread: Thread started: Intake ramp 1-1611
2026-10-08 22:38:12,059 INFO o.a.j.t.JMeterThread: Thread started: Intake ramp 1-1612
2026-10-08 22:38:12,224 INFO o.a.j.t.JMeterThread: Thread started: Intake ramp 1-1613
2026-10-08 22:38:12,421 INFO o.a.j.t.JMeterThread: Thread is done: Intake ramp 1-1133
2026-10-08 22:38:12,421 INFO o.a.j.t.JMeterThread: Thread finished: Intake ramp 1-1133
2026-10-08 22:38:12,473 INFO o.a.j.t.JMeterThread: Thread started: Intake ramp 1-1614
2026-10-08 22:38:12,728 INFO o.a.j.t.JMeterThread: Thread started: Intake ramp 1-1615
2026-10-08 22:38:13,111 INFO o.a.j.t.JMeterThread: Thread started: Intake ramp 1-1616
2026-10-08 22:38:13,186 INFO o.a.j.t.JMeterThread: Thread started: Intake ramp 1-1617
2026-10-08 22:38:13,649 INFO o.a.j.t.JMeterThread: Thread is done: Intake ramp 1-1134
2026-10-08 22:38:13,650 INFO o.a.j.t.JMeterThread: Thread finished: Intake ramp 1-1134
2026-10-08 22:38:13,846 INFO o.a.j.t.JMeterThread: Thread started: Intake ramp 1-1618
2026-10-08 22:38:14,186 INFO o.a.j.t.JMeterThread: Thread is done: Intake ramp 1-1135
2026-10-08 22:38:14,186 INFO o.a.j.t.JMeterThread: Thread finished: Intake ramp 1-1135
2026-10-08 22:38:14,385 INFO o.a.j.t.JMeterThread: Thread is done: Intake ramp 1-1136
2026-10-08 22:38:14,385 INFO o.a.j.t.JMeterThread: Thread finished: Intake ramp 1-1136
2026-10-08 22:38:14,419 INFO o.a.j.t.JMeterThread: Thread is done: Intake ramp 1-1137
2026-10-08 22:38:14,419 INFO o.a.j.t.JMeterThread: Thread finished: Intake ramp 1-1137
2026-10-08 22:38:14,884 INFO o.a.j.t.JMeterThread: Thread is done: Intake ramp 1-1138
2026-10-08 22:38:14,884 INFO o.a.j.t.JMeterThread: Thread finished: Intake ramp 1-1138
2026-10-08 22:38:15,468 INFO o.a.j.t.JMeterThread: Thread started: Intake ramp 1-1619
2026-10-08 22:38:15,623 INFO o.a.j.t.JMeterThread: Thread started: Intake ramp 1-1620
2026-10-08 22:38:16,959 INFO o.a.j.t.JMeterThread: Thread is done: Intake ramp 1-1139
2026-10-08 22:38:16,959 INFO o.a.j.t.JMeterThread: Thread finished: Intake ramp 1-1139
2026-10-08 22:38:17,090 INFO o.a.j.t.JMeterThread: Thread is done: Intake ramp 1-1140
2026-10-08 22:38:17,090 INFO o.a.j.t.JMeterThread: Thread finished: Intake ramp 1-1140
2026-10-08 22:38:17,405 INFO o.a.j.t.JMeterThread: Thread is done: Intake ramp 1-1141
2026-10-08 22:38:17,405 INFO o.a.j.t.JMeterThread: Thread finished: Intake ramp 1-1141
2026-10-08 22:38:17,646 INFO o.a.j.t.JMeterThread: Thread started: Intake ramp 1-1621
2026-10-08 22:38:17,761 INFO o.a.j.t.JMeterThread: Thread started: Intake ramp 1-1622
2026-10-08 22:38:18,100 INFO o.a.j.t.JMeterThread: Thread started: Intake ramp 1-1623
2026-10-08 22:38:18,423 INFO o.a.j.t.JMeterThread: Thread started: Intake ramp 1-1624
2026-10-08 22:38:18,423 INFO o.a.j.t.o.OpenModelThreadGroup: There will be no more events, so will wait for 0 sec till the end of the schedule
2026-10-08 22:38:18,488 INFO o.a.j.t.o.OpenModelThreadGroup: Test schedule finished, however, there are 483 thread(s) still running. Will interrupt the threads. If you want to keep some time for the threads to complete, consider adding pause(10 min) at the end of the schedule.
2026-10-08 22:38:18,490 INFO o.a.j.t.o.OpenModelThreadGroup: Terminating thread org.apache.jmeter.threads.JMeterThread@40d570d4
2026-10-08 22:38:18,490 INFO o.a.j.t.JMeterThread: Stopping: Intake ramp 1-1519
2026-10-08 22:38:18,490 WARN o.a.j.t.JMeterThread: Interrupting: Intake ramp 1-1519 sampler: POST /tickets
2026-10-08 22:38:18,492 INFO o.a.j.t.o.OpenModelThreadGroup: Terminating thread org.apache.jmeter.threads.JMeterThread@15c6d1c5
2026-10-08 22:38:18,492 INFO o.a.j.t.JMeterThread: Stopping: Intake ramp 1-1244
2026-10-08 22:38:18,492 WARN o.a.j.t.JMeterThread: Interrupting: Intake ramp 1-1244 sampler: POST /tickets
2026-10-08 22:38:18,493 INFO o.a.j.t.JMeterThread: Thread is done: Intake ramp 1-1519
2026-10-08 22:38:18,493 INFO o.a.j.t.JMeterThread: Thread finished: Intake ramp 1-1519
2026-10-08 22:38:18,493 INFO o.a.j.t.o.OpenModelThreadGroup: Terminating thread org.apache.jmeter.threads.JMeterThread@2a30ea34
2026-10-08 22:38:18,493 INFO o.a.j.t.JMeterThread: Stopping: Intake ramp 1-1219
2026-10-08 22:38:18,493 WARN o.a.j.t.JMeterThread: Interrupting: Intake ramp 1-1219 sampler: POST /tickets
2026-10-08 22:38:18,493 INFO o.a.j.t.o.OpenModelThreadGroup: Terminating thread org.apache.jmeter.threads.JMeterThread@30eebce7
2026-10-08 22:38:18,493 INFO o.a.j.t.JMeterThread: Stopping: Intake ramp 1-1481
2026-10-08 22:38:18,493 WARN o.a.j.t.JMeterThread: Interrupting: Intake ramp 1-1481 sampler: POST /tickets
2026-10-08 22:38:18,493 INFO o.a.j.t.o.OpenModelThreadGroup: Terminating thread org.apache.jmeter.threads.JMeterThread@7b1f5f16
2026-10-08 22:38:18,493 INFO o.a.j.t.JMeterThread: Stopping: Intake ramp 1-1561
2026-10-08 22:38:18,493 WARN o.a.j.t.JMeterThread: Interrupting: Intake ramp 1-1561 sampler: POST /tickets
2026-10-08 22:38:18,494 INFO o.a.j.t.o.OpenModelThreadGroup: Terminating thread org.apache.jmeter.threads.JMeterThread@145fe04d
2026-10-08 22:38:18,494 INFO o.a.j.t.JMeterThread: Stopping: Intake ramp 1-1262
2026-10-08 22:38:18,494 WARN o.a.j.t.JMeterThread: Interrupting: Intake ramp 1-1262 sampler: POST /tickets
2026-10-08 22:38:18,494 INFO o.a.j.t.JMeterThread: Thread is done: Intake ramp 1-1244
2026-10-08 22:38:18,494 INFO o.a.j.t.JMeterThread: Thread finished: Intake ramp 1-1244
2026-10-08 22:38:18,494 INFO o.a.j.t.o.OpenModelThreadGroup: Terminating thread org.apache.jmeter.threads.JMeterThread@65df249
2026-10-08 22:38:18,494 INFO o.a.j.t.JMeterThread: Thread is done: Intake ramp 1-1219
2026-10-08 22:38:18,494 INFO o.a.j.t.JMeterThread: Stopping: Intake ramp 1-1213
2026-10-08 22:38:18,494 INFO o.a.j.t.JMeterThread: Thread finished: Intake ramp 1-1219
2026-10-08 22:38:18,494 INFO o.a.j.t.JMeterThread: Thread is done: Intake ramp 1-1481
2026-10-08 22:38:18,494 WARN o.a.j.t.JMeterThread: Interrupting: Intake ramp 1-1213 sampler: POST /tickets
2026-10-08 22:38:18,494 INFO o.a.j.t.JMeterThread: Thread finished: Intake ramp 1-1481
2026-10-08 22:38:18,494 INFO o.a.j.t.JMeterThread: Thread is done: Intake ramp 1-1561
2026-10-08 22:38:18,494 INFO o.a.j.t.JMeterThread: Thread finished: Intake ramp 1-1561
2026-10-08 22:38:18,494 INFO o.a.j.t.o.OpenModelThreadGroup: Terminating thread org.apache.jmeter.threads.JMeterThread@c87d893
2026-10-08 22:38:18,494 INFO o.a.j.t.JMeterThread: Stopping: Intake ramp 1-1329
2026-10-08 22:38:18,495 WARN o.a.j.t.JMeterThread: Interrupting: Intake ramp 1-1329 sampler: POST /tickets
2026-10-08 22:38:18,495 INFO o.a.j.t.JMeterThread: Thread is done: Intake ramp 1-1262
2026-10-08 22:38:18,495 INFO o.a.j.t.JMeterThread: Thread finished: Intake ramp 1-1262
2026-10-08 22:38:18,495 INFO o.a.j.t.o.OpenModelThreadGroup: Terminating thread org.apache.jmeter.threads.JMeterThread@40c8bcdf
2026-10-08 22:38:18,495 INFO o.a.j.t.JMeterThread: Stopping: Intake ramp 1-1333
2026-10-08 22:38:18,495 WARN o.a.j.t.JMeterThread: Interrupting: Intake ramp 1-1333 sampler: POST /tickets
2026-10-08 22:38:18,495 INFO o.a.j.t.o.OpenModelThreadGroup: Terminating thread org.apache.jmeter.threads.JMeterThread@6ff6ae6
2026-10-08 22:38:18,495 INFO o.a.j.t.JMeterThread: Stopping: Intake ramp 1-1400
2026-10-08 22:38:18,495 INFO o.a.j.t.JMeterThread: Thread is done: Intake ramp 1-1213
2026-10-08 22:38:18,495 INFO o.a.j.t.JMeterThread: Thread finished: Intake ramp 1-1213
2026-10-08 22:38:18,495 INFO o.a.j.t.JMeterThread: Thread is done: Intake ramp 1-1329
2026-10-08 22:38:18,495 INFO o.a.j.t.JMeterThread: Thread finished: Intake ramp 1-1329
2026-10-08 22:38:18,495 WARN o.a.j.t.JMeterThread: Interrupting: Intake ramp 1-1400 sampler: POST /tickets
2026-10-08 22:38:18,495 INFO o.a.j.t.o.OpenModelThreadGroup: Terminating thread org.apache.jmeter.threads.JMeterThread@7eaacab6
2026-10-08 22:38:18,495 INFO o.a.j.t.JMeterThread: Stopping: Intake ramp 1-1366
2026-10-08 22:38:18,495 WARN o.a.j.t.JMeterThread: Interrupting: Intake ramp 1-1366 sampler: POST /tickets
2026-10-08 22:38:18,495 INFO o.a.j.t.o.OpenModelThreadGroup: Terminating thread org.apache.jmeter.threads.JMeterThread@2bb20faf
2026-10-08 22:38:18,495 INFO o.a.j.t.JMeterThread: Stopping: Intake ramp 1-1215
2026-10-08 22:38:18,495 WARN o.a.j.t.JMeterThread: Interrupting: Intake ramp 1-1215 sampler: POST /tickets
2026-10-08 22:38:18,495 INFO o.a.j.t.JMeterThread: Thread is done: Intake ramp 1-1333
2026-10-08 22:38:18,495 INFO o.a.j.t.JMeterThread: Thread finished: Intake ramp 1-1333
2026-10-08 22:38:18,495 INFO o.a.j.t.o.OpenModelThreadGroup: Terminating thread org.apache.jmeter.threads.JMeterThread@65f769e9
2026-10-08 22:38:18,495 INFO o.a.j.t.JMeterThread: Stopping: Intake ramp 1-1232
2026-10-08 22:38:18,495 WARN o.a.j.t.JMeterThread: Interrupting: Intake ramp 1-1232 sampler: POST /tickets
2026-10-08 22:38:18,495 INFO o.a.j.t.o.OpenModelThreadGroup: Terminating thread org.apache.jmeter.threads.JMeterThread@403f341c
2026-10-08 22:38:18,495 INFO o.a.j.t.JMeterThread: Stopping: Intake ramp 1-1318
2026-10-08 22:38:18,495 WARN o.a.j.t.JMeterThread: Interrupting: Intake ramp 1-1318 sampler: POST /tickets
2026-10-08 22:38:18,495 INFO o.a.j.t.JMeterThread: Thread is done: Intake ramp 1-1400
2026-10-08 22:38:18,495 INFO o.a.j.t.JMeterThread: Thread finished: Intake ramp 1-1400
2026-10-08 22:38:18,495 INFO o.a.j.t.JMeterThread: Thread is done: Intake ramp 1-1215
2026-10-08 22:38:18,495 INFO o.a.j.t.JMeterThread: Thread finished: Intake ramp 1-1215
2026-10-08 22:38:18,495 INFO o.a.j.t.JMeterThread: Thread is done: Intake ramp 1-1366
2026-10-08 22:38:18,495 INFO o.a.j.t.JMeterThread: Thread finished: Intake ramp 1-1366
2026-10-08 22:38:18,495 INFO o.a.j.t.JMeterThread: Thread is done: Intake ramp 1-1232
2026-10-08 22:38:18,495 INFO o.a.j.t.JMeterThread: Thread finished: Intake ramp 1-1232
2026-10-08 22:38:18,495 INFO o.a.j.t.o.OpenModelThreadGroup: Terminating thread org.apache.jmeter.threads.JMeterThread@4b3e371d
2026-10-08 22:38:18,495 INFO o.a.j.t.JMeterThread: Stopping: Intake ramp 1-1475
2026-10-08 22:38:18,495 WARN o.a.j.t.JMeterThread: Interrupting: Intake ramp 1-1475 sampler: POST /tickets
2026-10-08 22:38:18,495 INFO o.a.j.t.o.OpenModelThreadGroup: Terminating thread org.apache.jmeter.threads.JMeterThread@16e832c4
2026-10-08 22:38:18,495 INFO o.a.j.t.JMeterThread: Stopping: Intake ramp 1-1241
2026-10-08 22:38:18,495 WARN o.a.j.t.JMeterThread: Interrupting: Intake ramp 1-1241 sampler: POST /tickets
2026-10-08 22:38:18,495 INFO o.a.j.t.o.OpenModelThreadGroup: Terminating thread org.apache.jmeter.threads.JMeterThread@469b5aaa
2026-10-08 22:38:18,495 INFO o.a.j.t.JMeterThread: Thread is done: Intake ramp 1-1318
2026-10-08 22:38:18,495 INFO o.a.j.t.JMeterThread: Thread finished: Intake ramp 1-1318
2026-10-08 22:38:18,495 INFO o.a.j.t.JMeterThread: Stopping: Intake ramp 1-1591
2026-10-08 22:38:18,495 WARN o.a.j.t.JMeterThread: Interrupting: Intake ramp 1-1591 sampler: POST /tickets
2026-10-08 22:38:18,496 INFO o.a.j.t.o.OpenModelThreadGroup: Terminating thread org.apache.jmeter.threads.JMeterThread@884b0b2
2026-10-08 22:38:18,496 INFO o.a.j.t.JMeterThread: Stopping: Intake ramp 1-1285
2026-10-08 22:38:18,496 WARN o.a.j.t.JMeterThread: Interrupting: Intake ramp 1-1285 sampler: POST /tickets
2026-10-08 22:38:18,496 INFO o.a.j.t.o.OpenModelThreadGroup: Terminating thread org.apache.jmeter.threads.JMeterThread@7a1a9a26
2026-10-08 22:38:18,496 INFO o.a.j.t.JMeterThread: Stopping: Intake ramp 1-1483
2026-10-08 22:38:18,496 WARN o.a.j.t.JMeterThread: Interrupting: Intake ramp 1-1483 sampler: POST /tickets
2026-10-08 22:38:18,496 INFO o.a.j.t.JMeterThread: Thread is done: Intake ramp 1-1475
2026-10-08 22:38:18,496 INFO o.a.j.t.JMeterThread: Thread finished: Intake ramp 1-1475
2026-10-08 22:38:18,496 INFO o.a.j.t.o.OpenModelThreadGroup: Terminating thread org.apache.jmeter.threads.JMeterThread@1775bb48
2026-10-08 22:38:18,496 INFO o.a.j.t.JMeterThread: Stopping: Intake ramp 1-1454
2026-10-08 22:38:18,496 WARN o.a.j.t.JMeterThread: Interrupting: Intake ramp 1-1454 sampler: POST /tickets
2026-10-08 22:38:18,496 INFO o.a.j.t.o.OpenModelThreadGroup: Terminating thread org.apache.jmeter.threads.JMeterThread@4e4acda
2026-10-08 22:38:18,496 INFO o.a.j.t.JMeterThread: Stopping: Intake ramp 1-1448
2026-10-08 22:38:18,496 WARN o.a.j.t.JMeterThread: Interrupting: Intake ramp 1-1448 sampler: POST /tickets
2026-10-08 22:38:18,496 INFO o.a.j.t.JMeterThread: Thread is done: Intake ramp 1-1241
2026-10-08 22:38:18,496 INFO o.a.j.t.JMeterThread: Thread finished: Intake ramp 1-1241
2026-10-08 22:38:18,496 INFO o.a.j.t.JMeterThread: Thread is done: Intake ramp 1-1591
2026-10-08 22:38:18,496 INFO o.a.j.t.JMeterThread: Thread finished: Intake ramp 1-1591
2026-10-08 22:38:18,496 INFO o.a.j.t.JMeterThread: Thread is done: Intake ramp 1-1285
2026-10-08 22:38:18,496 INFO o.a.j.t.JMeterThread: Thread finished: Intake ramp 1-1285
2026-10-08 22:38:18,496 INFO o.a.j.t.o.OpenModelThreadGroup: Terminating thread org.apache.jmeter.threads.JMeterThread@6fc95bf6
2026-10-08 22:38:18,496 INFO o.a.j.t.JMeterThread: Stopping: Intake ramp 1-1416
2026-10-08 22:38:18,496 WARN o.a.j.t.JMeterThread: Interrupting: Intake ramp 1-1416 sampler: POST /tickets
2026-10-08 22:38:18,496 INFO o.a.j.t.o.OpenModelThreadGroup: Terminating thread org.apache.jmeter.threads.JMeterThread@18495009
2026-10-08 22:38:18,496 INFO o.a.j.t.JMeterThread: Stopping: Intake ramp 1-1372
2026-10-08 22:38:18,496 WARN o.a.j.t.JMeterThread: Interrupting: Intake ramp 1-1372 sampler: POST /tickets
2026-10-08 22:38:18,496 INFO o.a.j.t.JMeterThread: Thread is done: Intake ramp 1-1483
2026-10-08 22:38:18,496 INFO o.a.j.t.JMeterThread: Thread is done: Intake ramp 1-1448
2026-10-08 22:38:18,496 INFO o.a.j.t.JMeterThread: Thread finished: Intake ramp 1-1448
2026-10-08 22:38:18,496 INFO o.a.j.t.JMeterThread: Thread is done: Intake ramp 1-1454
2026-10-08 22:38:18,496 INFO o.a.j.t.o.OpenModelThreadGroup: Terminating thread org.apache.jmeter.threads.JMeterThread@78657421
2026-10-08 22:38:18,496 INFO o.a.j.t.JMeterThread: Thread finished: Intake ramp 1-1483
2026-10-08 22:38:18,496 INFO o.a.j.t.JMeterThread: Thread finished: Intake ramp 1-1454
2026-10-08 22:38:18,496 INFO o.a.j.t.JMeterThread: Stopping: Intake ramp 1-1156
2026-10-08 22:38:18,496 WARN o.a.j.t.JMeterThread: Interrupting: Intake ramp 1-1156 sampler: POST /tickets
2026-10-08 22:38:18,496 INFO o.a.j.t.o.OpenModelThreadGroup: Terminating thread org.apache.jmeter.threads.JMeterThread@11c42180
2026-10-08 22:38:18,496 INFO o.a.j.t.JMeterThread: Stopping: Intake ramp 1-1294
2026-10-08 22:38:18,496 INFO o.a.j.t.JMeterThread: Thread is done: Intake ramp 1-1416
2026-10-08 22:38:18,496 INFO o.a.j.t.JMeterThread: Thread is done: Intake ramp 1-1372
2026-10-08 22:38:18,496 WARN o.a.j.t.JMeterThread: Interrupting: Intake ramp 1-1294 sampler: POST /tickets
2026-10-08 22:38:18,496 INFO o.a.j.t.JMeterThread: Thread finished: Intake ramp 1-1416
2026-10-08 22:38:18,496 INFO o.a.j.t.JMeterThread: Thread finished: Intake ramp 1-1372
2026-10-08 22:38:18,496 INFO o.a.j.t.JMeterThread: Thread is done: Intake ramp 1-1156
2026-10-08 22:38:18,496 INFO o.a.j.t.JMeterThread: Thread finished: Intake ramp 1-1156
2026-10-08 22:38:18,496 INFO o.a.j.t.o.OpenModelThreadGroup: Terminating thread org.apache.jmeter.threads.JMeterThread@123f8a79
2026-10-08 22:38:18,496 INFO o.a.j.t.JMeterThread: Stopping: Intake ramp 1-1210
2026-10-08 22:38:18,496 WARN o.a.j.t.JMeterThread: Interrupting: Intake ramp 1-1210 sampler: POST /tickets
2026-10-08 22:38:18,496 INFO o.a.j.t.o.OpenModelThreadGroup: Terminating thread org.apache.jmeter.threads.JMeterThread@2d8111c7
2026-10-08 22:38:18,496 INFO o.a.j.t.JMeterThread: Stopping: Intake ramp 1-1441
2026-10-08 22:38:18,496 WARN o.a.j.t.JMeterThread: Interrupting: Intake ramp 1-1441 sampler: POST /tickets
2026-10-08 22:38:18,497 INFO o.a.j.t.JMeterThread: Thread is done: Intake ramp 1-1294
2026-10-08 22:38:18,497 INFO o.a.j.t.o.OpenModelThreadGroup: Terminating thread org.apache.jmeter.threads.JMeterThread@61639d24
2026-10-08 22:38:18,497 INFO o.a.j.t.JMeterThread: Thread finished: Intake ramp 1-1294
2026-10-08 22:38:18,497 INFO o.a.j.t.JMeterThread: Stopping: Intake ramp 1-1533
2026-10-08 22:38:18,497 WARN o.a.j.t.JMeterThread: Interrupting: Intake ramp 1-1533 sampler: POST /tickets
2026-10-08 22:38:18,497 INFO o.a.j.t.JMeterThread: Thread is done: Intake ramp 1-1441
2026-10-08 22:38:18,497 INFO o.a.j.t.o.OpenModelThreadGroup: Terminating thread org.apache.jmeter.threads.JMeterThread@609cd4db
2026-10-08 22:38:18,497 INFO o.a.j.t.JMeterThread: Thread finished: Intake ramp 1-1441
2026-10-08 22:38:18,497 INFO o.a.j.t.JMeterThread: Stopping: Intake ramp 1-1535
2026-10-08 22:38:18,497 WARN o.a.j.t.JMeterThread: Interrupting: Intake ramp 1-1535 sampler: POST /tickets
2026-10-08 22:38:18,497 INFO o.a.j.t.JMeterThread: Thread is done: Intake ramp 1-1210
2026-10-08 22:38:18,497 INFO o.a.j.t.JMeterThread: Thread finished: Intake ramp 1-1210
2026-10-08 22:38:18,497 INFO o.a.j.t.JMeterThread: Thread is done: Intake ramp 1-1533
2026-10-08 22:38:18,497 INFO o.a.j.t.JMeterThread: Thread finished: Intake ramp 1-1533
2026-10-08 22:38:18,497 INFO o.a.j.t.o.OpenModelThreadGroup: Terminating thread org.apache.jmeter.threads.JMeterThread@31df5197
2026-10-08 22:38:18,497 INFO o.a.j.t.JMeterThread: Stopping: Intake ramp 1-1496
2026-10-08 22:38:18,497 WARN o.a.j.t.JMeterThread: Interrupting: Intake ramp 1-1496 sampler: POST /tickets
2026-10-08 22:38:18,497 INFO o.a.j.t.o.OpenModelThreadGroup: Terminating thread org.apache.jmeter.threads.JMeterThread@17ac531
2026-10-08 22:38:18,497 INFO o.a.j.t.JMeterThread: Stopping: Intake ramp 1-1588
2026-10-08 22:38:18,497 WARN o.a.j.t.JMeterThread: Interrupting: Intake ramp 1-1588 sampler: POST /tickets
2026-10-08 22:38:18,497 INFO o.a.j.t.JMeterThread: Thread is done: Intake ramp 1-1535
2026-10-08 22:38:18,497 INFO o.a.j.t.JMeterThread: Thread finished: Intake ramp 1-1535
2026-10-08 22:38:18,497 INFO o.a.j.t.o.OpenModelThreadGroup: Terminating thread org.apache.jmeter.threads.JMeterThread@b098f45
2026-10-08 22:38:18,497 INFO o.a.j.t.JMeterThread: Stopping: Intake ramp 1-1414
2026-10-08 22:38:18,497 WARN o.a.j.t.JMeterThread: Interrupting: Intake ramp 1-1414 sampler: POST /tickets
2026-10-08 22:38:18,497 INFO o.a.j.t.o.OpenModelThreadGroup: Terminating thread org.apache.jmeter.threads.JMeterThread@271d9f50
2026-10-08 22:38:18,497 INFO o.a.j.t.JMeterThread: Stopping: Intake ramp 1-1493
2026-10-08 22:38:18,497 WARN o.a.j.t.JMeterThread: Interrupting: Intake ramp 1-1493 sampler: POST /tickets
2026-10-08 22:38:18,497 INFO o.a.j.t.o.OpenModelThreadGroup: Terminating thread org.apache.jmeter.threads.JMeterThread@6aa28ef2
2026-10-08 22:38:18,497 INFO o.a.j.t.JMeterThread: Stopping: Intake ramp 1-1427
2026-10-08 22:38:18,497 WARN o.a.j.t.JMeterThread: Interrupting: Intake ramp 1-1427 sampler: POST /tickets
2026-10-08 22:38:18,497 INFO o.a.j.t.JMeterThread: Thread is done: Intake ramp 1-1588
2026-10-08 22:38:18,497 INFO o.a.j.t.JMeterThread: Thread finished: Intake ramp 1-1588
2026-10-08 22:38:18,497 INFO o.a.j.t.o.OpenModelThreadGroup: Terminating thread org.apache.jmeter.threads.JMeterThread@5d9b8dcb
2026-10-08 22:38:18,497 INFO o.a.j.t.JMeterThread: Stopping: Intake ramp 1-1486
2026-10-08 22:38:18,497 INFO o.a.j.t.JMeterThread: Thread is done: Intake ramp 1-1496
2026-10-08 22:38:18,497 WARN o.a.j.t.JMeterThread: Interrupting: Intake ramp 1-1486 sampler: POST /tickets
2026-10-08 22:38:18,497 INFO o.a.j.t.JMeterThread: Thread finished: Intake ramp 1-1496
2026-10-08 22:38:18,497 INFO o.a.j.t.o.OpenModelThreadGroup: Terminating thread org.apache.jmeter.threads.JMeterThread@2705f355
2026-10-08 22:38:18,497 INFO o.a.j.t.JMeterThread: Stopping: Intake ramp 1-1607
2026-10-08 22:38:18,497 WARN o.a.j.t.JMeterThread: Interrupting: Intake ramp 1-1607 sampler: POST /tickets
2026-10-08 22:38:18,498 INFO o.a.j.t.o.OpenModelThreadGroup: Terminating thread org.apache.jmeter.threads.JMeterThread@498bf1d9
2026-10-08 22:38:18,498 INFO o.a.j.t.JMeterThread: Stopping: Intake ramp 1-1275
2026-10-08 22:38:18,498 WARN o.a.j.t.JMeterThread: Interrupting: Intake ramp 1-1275 sampler: POST /tickets
2026-10-08 22:38:18,498 INFO o.a.j.t.o.OpenModelThreadGroup: Terminating thread org.apache.jmeter.threads.JMeterThread@13bb37ef
2026-10-08 22:38:18,498 INFO o.a.j.t.JMeterThread: Thread is done: Intake ramp 1-1493
2026-10-08 22:38:18,498 INFO o.a.j.t.JMeterThread: Thread finished: Intake ramp 1-1493
2026-10-08 22:38:18,498 INFO o.a.j.t.JMeterThread: Thread is done: Intake ramp 1-1427
2026-10-08 22:38:18,498 INFO o.a.j.t.JMeterThread: Thread finished: Intake ramp 1-1427
2026-10-08 22:38:18,498 INFO o.a.j.t.JMeterThread: Stopping: Intake ramp 1-1468
2026-10-08 22:38:18,498 WARN o.a.j.t.JMeterThread: Interrupting: Intake ramp 1-1468 sampler: POST /tickets
2026-10-08 22:38:18,498 INFO o.a.j.t.JMeterThread: Thread is done: Intake ramp 1-1414
2026-10-08 22:38:18,498 INFO o.a.j.t.JMeterThread: Thread finished: Intake ramp 1-1414
2026-10-08 22:38:18,498 INFO o.a.j.t.JMeterThread: Thread is done: Intake ramp 1-1486
2026-10-08 22:38:18,498 INFO o.a.j.t.o.OpenModelThreadGroup: Terminating thread org.apache.jmeter.threads.JMeterThread@4c50b004
2026-10-08 22:38:18,498 INFO o.a.j.t.JMeterThread: Thread is done: Intake ramp 1-1607
2026-10-08 22:38:18,498 INFO o.a.j.t.JMeterThread: Thread finished: Intake ramp 1-1486
2026-10-08 22:38:18,498 INFO o.a.j.t.JMeterThread: Stopping: Intake ramp 1-1594
2026-10-08 22:38:18,498 WARN o.a.j.t.JMeterThread: Interrupting: Intake ramp 1-1594 sampler: POST /tickets
2026-10-08 22:38:18,498 INFO o.a.j.t.JMeterThread: Thread finished: Intake ramp 1-1607
2026-10-08 22:38:18,498 INFO o.a.j.t.JMeterThread: Thread is done: Intake ramp 1-1275
2026-10-08 22:38:18,498 INFO o.a.j.t.JMeterThread: Thread finished: Intake ramp 1-1275
2026-10-08 22:38:18,498 INFO o.a.j.t.o.OpenModelThreadGroup: Terminating thread org.apache.jmeter.threads.JMeterThread@a890ade
2026-10-08 22:38:18,498 INFO o.a.j.t.JMeterThread: Thread is done: Intake ramp 1-1468
2026-10-08 22:38:18,498 INFO o.a.j.t.JMeterThread: Thread finished: Intake ramp 1-1468
2026-10-08 22:38:18,498 INFO o.a.j.t.JMeterThread: Stopping: Intake ramp 1-1204
2026-10-08 22:38:18,498 WARN o.a.j.t.JMeterThread: Interrupting: Intake ramp 1-1204 sampler: POST /tickets
2026-10-08 22:38:18,498 INFO o.a.j.t.JMeterThread: Thread is done: Intake ramp 1-1594
2026-10-08 22:38:18,498 INFO o.a.j.t.JMeterThread: Thread finished: Intake ramp 1-1594
2026-10-08 22:38:18,498 INFO o.a.j.t.o.OpenModelThreadGroup: Terminating thread org.apache.jmeter.threads.JMeterThread@4b655b3d
2026-10-08 22:38:18,498 INFO o.a.j.t.JMeterThread: Stopping: Intake ramp 1-1453
2026-10-08 22:38:18,498 WARN o.a.j.t.JMeterThread: Interrupting: Intake ramp 1-1453 sampler: POST /tickets
2026-10-08 22:38:18,498 INFO o.a.j.t.JMeterThread: Thread is done: Intake ramp 1-1204
2026-10-08 22:38:18,498 INFO o.a.j.t.o.OpenModelThreadGroup: Terminating thread org.apache.jmeter.threads.JMeterThread@78aac8f2
2026-10-08 22:38:18,498 INFO o.a.j.t.JMeterThread: Stopping: Intake ramp 1-1484
2026-10-08 22:38:18,498 WARN o.a.j.t.JMeterThread: Interrupting: Intake ramp 1-1484 sampler: POST /tickets
2026-10-08 22:38:18,498 INFO o.a.j.t.JMeterThread: Thread finished: Intake ramp 1-1204
2026-10-08 22:38:18,498 INFO o.a.j.t.JMeterThread: Thread is done: Intake ramp 1-1453
2026-10-08 22:38:18,498 INFO o.a.j.t.JMeterThread: Thread finished: Intake ramp 1-1453
2026-10-08 22:38:18,498 INFO o.a.j.t.o.OpenModelThreadGroup: Terminating thread org.apache.jmeter.threads.JMeterThread@f3ff365
2026-10-08 22:38:18,498 INFO o.a.j.t.JMeterThread: Stopping: Intake ramp 1-1183
2026-10-08 22:38:18,498 WARN o.a.j.t.JMeterThread: Interrupting: Intake ramp 1-1183 sampler: POST /tickets
2026-10-08 22:38:18,498 INFO o.a.j.t.JMeterThread: Thread is done: Intake ramp 1-1484
2026-10-08 22:38:18,498 INFO o.a.j.t.JMeterThread: Thread finished: Intake ramp 1-1484
2026-10-08 22:38:18,498 INFO o.a.j.t.o.OpenModelThreadGroup: Terminating thread org.apache.jmeter.threads.JMeterThread@c53ac09
2026-10-08 22:38:18,498 INFO o.a.j.t.JMeterThread: Stopping: Intake ramp 1-1250
2026-10-08 22:38:18,498 WARN o.a.j.t.JMeterThread: Interrupting: Intake ramp 1-1250 sampler: POST /tickets
2026-10-08 22:38:18,498 INFO o.a.j.t.o.OpenModelThreadGroup: Terminating thread org.apache.jmeter.threads.JMeterThread@51272d7d
2026-10-08 22:38:18,498 INFO o.a.j.t.JMeterThread: Stopping: Intake ramp 1-1415
2026-10-08 22:38:18,498 WARN o.a.j.t.JMeterThread: Interrupting: Intake ramp 1-1415 sampler: POST /tickets
2026-10-08 22:38:18,498 INFO o.a.j.t.o.OpenModelThreadGroup: Terminating thread org.apache.jmeter.threads.JMeterThread@4ae9a2b2
2026-10-08 22:38:18,498 INFO o.a.j.t.JMeterThread: Stopping: Intake ramp 1-1352
2026-10-08 22:38:18,498 WARN o.a.j.t.JMeterThread: Interrupting: Intake ramp 1-1352 sampler: POST /tickets
2026-10-08 22:38:18,498 INFO o.a.j.t.JMeterThread: Thread is done: Intake ramp 1-1183
2026-10-08 22:38:18,498 INFO o.a.j.t.JMeterThread: Thread finished: Intake ramp 1-1183
2026-10-08 22:38:18,498 INFO o.a.j.t.o.OpenModelThreadGroup: Terminating thread org.apache.jmeter.threads.JMeterThread@a5f4600
2026-10-08 22:38:18,498 INFO o.a.j.t.JMeterThread: Thread is done: Intake ramp 1-1250
2026-10-08 22:38:18,498 INFO o.a.j.t.JMeterThread: Thread finished: Intake ramp 1-1250
2026-10-08 22:38:18,498 INFO o.a.j.t.JMeterThread: Thread is done: Intake ramp 1-1415
2026-10-08 22:38:18,498 INFO o.a.j.t.JMeterThread: Thread finished: Intake ramp 1-1415
2026-10-08 22:38:18,498 INFO o.a.j.t.JMeterThread: Stopping: Intake ramp 1-1292
2026-10-08 22:38:18,498 WARN o.a.j.t.JMeterThread: Interrupting: Intake ramp 1-1292 sampler: POST /tickets
2026-10-08 22:38:18,498 INFO o.a.j.t.JMeterThread: Thread is done: Intake ramp 1-1352
2026-10-08 22:38:18,498 INFO o.a.j.t.o.OpenModelThreadGroup: Terminating thread org.apache.jmeter.threads.JMeterThread@21dfedbe
2026-10-08 22:38:18,498 INFO o.a.j.t.JMeterThread: Stopping: Intake ramp 1-1360
2026-10-08 22:38:18,498 INFO o.a.j.t.JMeterThread: Thread finished: Intake ramp 1-1352
2026-10-08 22:38:18,498 WARN o.a.j.t.JMeterThread: Interrupting: Intake ramp 1-1360 sampler: POST /tickets
2026-10-08 22:38:18,499 INFO o.a.j.t.o.OpenModelThreadGroup: Terminating thread org.apache.jmeter.threads.JMeterThread@45292948
2026-10-08 22:38:18,499 INFO o.a.j.t.JMeterThread: Stopping: Intake ramp 1-1526
2026-10-08 22:38:18,499 WARN o.a.j.t.JMeterThread: Interrupting: Intake ramp 1-1526 sampler: POST /tickets
2026-10-08 22:38:18,499 INFO o.a.j.t.JMeterThread: Thread is done: Intake ramp 1-1292
2026-10-08 22:38:18,499 INFO o.a.j.t.JMeterThread: Thread finished: Intake ramp 1-1292
2026-10-08 22:38:18,499 INFO o.a.j.t.o.OpenModelThreadGroup: Terminating thread org.apache.jmeter.threads.JMeterThread@3a0bfe68
2026-10-08 22:38:18,499 INFO o.a.j.t.JMeterThread: Stopping: Intake ramp 1-1226
2026-10-08 22:38:18,499 WARN o.a.j.t.JMeterThread: Interrupting: Intake ramp 1-1226 sampler: POST /tickets
2026-10-08 22:38:18,499 INFO o.a.j.t.o.OpenModelThreadGroup: Terminating thread org.apache.jmeter.threads.JMeterThread@24059866
2026-10-08 22:38:18,499 INFO o.a.j.t.JMeterThread: Stopping: Intake ramp 1-1395
2026-10-08 22:38:18,499 WARN o.a.j.t.JMeterThread: Interrupting: Intake ramp 1-1395 sampler: POST /tickets
2026-10-08 22:38:18,499 INFO o.a.j.t.o.OpenModelThreadGroup: Terminating thread org.apache.jmeter.threads.JMeterThread@71caada6
2026-10-08 22:38:18,499 INFO o.a.j.t.JMeterThread: Stopping: Intake ramp 1-1298
2026-10-08 22:38:18,499 WARN o.a.j.t.JMeterThread: Interrupting: Intake ramp 1-1298 sampler: POST /tickets
2026-10-08 22:38:18,499 INFO o.a.j.t.o.OpenModelThreadGroup: Terminating thread org.apache.jmeter.threads.JMeterThread@5d9095e1
2026-10-08 22:38:18,499 INFO o.a.j.t.JMeterThread: Stopping: Intake ramp 1-1467
2026-10-08 22:38:18,499 WARN o.a.j.t.JMeterThread: Interrupting: Intake ramp 1-1467 sampler: POST /tickets
2026-10-08 22:38:18,499 INFO o.a.j.t.JMeterThread: Thread is done: Intake ramp 1-1360
2026-10-08 22:38:18,499 INFO o.a.j.t.JMeterThread: Thread finished: Intake ramp 1-1360
2026-10-08 22:38:18,499 INFO o.a.j.t.JMeterThread: Thread is done: Intake ramp 1-1526
2026-10-08 22:38:18,499 INFO o.a.j.t.JMeterThread: Thread finished: Intake ramp 1-1526
2026-10-08 22:38:18,499 INFO o.a.j.t.JMeterThread: Thread is done: Intake ramp 1-1226
2026-10-08 22:38:18,499 INFO o.a.j.t.JMeterThread: Thread finished: Intake ramp 1-1226
2026-10-08 22:38:18,499 INFO o.a.j.t.JMeterThread: Thread is done: Intake ramp 1-1395
2026-10-08 22:38:18,499 INFO o.a.j.t.JMeterThread: Thread finished: Intake ramp 1-1395
2026-10-08 22:38:18,499 INFO o.a.j.t.o.OpenModelThreadGroup: Terminating thread org.apache.jmeter.threads.JMeterThread@15163167
2026-10-08 22:38:18,499 INFO o.a.j.t.JMeterThread: Stopping: Intake ramp 1-1549
2026-10-08 22:38:18,499 WARN o.a.j.t.JMeterThread: Interrupting: Intake ramp 1-1549 sampler: POST /tickets
2026-10-08 22:38:18,499 INFO o.a.j.t.o.OpenModelThreadGroup: Terminating thread org.apache.jmeter.threads.JMeterThread@5a8282f0
2026-10-08 22:38:18,499 INFO o.a.j.t.JMeterThread: Stopping: Intake ramp 1-1540
2026-10-08 22:38:18,499 WARN o.a.j.t.JMeterThread: Interrupting: Intake ramp 1-1540 sampler: POST /tickets
2026-10-08 22:38:18,499 INFO o.a.j.t.o.OpenModelThreadGroup: Terminating thread org.apache.jmeter.threads.JMeterThread@674ddf3b
2026-10-08 22:38:18,499 INFO o.a.j.t.JMeterThread: Stopping: Intake ramp 1-1380
2026-10-08 22:38:18,499 WARN o.a.j.t.JMeterThread: Interrupting: Intake ramp 1-1380 sampler: POST /tickets
2026-10-08 22:38:18,499 INFO o.a.j.t.o.OpenModelThreadGroup: Terminating thread org.apache.jmeter.threads.JMeterThread@64b6b8c0
2026-10-08 22:38:18,499 INFO o.a.j.t.JMeterThread: Stopping: Intake ramp 1-1411
2026-10-08 22:38:18,499 INFO o.a.j.t.JMeterThread: Thread is done: Intake ramp 1-1467
2026-10-08 22:38:18,499 INFO o.a.j.t.JMeterThread: Thread finished: Intake ramp 1-1467
2026-10-08 22:38:18,499 WARN o.a.j.t.JMeterThread: Interrupting: Intake ramp 1-1411 sampler: POST /tickets
2026-10-08 22:38:18,499 INFO o.a.j.t.JMeterThread: Thread is done: Intake ramp 1-1298
2026-10-08 22:38:18,499 INFO o.a.j.t.JMeterThread: Thread finished: Intake ramp 1-1298
2026-10-08 22:38:18,499 INFO o.a.j.t.JMeterThread: Thread is done: Intake ramp 1-1549
2026-10-08 22:38:18,499 INFO o.a.j.t.JMeterThread: Thread finished: Intake ramp 1-1549
2026-10-08 22:38:18,499 INFO o.a.j.t.o.OpenModelThreadGroup: Terminating thread org.apache.jmeter.threads.JMeterThread@4282e2f5
2026-10-08 22:38:18,499 INFO o.a.j.t.JMeterThread: Stopping: Intake ramp 1-1385
2026-10-08 22:38:18,499 WARN o.a.j.t.JMeterThread: Interrupting: Intake ramp 1-1385 sampler: POST /tickets
2026-10-08 22:38:18,499 INFO o.a.j.t.JMeterThread: Thread is done: Intake ramp 1-1380
2026-10-08 22:38:18,499 INFO o.a.j.t.JMeterThread: Thread finished: Intake ramp 1-1380
2026-10-08 22:38:18,499 INFO o.a.j.t.JMeterThread: Thread is done: Intake ramp 1-1411
2026-10-08 22:38:18,509 INFO o.a.j.t.JMeterThread: Thread finished: Intake ramp 1-1411
2026-10-08 22:38:18,509 INFO o.a.j.t.JMeterThread: Thread is done: Intake ramp 1-1540
2026-10-08 22:38:18,509 INFO o.a.j.t.JMeterThread: Thread finished: Intake ramp 1-1540
2026-10-08 22:38:18,509 INFO o.a.j.t.o.OpenModelThreadGroup: Terminating thread org.apache.jmeter.threads.JMeterThread@523ad5f
2026-10-08 22:38:18,509 INFO o.a.j.t.JMeterThread: Stopping: Intake ramp 1-1279
2026-10-08 22:38:18,509 WARN o.a.j.t.JMeterThread: Interrupting: Intake ramp 1-1279 sampler: POST /tickets
2026-10-08 22:38:18,509 INFO o.a.j.t.JMeterThread: Thread is done: Intake ramp 1-1385
2026-10-08 22:38:18,509 INFO o.a.j.t.JMeterThread: Thread finished: Intake ramp 1-1385
2026-10-08 22:38:18,509 INFO o.a.j.t.o.OpenModelThreadGroup: Terminating thread org.apache.jmeter.threads.JMeterThread@94f6933
2026-10-08 22:38:18,509 INFO o.a.j.t.JMeterThread: Stopping: Intake ramp 1-1389
2026-10-08 22:38:18,509 WARN o.a.j.t.JMeterThread: Interrupting: Intake ramp 1-1389 sampler: POST /tickets
2026-10-08 22:38:18,509 INFO o.a.j.t.o.OpenModelThreadGroup: Terminating thread org.apache.jmeter.threads.JMeterThread@16b2d16
2026-10-08 22:38:18,509 INFO o.a.j.t.JMeterThread: Stopping: Intake ramp 1-1269
2026-10-08 22:38:18,509 WARN o.a.j.t.JMeterThread: Interrupting: Intake ramp 1-1269 sampler: POST /tickets
2026-10-08 22:38:18,509 INFO o.a.j.t.o.OpenModelThreadGroup: Terminating thread org.apache.jmeter.threads.JMeterThread@4fbc37c1
2026-10-08 22:38:18,509 INFO o.a.j.t.JMeterThread: Stopping: Intake ramp 1-1346
2026-10-08 22:38:18,509 WARN o.a.j.t.JMeterThread: Interrupting: Intake ramp 1-1346 sampler: POST /tickets
2026-10-08 22:38:18,509 INFO o.a.j.t.JMeterThread: Thread is done: Intake ramp 1-1279
2026-10-08 22:38:18,509 INFO o.a.j.t.JMeterThread: Thread finished: Intake ramp 1-1279
2026-10-08 22:38:18,509 INFO o.a.j.t.o.OpenModelThreadGroup: Terminating thread org.apache.jmeter.threads.JMeterThread@6cdd28a2
2026-10-08 22:38:18,509 INFO o.a.j.t.JMeterThread: Stopping: Intake ramp 1-1386
2026-10-08 22:38:18,509 WARN o.a.j.t.JMeterThread: Interrupting: Intake ramp 1-1386 sampler: POST /tickets
2026-10-08 22:38:18,509 INFO o.a.j.t.JMeterThread: Thread is done: Intake ramp 1-1389
2026-10-08 22:38:18,509 INFO o.a.j.t.JMeterThread: Thread finished: Intake ramp 1-1389
2026-10-08 22:38:18,509 INFO o.a.j.t.JMeterThread: Thread is done: Intake ramp 1-1269
2026-10-08 22:38:18,509 INFO o.a.j.t.o.OpenModelThreadGroup: Terminating thread org.apache.jmeter.threads.JMeterThread@2f1b8799
2026-10-08 22:38:18,509 INFO o.a.j.t.JMeterThread: Thread finished: Intake ramp 1-1269
2026-10-08 22:38:18,509 INFO o.a.j.t.JMeterThread: Stopping: Intake ramp 1-1399
2026-10-08 22:38:18,509 WARN o.a.j.t.JMeterThread: Interrupting: Intake ramp 1-1399 sampler: POST /tickets
2026-10-08 22:38:18,510 INFO o.a.j.t.o.OpenModelThreadGroup: Terminating thread org.apache.jmeter.threads.JMeterThread@5f135391
2026-10-08 22:38:18,510 INFO o.a.j.t.JMeterThread: Stopping: Intake ramp 1-1542
2026-10-08 22:38:18,510 WARN o.a.j.t.JMeterThread: Interrupting: Intake ramp 1-1542 sampler: POST /tickets
2026-10-08 22:38:18,510 INFO o.a.j.t.JMeterThread: Thread is done: Intake ramp 1-1346
2026-10-08 22:38:18,510 INFO o.a.j.t.JMeterThread: Thread finished: Intake ramp 1-1346
2026-10-08 22:38:18,510 INFO o.a.j.t.JMeterThread: Thread is done: Intake ramp 1-1386
2026-10-08 22:38:18,510 INFO o.a.j.t.JMeterThread: Thread finished: Intake ramp 1-1386
2026-10-08 22:38:18,510 INFO o.a.j.t.o.OpenModelThreadGroup: Terminating thread org.apache.jmeter.threads.JMeterThread@78b2203a
2026-10-08 22:38:18,510 INFO o.a.j.t.JMeterThread: Stopping: Intake ramp 1-1312
2026-10-08 22:38:18,510 WARN o.a.j.t.JMeterThread: Interrupting: Intake ramp 1-1312 sampler: POST /tickets
2026-10-08 22:38:18,510 INFO o.a.j.t.JMeterThread: Thread is done: Intake ramp 1-1399
2026-10-08 22:38:18,510 INFO o.a.j.t.JMeterThread: Thread finished: Intake ramp 1-1399
2026-10-08 22:38:18,510 INFO o.a.j.t.JMeterThread: Thread is done: Intake ramp 1-1542
2026-10-08 22:38:18,510 INFO o.a.j.t.JMeterThread: Thread finished: Intake ramp 1-1542
2026-10-08 22:38:18,510 INFO o.a.j.t.o.OpenModelThreadGroup: Terminating thread org.apache.jmeter.threads.JMeterThread@31fc9175
2026-10-08 22:38:18,510 INFO o.a.j.t.JMeterThread: Stopping: Intake ramp 1-1603
2026-10-08 22:38:18,510 WARN o.a.j.t.JMeterThread: Interrupting: Intake ramp 1-1603 sampler: POST /tickets
2026-10-08 22:38:18,510 INFO o.a.j.t.o.OpenModelThreadGroup: Terminating thread org.apache.jmeter.threads.JMeterThread@626e1ee5
2026-10-08 22:38:18,510 INFO o.a.j.t.JMeterThread: Stopping: Intake ramp 1-1303
2026-10-08 22:38:18,510 INFO o.a.j.t.JMeterThread: Thread is done: Intake ramp 1-1312
2026-10-08 22:38:18,510 WARN o.a.j.t.JMeterThread: Interrupting: Intake ramp 1-1303 sampler: POST /tickets
2026-10-08 22:38:18,510 INFO o.a.j.t.o.OpenModelThreadGroup: Terminating thread org.apache.jmeter.threads.JMeterThread@37df6f54
2026-10-08 22:38:18,510 INFO o.a.j.t.JMeterThread: Stopping: Intake ramp 1-1379
2026-10-08 22:38:18,510 WARN o.a.j.t.JMeterThread: Interrupting: Intake ramp 1-1379 sampler: POST /tickets
2026-10-08 22:38:18,510 INFO o.a.j.t.JMeterThread: Thread finished: Intake ramp 1-1312
2026-10-08 22:38:18,510 INFO o.a.j.t.o.OpenModelThreadGroup: Terminating thread org.apache.jmeter.threads.JMeterThread@56a79e6
2026-10-08 22:38:18,510 INFO o.a.j.t.JMeterThread: Stopping: Intake ramp 1-1164
2026-10-08 22:38:18,510 WARN o.a.j.t.JMeterThread: Interrupting: Intake ramp 1-1164 sampler: POST /tickets
2026-10-08 22:38:18,510 INFO o.a.j.t.o.OpenModelThreadGroup: Terminating thread org.apache.jmeter.threads.JMeterThread@7bf52778
2026-10-08 22:38:18,510 INFO o.a.j.t.JMeterThread: Stopping: Intake ramp 1-1426
2026-10-08 22:38:18,510 WARN o.a.j.t.JMeterThread: Interrupting: Intake ramp 1-1426 sampler: POST /tickets
2026-10-08 22:38:18,510 INFO o.a.j.t.JMeterThread: Thread is done: Intake ramp 1-1603
2026-10-08 22:38:18,510 INFO o.a.j.t.JMeterThread: Thread finished: Intake ramp 1-1603
2026-10-08 22:38:18,510 INFO o.a.j.t.o.OpenModelThreadGroup: Terminating thread org.apache.jmeter.threads.JMeterThread@793959a8
2026-10-08 22:38:18,510 INFO o.a.j.t.JMeterThread: Stopping: Intake ramp 1-1180
2026-10-08 22:38:18,510 WARN o.a.j.t.JMeterThread: Interrupting: Intake ramp 1-1180 sampler: POST /tickets
2026-10-08 22:38:18,510 INFO o.a.j.t.o.OpenModelThreadGroup: Terminating thread org.apache.jmeter.threads.JMeterThread@141b9d5
2026-10-08 22:38:18,510 INFO o.a.j.t.JMeterThread: Stopping: Intake ramp 1-1361
2026-10-08 22:38:18,510 WARN o.a.j.t.JMeterThread: Interrupting: Intake ramp 1-1361 sampler: POST /tickets
2026-10-08 22:38:18,510 INFO o.a.j.t.o.OpenModelThreadGroup: Terminating thread org.apache.jmeter.threads.JMeterThread@66697afc
2026-10-08 22:38:18,510 INFO o.a.j.t.JMeterThread: Stopping: Intake ramp 1-1151
2026-10-08 22:38:18,510 WARN o.a.j.t.JMeterThread: Interrupting: Intake ramp 1-1151 sampler: POST /tickets
2026-10-08 22:38:18,510 INFO o.a.j.t.JMeterThread: Thread is done: Intake ramp 1-1379
2026-10-08 22:38:18,510 INFO o.a.j.t.JMeterThread: Thread finished: Intake ramp 1-1379
2026-10-08 22:38:18,510 INFO o.a.j.t.o.OpenModelThreadGroup: Terminating thread org.apache.jmeter.threads.JMeterThread@36a48a31
2026-10-08 22:38:18,510 INFO o.a.j.t.JMeterThread: Thread is done: Intake ramp 1-1164
2026-10-08 22:38:18,510 INFO o.a.j.t.JMeterThread: Thread finished: Intake ramp 1-1164
2026-10-08 22:38:18,510 INFO o.a.j.t.JMeterThread: Stopping: Intake ramp 1-1515
2026-10-08 22:38:18,510 INFO o.a.j.t.JMeterThread: Thread is done: Intake ramp 1-1426
2026-10-08 22:38:18,510 WARN o.a.j.t.JMeterThread: Interrupting: Intake ramp 1-1515 sampler: POST /tickets
2026-10-08 22:38:18,510 INFO o.a.j.t.JMeterThread: Thread finished: Intake ramp 1-1426
2026-10-08 22:38:18,510 INFO o.a.j.t.o.OpenModelThreadGroup: Terminating thread org.apache.jmeter.threads.JMeterThread@8bf6827
2026-10-08 22:38:18,510 INFO o.a.j.t.JMeterThread: Stopping: Intake ramp 1-1465
2026-10-08 22:38:18,510 WARN o.a.j.t.JMeterThread: Interrupting: Intake ramp 1-1465 sampler: POST /tickets
2026-10-08 22:38:18,510 INFO o.a.j.t.JMeterThread: Thread is done: Intake ramp 1-1303
2026-10-08 22:38:18,510 INFO o.a.j.t.o.OpenModelThreadGroup: Terminating thread org.apache.jmeter.threads.JMeterThread@44c2305b
2026-10-08 22:38:18,510 INFO o.a.j.t.JMeterThread: Stopping: Intake ramp 1-1378
2026-10-08 22:38:18,510 WARN o.a.j.t.JMeterThread: Interrupting: Intake ramp 1-1378 sampler: POST /tickets
2026-10-08 22:38:18,510 INFO o.a.j.t.JMeterThread: Thread is done: Intake ramp 1-1180
2026-10-08 22:38:18,510 INFO o.a.j.t.JMeterThread: Thread finished: Intake ramp 1-1303
2026-10-08 22:38:18,511 INFO o.a.j.t.o.OpenModelThreadGroup: Terminating thread org.apache.jmeter.threads.JMeterThread@720dba91
2026-10-08 22:38:18,511 INFO o.a.j.t.JMeterThread: Stopping: Intake ramp 1-1321
2026-10-08 22:38:18,511 WARN o.a.j.t.JMeterThread: Interrupting: Intake ramp 1-1321 sampler: POST /tickets
2026-10-08 22:38:18,511 INFO o.a.j.t.JMeterThread: Thread is done: Intake ramp 1-1361
2026-10-08 22:38:18,511 INFO o.a.j.t.JMeterThread: Thread finished: Intake ramp 1-1361
2026-10-08 22:38:18,511 INFO o.a.j.t.JMeterThread: Thread finished: Intake ramp 1-1180
2026-10-08 22:38:18,511 INFO o.a.j.t.o.OpenModelThreadGroup: Terminating thread org.apache.jmeter.threads.JMeterThread@3f139b8f
2026-10-08 22:38:18,511 INFO o.a.j.t.JMeterThread: Thread is done: Intake ramp 1-1151
2026-10-08 22:38:18,511 INFO o.a.j.t.JMeterThread: Stopping: Intake ramp 1-1271
2026-10-08 22:38:18,511 INFO o.a.j.t.JMeterThread: Thread finished: Intake ramp 1-1151
2026-10-08 22:38:18,511 WARN o.a.j.t.JMeterThread: Interrupting: Intake ramp 1-1271 sampler: POST /tickets
2026-10-08 22:38:18,511 INFO o.a.j.t.o.OpenModelThreadGroup: Terminating thread org.apache.jmeter.threads.JMeterThread@510d25af
2026-10-08 22:38:18,511 INFO o.a.j.t.JMeterThread: Stopping: Intake ramp 1-1622
2026-10-08 22:38:18,511 WARN o.a.j.t.JMeterThread: Interrupting: Intake ramp 1-1622 sampler: POST /tickets
2026-10-08 22:38:18,511 INFO o.a.j.t.JMeterThread: Thread is done: Intake ramp 1-1515
2026-10-08 22:38:18,511 INFO o.a.j.t.JMeterThread: Thread is done: Intake ramp 1-1378
2026-10-08 22:38:18,511 INFO o.a.j.t.JMeterThread: Thread finished: Intake ramp 1-1515
2026-10-08 22:38:18,511 INFO o.a.j.t.JMeterThread: Thread finished: Intake ramp 1-1378
2026-10-08 22:38:18,511 INFO o.a.j.t.o.OpenModelThreadGroup: Terminating thread org.apache.jmeter.threads.JMeterThread@5ae03243
2026-10-08 22:38:18,511 INFO o.a.j.t.JMeterThread: Stopping: Intake ramp 1-1615
2026-10-08 22:38:18,511 WARN o.a.j.t.JMeterThread: Interrupting: Intake ramp 1-1615 sampler: POST /tickets
2026-10-08 22:38:18,511 INFO o.a.j.t.JMeterThread: Thread is done: Intake ramp 1-1465
2026-10-08 22:38:18,511 INFO o.a.j.t.JMeterThread: Thread finished: Intake ramp 1-1465
2026-10-08 22:38:18,511 INFO o.a.j.t.o.OpenModelThreadGroup: Terminating thread org.apache.jmeter.threads.JMeterThread@77ac8b0a
2026-10-08 22:38:18,511 INFO o.a.j.t.JMeterThread: Stopping: Intake ramp 1-1259
2026-10-08 22:38:18,511 WARN o.a.j.t.JMeterThread: Interrupting: Intake ramp 1-1259 sampler: POST /tickets
2026-10-08 22:38:18,511 INFO o.a.j.t.o.OpenModelThreadGroup: Terminating thread org.apache.jmeter.threads.JMeterThread@68e1e447
2026-10-08 22:38:18,511 INFO o.a.j.t.JMeterThread: Stopping: Intake ramp 1-1289
2026-10-08 22:38:18,511 WARN o.a.j.t.JMeterThread: Interrupting: Intake ramp 1-1289 sampler: POST /tickets
2026-10-08 22:38:18,511 INFO o.a.j.t.JMeterThread: Thread is done: Intake ramp 1-1321
2026-10-08 22:38:18,511 INFO o.a.j.t.JMeterThread: Thread finished: Intake ramp 1-1321
2026-10-08 22:38:18,511 INFO o.a.j.t.o.OpenModelThreadGroup: Terminating thread org.apache.jmeter.threads.JMeterThread@244438e2
2026-10-08 22:38:18,511 INFO o.a.j.t.JMeterThread: Stopping: Intake ramp 1-1495
2026-10-08 22:38:18,511 WARN o.a.j.t.JMeterThread: Interrupting: Intake ramp 1-1495 sampler: POST /tickets
2026-10-08 22:38:18,511 INFO o.a.j.t.o.OpenModelThreadGroup: Terminating thread org.apache.jmeter.threads.JMeterThread@612bf582
2026-10-08 22:38:18,511 INFO o.a.j.t.JMeterThread: Stopping: Intake ramp 1-1578
2026-10-08 22:38:18,511 WARN o.a.j.t.JMeterThread: Interrupting: Intake ramp 1-1578 sampler: POST /tickets
2026-10-08 22:38:18,511 INFO o.a.j.t.o.OpenModelThreadGroup: Terminating thread org.apache.jmeter.threads.JMeterThread@1a00baac
2026-10-08 22:38:18,511 INFO o.a.j.t.JMeterThread: Stopping: Intake ramp 1-1574
2026-10-08 22:38:18,511 WARN o.a.j.t.JMeterThread: Interrupting: Intake ramp 1-1574 sampler: POST /tickets
2026-10-08 22:38:18,511 INFO o.a.j.t.o.OpenModelThreadGroup: Terminating thread org.apache.jmeter.threads.JMeterThread@12682ec5
2026-10-08 22:38:18,511 INFO o.a.j.t.JMeterThread: Stopping: Intake ramp 1-1459
2026-10-08 22:38:18,511 INFO o.a.j.t.JMeterThread: Thread is done: Intake ramp 1-1271
2026-10-08 22:38:18,511 INFO o.a.j.t.JMeterThread: Thread finished: Intake ramp 1-1271
2026-10-08 22:38:18,511 WARN o.a.j.t.JMeterThread: Interrupting: Intake ramp 1-1459 sampler: POST /tickets
2026-10-08 22:38:18,511 INFO o.a.j.t.JMeterThread: Thread is done: Intake ramp 1-1622
2026-10-08 22:38:18,511 INFO o.a.j.t.JMeterThread: Thread finished: Intake ramp 1-1622
2026-10-08 22:38:18,511 INFO o.a.j.t.JMeterThread: Thread is done: Intake ramp 1-1615
2026-10-08 22:38:18,511 INFO o.a.j.t.JMeterThread: Thread finished: Intake ramp 1-1615
2026-10-08 22:38:18,511 INFO o.a.j.t.o.OpenModelThreadGroup: Terminating thread org.apache.jmeter.threads.JMeterThread@3995353b
2026-10-08 22:38:18,511 INFO o.a.j.t.JMeterThread: Stopping: Intake ramp 1-1565
2026-10-08 22:38:18,511 WARN o.a.j.t.JMeterThread: Interrupting: Intake ramp 1-1565 sampler: POST /tickets
2026-10-08 22:38:18,511 INFO o.a.j.t.JMeterThread: Thread is done: Intake ramp 1-1495
2026-10-08 22:38:18,511 INFO o.a.j.t.JMeterThread: Thread finished: Intake ramp 1-1495
2026-10-08 22:38:18,511 INFO o.a.j.t.o.OpenModelThreadGroup: Terminating thread org.apache.jmeter.threads.JMeterThread@736117ce
2026-10-08 22:38:18,511 INFO o.a.j.t.JMeterThread: Thread is done: Intake ramp 1-1259
2026-10-08 22:38:18,511 INFO o.a.j.t.JMeterThread: Stopping: Intake ramp 1-1596
2026-10-08 22:38:18,511 WARN o.a.j.t.JMeterThread: Interrupting: Intake ramp 1-1596 sampler: POST /tickets
2026-10-08 22:38:18,511 INFO o.a.j.t.JMeterThread: Thread finished: Intake ramp 1-1259
2026-10-08 22:38:18,511 INFO o.a.j.t.JMeterThread: Thread is done: Intake ramp 1-1289
2026-10-08 22:38:18,511 INFO o.a.j.t.JMeterThread: Thread finished: Intake ramp 1-1289
2026-10-08 22:38:18,511 INFO o.a.j.t.JMeterThread: Thread is done: Intake ramp 1-1578
2026-10-08 22:38:18,511 INFO o.a.j.t.o.OpenModelThreadGroup: Terminating thread org.apache.jmeter.threads.JMeterThread@3b59fbec
2026-10-08 22:38:18,511 INFO o.a.j.t.JMeterThread: Thread finished: Intake ramp 1-1578
2026-10-08 22:38:18,511 INFO o.a.j.t.JMeterThread: Stopping: Intake ramp 1-1165
2026-10-08 22:38:18,511 WARN o.a.j.t.JMeterThread: Interrupting: Intake ramp 1-1165 sampler: POST /tickets
2026-10-08 22:38:18,511 INFO o.a.j.t.JMeterThread: Thread is done: Intake ramp 1-1574
2026-10-08 22:38:18,511 INFO o.a.j.t.JMeterThread: Thread is done: Intake ramp 1-1459
2026-10-08 22:38:18,511 INFO o.a.j.t.JMeterThread: Thread finished: Intake ramp 1-1574
2026-10-08 22:38:18,511 INFO o.a.j.t.JMeterThread: Thread finished: Intake ramp 1-1459
2026-10-08 22:38:18,511 INFO o.a.j.t.o.OpenModelThreadGroup: Terminating thread org.apache.jmeter.threads.JMeterThread@f35844
2026-10-08 22:38:18,511 INFO o.a.j.t.JMeterThread: Stopping: Intake ramp 1-1150
2026-10-08 22:38:18,511 WARN o.a.j.t.JMeterThread: Interrupting: Intake ramp 1-1150 sampler: POST /tickets
2026-10-08 22:38:18,511 INFO o.a.j.t.o.OpenModelThreadGroup: Terminating thread org.apache.jmeter.threads.JMeterThread@ec5fe7e
2026-10-08 22:38:18,511 INFO o.a.j.t.JMeterThread: Stopping: Intake ramp 1-1429
2026-10-08 22:38:18,511 INFO o.a.j.t.JMeterThread: Thread is done: Intake ramp 1-1565
2026-10-08 22:38:18,512 INFO o.a.j.t.JMeterThread: Thread finished: Intake ramp 1-1565
2026-10-08 22:38:18,511 WARN o.a.j.t.JMeterThread: Interrupting: Intake ramp 1-1429 sampler: POST /tickets
2026-10-08 22:38:18,512 INFO o.a.j.t.o.OpenModelThreadGroup: Terminating thread org.apache.jmeter.threads.JMeterThread@71790dc5
2026-10-08 22:38:18,512 INFO o.a.j.t.JMeterThread: Stopping: Intake ramp 1-1371
2026-10-08 22:38:18,512 WARN o.a.j.t.JMeterThread: Interrupting: Intake ramp 1-1371 sampler: POST /tickets
2026-10-08 22:38:18,512 INFO o.a.j.t.o.OpenModelThreadGroup: Terminating thread org.apache.jmeter.threads.JMeterThread@1d289194
2026-10-08 22:38:18,512 INFO o.a.j.t.JMeterThread: Stopping: Intake ramp 1-1490
2026-10-08 22:38:18,512 WARN o.a.j.t.JMeterThread: Interrupting: Intake ramp 1-1490 sampler: POST /tickets
2026-10-08 22:38:18,512 INFO o.a.j.t.JMeterThread: Thread is done: Intake ramp 1-1596
2026-10-08 22:38:18,512 INFO o.a.j.t.o.OpenModelThreadGroup: Terminating thread org.apache.jmeter.threads.JMeterThread@20405881
2026-10-08 22:38:18,512 INFO o.a.j.t.JMeterThread: Thread finished: Intake ramp 1-1596
2026-10-08 22:38:18,512 INFO o.a.j.t.JMeterThread: Stopping: Intake ramp 1-1343
2026-10-08 22:38:18,512 INFO o.a.j.t.JMeterThread: Thread is done: Intake ramp 1-1165
2026-10-08 22:38:18,512 INFO o.a.j.t.JMeterThread: Thread finished: Intake ramp 1-1165
2026-10-08 22:38:18,512 WARN o.a.j.t.JMeterThread: Interrupting: Intake ramp 1-1343 sampler: POST /tickets
2026-10-08 22:38:18,512 INFO o.a.j.t.JMeterThread: Thread is done: Intake ramp 1-1150
2026-10-08 22:38:18,512 INFO o.a.j.t.JMeterThread: Thread finished: Intake ramp 1-1150
2026-10-08 22:38:18,512 INFO o.a.j.t.JMeterThread: Thread is done: Intake ramp 1-1429
2026-10-08 22:38:18,512 INFO o.a.j.t.JMeterThread: Thread finished: Intake ramp 1-1429
2026-10-08 22:38:18,512 INFO o.a.j.t.o.OpenModelThreadGroup: Terminating thread org.apache.jmeter.threads.JMeterThread@5eafd66a
2026-10-08 22:38:18,512 INFO o.a.j.t.JMeterThread: Thread is done: Intake ramp 1-1371
2026-10-08 22:38:18,512 INFO o.a.j.t.JMeterThread: Stopping: Intake ramp 1-1388
2026-10-08 22:38:18,512 INFO o.a.j.t.JMeterThread: Thread is done: Intake ramp 1-1490
2026-10-08 22:38:18,512 INFO o.a.j.t.JMeterThread: Thread finished: Intake ramp 1-1490
2026-10-08 22:38:18,512 INFO o.a.j.t.JMeterThread: Thread is done: Intake ramp 1-1343
2026-10-08 22:38:18,512 WARN o.a.j.t.JMeterThread: Interrupting: Intake ramp 1-1388 sampler: POST /tickets
2026-10-08 22:38:18,512 INFO o.a.j.t.JMeterThread: Thread finished: Intake ramp 1-1371
2026-10-08 22:38:18,512 INFO o.a.j.t.JMeterThread: Thread finished: Intake ramp 1-1343
2026-10-08 22:38:18,512 INFO o.a.j.t.o.OpenModelThreadGroup: Terminating thread org.apache.jmeter.threads.JMeterThread@37fed73b
2026-10-08 22:38:18,512 INFO o.a.j.t.JMeterThread: Stopping: Intake ramp 1-1458
2026-10-08 22:38:18,512 WARN o.a.j.t.JMeterThread: Interrupting: Intake ramp 1-1458 sampler: POST /tickets
2026-10-08 22:38:18,512 INFO o.a.j.t.o.OpenModelThreadGroup: Terminating thread org.apache.jmeter.threads.JMeterThread@610ef5c7
2026-10-08 22:38:18,512 INFO o.a.j.t.JMeterThread: Stopping: Intake ramp 1-1184
2026-10-08 22:38:18,512 WARN o.a.j.t.JMeterThread: Interrupting: Intake ramp 1-1184 sampler: POST /tickets
2026-10-08 22:38:18,512 INFO o.a.j.t.o.OpenModelThreadGroup: Terminating thread org.apache.jmeter.threads.JMeterThread@7f9b1f52
2026-10-08 22:38:18,512 INFO o.a.j.t.JMeterThread: Stopping: Intake ramp 1-1338
2026-10-08 22:38:18,512 WARN o.a.j.t.JMeterThread: Interrupting: Intake ramp 1-1338 sampler: POST /tickets
2026-10-08 22:38:18,512 INFO o.a.j.t.o.OpenModelThreadGroup: Terminating thread org.apache.jmeter.threads.JMeterThread@56fe4235
2026-10-08 22:38:18,512 INFO o.a.j.t.JMeterThread: Stopping: Intake ramp 1-1166
2026-10-08 22:38:18,512 WARN o.a.j.t.JMeterThread: Interrupting: Intake ramp 1-1166 sampler: POST /tickets
2026-10-08 22:38:18,512 INFO o.a.j.t.o.OpenModelThreadGroup: Terminating thread org.apache.jmeter.threads.JMeterThread@1ce7282a
2026-10-08 22:38:18,512 INFO o.a.j.t.JMeterThread: Stopping: Intake ramp 1-1428
2026-10-08 22:38:18,512 WARN o.a.j.t.JMeterThread: Interrupting: Intake ramp 1-1428 sampler: POST /tickets
2026-10-08 22:38:18,512 INFO o.a.j.t.o.OpenModelThreadGroup: Terminating thread org.apache.jmeter.threads.JMeterThread@7a832a4d
2026-10-08 22:38:18,512 INFO o.a.j.t.JMeterThread: Stopping: Intake ramp 1-1350
2026-10-08 22:38:18,512 WARN o.a.j.t.JMeterThread: Interrupting: Intake ramp 1-1350 sampler: POST /tickets
2026-10-08 22:38:18,512 INFO o.a.j.t.o.OpenModelThreadGroup: Terminating thread org.apache.jmeter.threads.JMeterThread@191e81d1
2026-10-08 22:38:18,512 INFO o.a.j.t.JMeterThread: Stopping: Intake ramp 1-1494
2026-10-08 22:38:18,512 WARN o.a.j.t.JMeterThread: Interrupting: Intake ramp 1-1494 sampler: POST /tickets
2026-10-08 22:38:18,512 INFO o.a.j.t.o.OpenModelThreadGroup: Terminating thread org.apache.jmeter.threads.JMeterThread@1b96ef40
2026-10-08 22:38:18,512 INFO o.a.j.t.JMeterThread: Stopping: Intake ramp 1-1293
2026-10-08 22:38:18,512 WARN o.a.j.t.JMeterThread: Interrupting: Intake ramp 1-1293 sampler: POST /tickets
2026-10-08 22:38:18,512 INFO o.a.j.t.o.OpenModelThreadGroup: Terminating thread org.apache.jmeter.threads.JMeterThread@53e03337
2026-10-08 22:38:18,512 INFO o.a.j.t.JMeterThread: Stopping: Intake ramp 1-1444
2026-10-08 22:38:18,512 WARN o.a.j.t.JMeterThread: Interrupting: Intake ramp 1-1444 sampler: POST /tickets
2026-10-08 22:38:18,512 INFO o.a.j.t.o.OpenModelThreadGroup: Terminating thread org.apache.jmeter.threads.JMeterThread@73210fc4
2026-10-08 22:38:18,512 INFO o.a.j.t.JMeterThread: Stopping: Intake ramp 1-1562
2026-10-08 22:38:18,512 WARN o.a.j.t.JMeterThread: Interrupting: Intake ramp 1-1562 sampler: POST /tickets
2026-10-08 22:38:18,512 INFO o.a.j.t.o.OpenModelThreadGroup: Terminating thread org.apache.jmeter.threads.JMeterThread@34b78c5f
2026-10-08 22:38:18,512 INFO o.a.j.t.JMeterThread: Thread is done: Intake ramp 1-1184
2026-10-08 22:38:18,512 INFO o.a.j.t.JMeterThread: Thread finished: Intake ramp 1-1184
2026-10-08 22:38:18,512 INFO o.a.j.t.JMeterThread: Stopping: Intake ramp 1-1274
2026-10-08 22:38:18,512 INFO o.a.j.t.JMeterThread: Thread is done: Intake ramp 1-1388
2026-10-08 22:38:18,512 INFO o.a.j.t.JMeterThread: Thread finished: Intake ramp 1-1388
2026-10-08 22:38:18,512 INFO o.a.j.t.JMeterThread: Thread is done: Intake ramp 1-1338
2026-10-08 22:38:18,512 INFO o.a.j.t.JMeterThread: Thread is done: Intake ramp 1-1166
2026-10-08 22:38:18,512 INFO o.a.j.t.JMeterThread: Thread finished: Intake ramp 1-1338
2026-10-08 22:38:18,512 INFO o.a.j.t.JMeterThread: Thread finished: Intake ramp 1-1166
2026-10-08 22:38:18,512 WARN o.a.j.t.JMeterThread: Interrupting: Intake ramp 1-1274 sampler: POST /tickets
2026-10-08 22:38:18,512 INFO o.a.j.t.JMeterThread: Thread is done: Intake ramp 1-1458
2026-10-08 22:38:18,512 INFO o.a.j.t.JMeterThread: Thread finished: Intake ramp 1-1458
2026-10-08 22:38:18,512 INFO o.a.j.t.JMeterThread: Thread is done: Intake ramp 1-1428
2026-10-08 22:38:18,512 INFO o.a.j.t.JMeterThread: Thread finished: Intake ramp 1-1428
2026-10-08 22:38:18,512 INFO o.a.j.t.JMeterThread: Thread is done: Intake ramp 1-1293
2026-10-08 22:38:18,512 INFO o.a.j.t.JMeterThread: Thread finished: Intake ramp 1-1293
2026-10-08 22:38:18,512 INFO o.a.j.t.o.OpenModelThreadGroup: Terminating thread org.apache.jmeter.threads.JMeterThread@79b3a15e
2026-10-08 22:38:18,512 INFO o.a.j.t.JMeterThread: Thread is done: Intake ramp 1-1494
2026-10-08 22:38:18,512 INFO o.a.j.t.JMeterThread: Stopping: Intake ramp 1-1175
2026-10-08 22:38:18,512 INFO o.a.j.t.JMeterThread: Thread is done: Intake ramp 1-1350
2026-10-08 22:38:18,512 INFO o.a.j.t.JMeterThread: Thread finished: Intake ramp 1-1350
2026-10-08 22:38:18,512 INFO o.a.j.t.JMeterThread: Thread finished: Intake ramp 1-1494
2026-10-08 22:38:18,512 INFO o.a.j.t.JMeterThread: Thread is done: Intake ramp 1-1444
2026-10-08 22:38:18,512 INFO o.a.j.t.JMeterThread: Thread is done: Intake ramp 1-1562
2026-10-08 22:38:18,512 WARN o.a.j.t.JMeterThread: Interrupting: Intake ramp 1-1175 sampler: POST /tickets
2026-10-08 22:38:18,512 INFO o.a.j.t.JMeterThread: Thread finished: Intake ramp 1-1562
2026-10-08 22:38:18,512 INFO o.a.j.t.JMeterThread: Thread finished: Intake ramp 1-1444
2026-10-08 22:38:18,514 INFO o.a.j.t.JMeterThread: Thread is done: Intake ramp 1-1274
2026-10-08 22:38:18,514 INFO o.a.j.t.JMeterThread: Thread finished: Intake ramp 1-1274
2026-10-08 22:38:18,514 INFO o.a.j.t.o.OpenModelThreadGroup: Terminating thread org.apache.jmeter.threads.JMeterThread@3f0b23e5
2026-10-08 22:38:18,514 INFO o.a.j.t.JMeterThread: Stopping: Intake ramp 1-1190
2026-10-08 22:38:18,514 WARN o.a.j.t.JMeterThread: Interrupting: Intake ramp 1-1190 sampler: POST /tickets
2026-10-08 22:38:18,514 INFO o.a.j.t.o.OpenModelThreadGroup: Terminating thread org.apache.jmeter.threads.JMeterThread@463112df
2026-10-08 22:38:18,514 INFO o.a.j.t.JMeterThread: Stopping: Intake ramp 1-1391
2026-10-08 22:38:18,514 WARN o.a.j.t.JMeterThread: Interrupting: Intake ramp 1-1391 sampler: POST /tickets
2026-10-08 22:38:18,514 INFO o.a.j.t.o.OpenModelThreadGroup: Terminating thread org.apache.jmeter.threads.JMeterThread@474d884
2026-10-08 22:38:18,514 INFO o.a.j.t.JMeterThread: Stopping: Intake ramp 1-1618
2026-10-08 22:38:18,514 WARN o.a.j.t.JMeterThread: Interrupting: Intake ramp 1-1618 sampler: POST /tickets
2026-10-08 22:38:18,514 INFO o.a.j.t.JMeterThread: Thread is done: Intake ramp 1-1175
2026-10-08 22:38:18,514 INFO o.a.j.t.JMeterThread: Thread finished: Intake ramp 1-1175
2026-10-08 22:38:18,514 INFO o.a.j.t.o.OpenModelThreadGroup: Terminating thread org.apache.jmeter.threads.JMeterThread@2173e181
2026-10-08 22:38:18,514 INFO o.a.j.t.JMeterThread: Stopping: Intake ramp 1-1286
2026-10-08 22:38:18,514 WARN o.a.j.t.JMeterThread: Interrupting: Intake ramp 1-1286 sampler: POST /tickets
2026-10-08 22:38:18,514 INFO o.a.j.t.JMeterThread: Thread is done: Intake ramp 1-1190
2026-10-08 22:38:18,514 INFO o.a.j.t.JMeterThread: Thread finished: Intake ramp 1-1190
2026-10-08 22:38:18,514 INFO o.a.j.t.o.OpenModelThreadGroup: Terminating thread org.apache.jmeter.threads.JMeterThread@634eb7bc
2026-10-08 22:38:18,514 INFO o.a.j.t.JMeterThread: Stopping: Intake ramp 1-1405
2026-10-08 22:38:18,514 WARN o.a.j.t.JMeterThread: Interrupting: Intake ramp 1-1405 sampler: POST /tickets
2026-10-08 22:38:18,514 INFO o.a.j.t.JMeterThread: Thread is done: Intake ramp 1-1391
2026-10-08 22:38:18,514 INFO o.a.j.t.JMeterThread: Thread finished: Intake ramp 1-1391
2026-10-08 22:38:18,514 INFO o.a.j.t.o.OpenModelThreadGroup: Terminating thread org.apache.jmeter.threads.JMeterThread@708fe472
2026-10-08 22:38:18,514 INFO o.a.j.t.JMeterThread: Stopping: Intake ramp 1-1476
2026-10-08 22:38:18,514 WARN o.a.j.t.JMeterThread: Interrupting: Intake ramp 1-1476 sampler: POST /tickets
2026-10-08 22:38:18,514 INFO o.a.j.t.o.OpenModelThreadGroup: Terminating thread org.apache.jmeter.threads.JMeterThread@67f566f4
2026-10-08 22:38:18,514 INFO o.a.j.t.JMeterThread: Stopping: Intake ramp 1-1331
2026-10-08 22:38:18,514 WARN o.a.j.t.JMeterThread: Interrupting: Intake ramp 1-1331 sampler: POST /tickets
2026-10-08 22:38:18,514 INFO o.a.j.t.o.OpenModelThreadGroup: Terminating thread org.apache.jmeter.threads.JMeterThread@6f1a361b
2026-10-08 22:38:18,514 INFO o.a.j.t.JMeterThread: Stopping: Intake ramp 1-1605
2026-10-08 22:38:18,514 WARN o.a.j.t.JMeterThread: Interrupting: Intake ramp 1-1605 sampler: POST /tickets
2026-10-08 22:38:18,514 INFO o.a.j.t.o.OpenModelThreadGroup: Terminating thread org.apache.jmeter.threads.JMeterThread@2cd8c9da
2026-10-08 22:38:18,514 INFO o.a.j.t.JMeterThread: Stopping: Intake ramp 1-1304
2026-10-08 22:38:18,514 WARN o.a.j.t.JMeterThread: Interrupting: Intake ramp 1-1304 sampler: POST /tickets
2026-10-08 22:38:18,514 INFO o.a.j.t.JMeterThread: Thread is done: Intake ramp 1-1618
2026-10-08 22:38:18,514 INFO o.a.j.t.JMeterThread: Thread finished: Intake ramp 1-1618
2026-10-08 22:38:18,514 INFO o.a.j.t.o.OpenModelThreadGroup: Terminating thread org.apache.jmeter.threads.JMeterThread@6cd40dd6
2026-10-08 22:38:18,514 INFO o.a.j.t.JMeterThread: Stopping: Intake ramp 1-1464
2026-10-08 22:38:18,514 INFO o.a.j.t.JMeterThread: Thread is done: Intake ramp 1-1286
2026-10-08 22:38:18,514 WARN o.a.j.t.JMeterThread: Interrupting: Intake ramp 1-1464 sampler: POST /tickets
2026-10-08 22:38:18,514 INFO o.a.j.t.JMeterThread: Thread finished: Intake ramp 1-1286
2026-10-08 22:38:18,514 INFO o.a.j.t.JMeterThread: Thread is done: Intake ramp 1-1405
2026-10-08 22:38:18,514 INFO o.a.j.t.JMeterThread: Thread finished: Intake ramp 1-1405
2026-10-08 22:38:18,514 INFO o.a.j.t.JMeterThread: Thread is done: Intake ramp 1-1476
2026-10-08 22:38:18,514 INFO o.a.j.t.JMeterThread: Thread finished: Intake ramp 1-1476
2026-10-08 22:38:18,514 INFO o.a.j.t.JMeterThread: Thread is done: Intake ramp 1-1331
2026-10-08 22:38:18,514 INFO o.a.j.t.JMeterThread: Thread is done: Intake ramp 1-1304
2026-10-08 22:38:18,514 INFO o.a.j.t.o.OpenModelThreadGroup: Terminating thread org.apache.jmeter.threads.JMeterThread@16741b77
2026-10-08 22:38:18,514 INFO o.a.j.t.JMeterThread: Thread finished: Intake ramp 1-1304
2026-10-08 22:38:18,514 INFO o.a.j.t.JMeterThread: Thread is done: Intake ramp 1-1605
2026-10-08 22:38:18,514 INFO o.a.j.t.JMeterThread: Thread finished: Intake ramp 1-1331
2026-10-08 22:38:18,514 INFO o.a.j.t.JMeterThread: Thread is done: Intake ramp 1-1464
2026-10-08 22:38:18,514 INFO o.a.j.t.JMeterThread: Thread finished: Intake ramp 1-1605
2026-10-08 22:38:18,514 INFO o.a.j.t.JMeterThread: Stopping: Intake ramp 1-1194
2026-10-08 22:38:18,515 WARN o.a.j.t.JMeterThread: Interrupting: Intake ramp 1-1194 sampler: POST /tickets
2026-10-08 22:38:18,515 INFO o.a.j.t.JMeterThread: Thread finished: Intake ramp 1-1464
2026-10-08 22:38:18,515 INFO o.a.j.t.o.OpenModelThreadGroup: Terminating thread org.apache.jmeter.threads.JMeterThread@104f1544
2026-10-08 22:38:18,515 INFO o.a.j.t.JMeterThread: Stopping: Intake ramp 1-1154
2026-10-08 22:38:18,515 WARN o.a.j.t.JMeterThread: Interrupting: Intake ramp 1-1154 sampler: POST /tickets
2026-10-08 22:38:18,515 INFO o.a.j.t.o.OpenModelThreadGroup: Terminating thread org.apache.jmeter.threads.JMeterThread@76e7c3ec
2026-10-08 22:38:18,515 INFO o.a.j.t.JMeterThread: Stopping: Intake ramp 1-1406
2026-10-08 22:38:18,515 WARN o.a.j.t.JMeterThread: Interrupting: Intake ramp 1-1406 sampler: POST /tickets
2026-10-08 22:38:18,515 INFO o.a.j.t.o.OpenModelThreadGroup: Terminating thread org.apache.jmeter.threads.JMeterThread@7f46b24a
2026-10-08 22:38:18,515 INFO o.a.j.t.JMeterThread: Stopping: Intake ramp 1-1422
2026-10-08 22:38:18,515 WARN o.a.j.t.JMeterThread: Interrupting: Intake ramp 1-1422 sampler: POST /tickets
2026-10-08 22:38:18,515 INFO o.a.j.t.o.OpenModelThreadGroup: Terminating thread org.apache.jmeter.threads.JMeterThread@31b2d0bd
2026-10-08 22:38:18,515 INFO o.a.j.t.JMeterThread: Thread is done: Intake ramp 1-1194
2026-10-08 22:38:18,515 INFO o.a.j.t.JMeterThread: Stopping: Intake ramp 1-1345
2026-10-08 22:38:18,515 INFO o.a.j.t.JMeterThread: Thread finished: Intake ramp 1-1194
2026-10-08 22:38:18,515 WARN o.a.j.t.JMeterThread: Interrupting: Intake ramp 1-1345 sampler: POST /tickets
2026-10-08 22:38:18,515 INFO o.a.j.t.JMeterThread: Thread is done: Intake ramp 1-1154
2026-10-08 22:38:18,515 INFO o.a.j.t.JMeterThread: Thread finished: Intake ramp 1-1154
2026-10-08 22:38:18,515 INFO o.a.j.t.o.OpenModelThreadGroup: Terminating thread org.apache.jmeter.threads.JMeterThread@7f637e72
2026-10-08 22:38:18,515 INFO o.a.j.t.JMeterThread: Stopping: Intake ramp 1-1529
2026-10-08 22:38:18,515 WARN o.a.j.t.JMeterThread: Interrupting: Intake ramp 1-1529 sampler: POST /tickets
2026-10-08 22:38:18,515 INFO o.a.j.t.JMeterThread: Thread is done: Intake ramp 1-1406
2026-10-08 22:38:18,515 INFO o.a.j.t.o.OpenModelThreadGroup: Terminating thread org.apache.jmeter.threads.JMeterThread@31371426
2026-10-08 22:38:18,515 INFO o.a.j.t.JMeterThread: Thread finished: Intake ramp 1-1406
2026-10-08 22:38:18,515 INFO o.a.j.t.JMeterThread: Stopping: Intake ramp 1-1563
2026-10-08 22:38:18,515 WARN o.a.j.t.JMeterThread: Interrupting: Intake ramp 1-1563 sampler: POST /tickets
2026-10-08 22:38:18,515 INFO o.a.j.t.JMeterThread: Thread is done: Intake ramp 1-1422
2026-10-08 22:38:18,515 INFO o.a.j.t.JMeterThread: Thread is done: Intake ramp 1-1345
2026-10-08 22:38:18,515 INFO o.a.j.t.JMeterThread: Thread finished: Intake ramp 1-1345
2026-10-08 22:38:18,515 INFO o.a.j.t.o.OpenModelThreadGroup: Terminating thread org.apache.jmeter.threads.JMeterThread@6f97ba84
2026-10-08 22:38:18,515 INFO o.a.j.t.JMeterThread: Thread finished: Intake ramp 1-1422
2026-10-08 22:38:18,515 INFO o.a.j.t.JMeterThread: Stopping: Intake ramp 1-1200
2026-10-08 22:38:18,515 WARN o.a.j.t.JMeterThread: Interrupting: Intake ramp 1-1200 sampler: POST /tickets
2026-10-08 22:38:18,515 INFO o.a.j.t.JMeterThread: Thread is done: Intake ramp 1-1529
2026-10-08 22:38:18,515 INFO o.a.j.t.JMeterThread: Thread finished: Intake ramp 1-1529
2026-10-08 22:38:18,515 INFO o.a.j.t.JMeterThread: Thread is done: Intake ramp 1-1563
2026-10-08 22:38:18,515 INFO o.a.j.t.JMeterThread: Thread finished: Intake ramp 1-1563
2026-10-08 22:38:18,515 INFO o.a.j.t.o.OpenModelThreadGroup: Terminating thread org.apache.jmeter.threads.JMeterThread@116c587f
2026-10-08 22:38:18,515 INFO o.a.j.t.JMeterThread: Stopping: Intake ramp 1-1355
2026-10-08 22:38:18,515 WARN o.a.j.t.JMeterThread: Interrupting: Intake ramp 1-1355 sampler: POST /tickets
2026-10-08 22:38:18,515 INFO o.a.j.t.JMeterThread: Thread is done: Intake ramp 1-1200
2026-10-08 22:38:18,515 INFO o.a.j.t.o.OpenModelThreadGroup: Terminating thread org.apache.jmeter.threads.JMeterThread@47d336c0
2026-10-08 22:38:18,515 INFO o.a.j.t.JMeterThread: Thread finished: Intake ramp 1-1200
2026-10-08 22:38:18,515 INFO o.a.j.t.JMeterThread: Stopping: Intake ramp 1-1461
2026-10-08 22:38:18,516 WARN o.a.j.t.JMeterThread: Interrupting: Intake ramp 1-1461 sampler: POST /tickets
2026-10-08 22:38:18,516 INFO o.a.j.t.o.OpenModelThreadGroup: Terminating thread org.apache.jmeter.threads.JMeterThread@5c580d4c
2026-10-08 22:38:18,516 INFO o.a.j.t.JMeterThread: Stopping: Intake ramp 1-1398
2026-10-08 22:38:18,516 INFO o.a.j.t.JMeterThread: Thread is done: Intake ramp 1-1355
2026-10-08 22:38:18,516 INFO o.a.j.t.JMeterThread: Thread finished: Intake ramp 1-1355
2026-10-08 22:38:18,516 WARN o.a.j.t.JMeterThread: Interrupting: Intake ramp 1-1398 sampler: POST /tickets
2026-10-08 22:38:18,516 INFO o.a.j.t.JMeterThread: Thread is done: Intake ramp 1-1461
2026-10-08 22:38:18,516 INFO o.a.j.t.JMeterThread: Thread finished: Intake ramp 1-1461
2026-10-08 22:38:18,516 INFO o.a.j.t.o.OpenModelThreadGroup: Terminating thread org.apache.jmeter.threads.JMeterThread@20021515
2026-10-08 22:38:18,516 INFO o.a.j.t.JMeterThread: Stopping: Intake ramp 1-1582
2026-10-08 22:38:18,516 WARN o.a.j.t.JMeterThread: Interrupting: Intake ramp 1-1582 sampler: POST /tickets
2026-10-08 22:38:18,516 INFO o.a.j.t.o.OpenModelThreadGroup: Terminating thread org.apache.jmeter.threads.JMeterThread@50e009f9
2026-10-08 22:38:18,516 INFO o.a.j.t.JMeterThread: Stopping: Intake ramp 1-1168
2026-10-08 22:38:18,516 WARN o.a.j.t.JMeterThread: Interrupting: Intake ramp 1-1168 sampler: POST /tickets
2026-10-08 22:38:18,516 INFO o.a.j.t.JMeterThread: Thread is done: Intake ramp 1-1398
2026-10-08 22:38:18,516 INFO o.a.j.t.JMeterThread: Thread finished: Intake ramp 1-1398
2026-10-08 22:38:18,516 INFO o.a.j.t.o.OpenModelThreadGroup: Terminating thread org.apache.jmeter.threads.JMeterThread@2d7adc63
2026-10-08 22:38:18,516 INFO o.a.j.t.JMeterThread: Stopping: Intake ramp 1-1217
2026-10-08 22:38:18,516 WARN o.a.j.t.JMeterThread: Interrupting: Intake ramp 1-1217 sampler: POST /tickets
2026-10-08 22:38:18,516 INFO o.a.j.t.JMeterThread: Thread is done: Intake ramp 1-1582
2026-10-08 22:38:18,516 INFO o.a.j.t.JMeterThread: Thread finished: Intake ramp 1-1582
2026-10-08 22:38:18,516 INFO o.a.j.t.o.OpenModelThreadGroup: Terminating thread org.apache.jmeter.threads.JMeterThread@6cbad5a3
2026-10-08 22:38:18,516 INFO o.a.j.t.JMeterThread: Stopping: Intake ramp 1-1381
2026-10-08 22:38:18,516 WARN o.a.j.t.JMeterThread: Interrupting: Intake ramp 1-1381 sampler: POST /tickets
2026-10-08 22:38:18,516 INFO o.a.j.t.o.OpenModelThreadGroup: Terminating thread org.apache.jmeter.threads.JMeterThread@44c8ddd1
2026-10-08 22:38:18,516 INFO o.a.j.t.JMeterThread: Stopping: Intake ramp 1-1600
2026-10-08 22:38:18,516 WARN o.a.j.t.JMeterThread: Interrupting: Intake ramp 1-1600 sampler: POST /tickets
2026-10-08 22:38:18,516 INFO o.a.j.t.o.OpenModelThreadGroup: Terminating thread org.apache.jmeter.threads.JMeterThread@4b93e288
2026-10-08 22:38:18,516 INFO o.a.j.t.JMeterThread: Stopping: Intake ramp 1-1172
2026-10-08 22:38:18,516 INFO o.a.j.t.JMeterThread: Thread is done: Intake ramp 1-1168
2026-10-08 22:38:18,516 WARN o.a.j.t.JMeterThread: Interrupting: Intake ramp 1-1172 sampler: POST /tickets
2026-10-08 22:38:18,516 INFO o.a.j.t.JMeterThread: Thread finished: Intake ramp 1-1168
2026-10-08 22:38:18,516 INFO o.a.j.t.JMeterThread: Thread is done: Intake ramp 1-1217
2026-10-08 22:38:18,516 INFO o.a.j.t.JMeterThread: Thread finished: Intake ramp 1-1217
2026-10-08 22:38:18,516 INFO o.a.j.t.JMeterThread: Thread is done: Intake ramp 1-1381
2026-10-08 22:38:18,516 INFO o.a.j.t.JMeterThread: Thread finished: Intake ramp 1-1381
2026-10-08 22:38:18,516 INFO o.a.j.t.o.OpenModelThreadGroup: Terminating thread org.apache.jmeter.threads.JMeterThread@2cf3f9e8
2026-10-08 22:38:18,516 INFO o.a.j.t.JMeterThread: Stopping: Intake ramp 1-1301
2026-10-08 22:38:18,516 WARN o.a.j.t.JMeterThread: Interrupting: Intake ramp 1-1301 sampler: POST /tickets
2026-10-08 22:38:18,516 INFO o.a.j.t.JMeterThread: Thread is done: Intake ramp 1-1172
2026-10-08 22:38:18,517 INFO o.a.j.t.JMeterThread: Thread finished: Intake ramp 1-1172
2026-10-08 22:38:18,517 INFO o.a.j.t.JMeterThread: Thread is done: Intake ramp 1-1600
2026-10-08 22:38:18,516 INFO o.a.j.t.o.OpenModelThreadGroup: Terminating thread org.apache.jmeter.threads.JMeterThread@26fecfe5
2026-10-08 22:38:18,517 INFO o.a.j.t.JMeterThread: Thread finished: Intake ramp 1-1600
2026-10-08 22:38:18,517 INFO o.a.j.t.JMeterThread: Stopping: Intake ramp 1-1512
2026-10-08 22:38:18,517 WARN o.a.j.t.JMeterThread: Interrupting: Intake ramp 1-1512 sampler: POST /tickets
2026-10-08 22:38:18,517 INFO o.a.j.t.o.OpenModelThreadGroup: Terminating thread org.apache.jmeter.threads.JMeterThread@22bfb3a3
2026-10-08 22:38:18,517 INFO o.a.j.t.JMeterThread: Stopping: Intake ramp 1-1288
2026-10-08 22:38:18,517 WARN o.a.j.t.JMeterThread: Interrupting: Intake ramp 1-1288 sampler: POST /tickets
2026-10-08 22:38:18,517 INFO o.a.j.t.o.OpenModelThreadGroup: Terminating thread org.apache.jmeter.threads.JMeterThread@6121383d
2026-10-08 22:38:18,517 INFO o.a.j.t.JMeterThread: Stopping: Intake ramp 1-1393
2026-10-08 22:38:18,517 INFO o.a.j.t.JMeterThread: Thread is done: Intake ramp 1-1301
2026-10-08 22:38:18,517 INFO o.a.j.t.JMeterThread: Thread finished: Intake ramp 1-1301
2026-10-08 22:38:18,517 WARN o.a.j.t.JMeterThread: Interrupting: Intake ramp 1-1393 sampler: POST /tickets
2026-10-08 22:38:18,517 INFO o.a.j.t.o.OpenModelThreadGroup: Terminating thread org.apache.jmeter.threads.JMeterThread@614ad057
2026-10-08 22:38:18,517 INFO o.a.j.t.JMeterThread: Stopping: Intake ramp 1-1142
2026-10-08 22:38:18,517 WARN o.a.j.t.JMeterThread: Interrupting: Intake ramp 1-1142 sampler: POST /tickets
2026-10-08 22:38:18,517 INFO o.a.j.t.JMeterThread: Thread is done: Intake ramp 1-1512
2026-10-08 22:38:18,517 INFO o.a.j.t.JMeterThread: Thread finished: Intake ramp 1-1512
2026-10-08 22:38:18,517 INFO o.a.j.t.JMeterThread: Thread is done: Intake ramp 1-1288
2026-10-08 22:38:18,517 INFO o.a.j.t.JMeterThread: Thread finished: Intake ramp 1-1288
2026-10-08 22:38:18,517 INFO o.a.j.t.o.OpenModelThreadGroup: Terminating thread org.apache.jmeter.threads.JMeterThread@5906141b
2026-10-08 22:38:18,517 INFO o.a.j.t.JMeterThread: Stopping: Intake ramp 1-1401
2026-10-08 22:38:18,517 WARN o.a.j.t.JMeterThread: Interrupting: Intake ramp 1-1401 sampler: POST /tickets
2026-10-08 22:38:18,517 INFO o.a.j.t.JMeterThread: Thread is done: Intake ramp 1-1393
2026-10-08 22:38:18,517 INFO o.a.j.t.JMeterThread: Thread finished: Intake ramp 1-1393
2026-10-08 22:38:18,517 INFO o.a.j.t.o.OpenModelThreadGroup: Terminating thread org.apache.jmeter.threads.JMeterThread@275d1e7f
2026-10-08 22:38:18,517 INFO o.a.j.t.JMeterThread: Stopping: Intake ramp 1-1409
2026-10-08 22:38:18,517 WARN o.a.j.t.JMeterThread: Interrupting: Intake ramp 1-1409 sampler: POST /tickets
2026-10-08 22:38:18,517 INFO o.a.j.t.o.OpenModelThreadGroup: Terminating thread org.apache.jmeter.threads.JMeterThread@3c34e516
2026-10-08 22:38:18,517 INFO o.a.j.t.JMeterThread: Thread is done: Intake ramp 1-1142
2026-10-08 22:38:18,517 INFO o.a.j.t.JMeterThread: Stopping: Intake ramp 1-1585
2026-10-08 22:38:18,517 INFO o.a.j.t.JMeterThread: Thread finished: Intake ramp 1-1142
2026-10-08 22:38:18,517 WARN o.a.j.t.JMeterThread: Interrupting: Intake ramp 1-1585 sampler: POST /tickets
2026-10-08 22:38:18,517 INFO o.a.j.t.o.OpenModelThreadGroup: Terminating thread org.apache.jmeter.threads.JMeterThread@74c5c5e6
2026-10-08 22:38:18,517 INFO o.a.j.t.JMeterThread: Stopping: Intake ramp 1-1257
2026-10-08 22:38:18,517 INFO o.a.j.t.JMeterThread: Thread is done: Intake ramp 1-1401
2026-10-08 22:38:18,517 WARN o.a.j.t.JMeterThread: Interrupting: Intake ramp 1-1257 sampler: POST /tickets
2026-10-08 22:38:18,517 INFO o.a.j.t.JMeterThread: Thread is done: Intake ramp 1-1409
2026-10-08 22:38:18,517 INFO o.a.j.t.JMeterThread: Thread finished: Intake ramp 1-1401
2026-10-08 22:38:18,517 INFO o.a.j.t.JMeterThread: Thread finished: Intake ramp 1-1409
2026-10-08 22:38:18,517 INFO o.a.j.t.o.OpenModelThreadGroup: Terminating thread org.apache.jmeter.threads.JMeterThread@4bab8e8f
2026-10-08 22:38:18,517 INFO o.a.j.t.JMeterThread: Stopping: Intake ramp 1-1567
2026-10-08 22:38:18,517 WARN o.a.j.t.JMeterThread: Interrupting: Intake ramp 1-1567 sampler: POST /tickets
2026-10-08 22:38:18,517 INFO o.a.j.t.o.OpenModelThreadGroup: Terminating thread org.apache.jmeter.threads.JMeterThread@128c5faa
2026-10-08 22:38:18,517 INFO o.a.j.t.JMeterThread: Stopping: Intake ramp 1-1251
2026-10-08 22:38:18,517 WARN o.a.j.t.JMeterThread: Interrupting: Intake ramp 1-1251 sampler: POST /tickets
2026-10-08 22:38:18,517 INFO o.a.j.t.o.OpenModelThreadGroup: Terminating thread org.apache.jmeter.threads.JMeterThread@26205306
2026-10-08 22:38:18,517 INFO o.a.j.t.JMeterThread: Stopping: Intake ramp 1-1326
2026-10-08 22:38:18,517 WARN o.a.j.t.JMeterThread: Interrupting: Intake ramp 1-1326 sampler: POST /tickets
2026-10-08 22:38:18,517 INFO o.a.j.t.o.OpenModelThreadGroup: Terminating thread org.apache.jmeter.threads.JMeterThread@510b1026
2026-10-08 22:38:18,517 INFO o.a.j.t.JMeterThread: Stopping: Intake ramp 1-1589
2026-10-08 22:38:18,517 WARN o.a.j.t.JMeterThread: Interrupting: Intake ramp 1-1589 sampler: POST /tickets
2026-10-08 22:38:18,517 INFO o.a.j.t.JMeterThread: Thread is done: Intake ramp 1-1585
2026-10-08 22:38:18,518 INFO o.a.j.t.JMeterThread: Thread finished: Intake ramp 1-1585
2026-10-08 22:38:18,518 INFO o.a.j.t.o.OpenModelThreadGroup: Terminating thread org.apache.jmeter.threads.JMeterThread@54417d72
2026-10-08 22:38:18,518 INFO o.a.j.t.JMeterThread: Stopping: Intake ramp 1-1437
2026-10-08 22:38:18,518 WARN o.a.j.t.JMeterThread: Interrupting: Intake ramp 1-1437 sampler: POST /tickets
2026-10-08 22:38:18,518 INFO o.a.j.t.o.OpenModelThreadGroup: Terminating thread org.apache.jmeter.threads.JMeterThread@55c186b
2026-10-08 22:38:18,518 INFO o.a.j.t.JMeterThread: Stopping: Intake ramp 1-1203
2026-10-08 22:38:18,518 WARN o.a.j.t.JMeterThread: Interrupting: Intake ramp 1-1203 sampler: POST /tickets
2026-10-08 22:38:18,518 INFO o.a.j.t.o.OpenModelThreadGroup: Terminating thread org.apache.jmeter.threads.JMeterThread@1bd58ee2
2026-10-08 22:38:18,518 INFO o.a.j.t.JMeterThread: Stopping: Intake ramp 1-1424
2026-10-08 22:38:18,518 WARN o.a.j.t.JMeterThread: Interrupting: Intake ramp 1-1424 sampler: POST /tickets
2026-10-08 22:38:18,518 INFO o.a.j.t.o.OpenModelThreadGroup: Terminating thread org.apache.jmeter.threads.JMeterThread@27b5e682
2026-10-08 22:38:18,518 INFO o.a.j.t.JMeterThread: Stopping: Intake ramp 1-1539
2026-10-08 22:38:18,518 WARN o.a.j.t.JMeterThread: Interrupting: Intake ramp 1-1539 sampler: POST /tickets
2026-10-08 22:38:18,518 INFO o.a.j.t.o.OpenModelThreadGroup: Terminating thread org.apache.jmeter.threads.JMeterThread@22622b5a
2026-10-08 22:38:18,518 INFO o.a.j.t.JMeterThread: Stopping: Intake ramp 1-1509
2026-10-08 22:38:18,518 INFO o.a.j.t.JMeterThread: Thread is done: Intake ramp 1-1251
2026-10-08 22:38:18,518 WARN o.a.j.t.JMeterThread: Interrupting: Intake ramp 1-1509 sampler: POST /tickets
2026-10-08 22:38:18,518 INFO o.a.j.t.JMeterThread: Thread finished: Intake ramp 1-1251
2026-10-08 22:38:18,518 INFO o.a.j.t.JMeterThread: Thread is done: Intake ramp 1-1257
2026-10-08 22:38:18,518 INFO o.a.j.t.o.OpenModelThreadGroup: Terminating thread org.apache.jmeter.threads.JMeterThread@3a450b79
2026-10-08 22:38:18,518 INFO o.a.j.t.JMeterThread: Stopping: Intake ramp 1-1440
2026-10-08 22:38:18,518 WARN o.a.j.t.JMeterThread: Interrupting: Intake ramp 1-1440 sampler: POST /tickets
2026-10-08 22:38:18,518 INFO o.a.j.t.JMeterThread: Thread finished: Intake ramp 1-1257
2026-10-08 22:38:18,518 INFO o.a.j.t.JMeterThread: Thread is done: Intake ramp 1-1567
2026-10-08 22:38:18,518 INFO o.a.j.t.o.OpenModelThreadGroup: Terminating thread org.apache.jmeter.threads.JMeterThread@2dd5aceb
2026-10-08 22:38:18,518 INFO o.a.j.t.JMeterThread: Thread finished: Intake ramp 1-1567
2026-10-08 22:38:18,518 INFO o.a.j.t.JMeterThread: Thread is done: Intake ramp 1-1326
2026-10-08 22:38:18,518 INFO o.a.j.t.JMeterThread: Thread is done: Intake ramp 1-1589
2026-10-08 22:38:18,518 INFO o.a.j.t.JMeterThread: Stopping: Intake ramp 1-1236
2026-10-08 22:38:18,518 INFO o.a.j.t.JMeterThread: Thread finished: Intake ramp 1-1326
2026-10-08 22:38:18,518 INFO o.a.j.t.JMeterThread: Thread finished: Intake ramp 1-1589
2026-10-08 22:38:18,518 INFO o.a.j.t.JMeterThread: Thread is done: Intake ramp 1-1437
2026-10-08 22:38:18,518 INFO o.a.j.t.JMeterThread: Thread is done: Intake ramp 1-1424
2026-10-08 22:38:18,518 WARN o.a.j.t.JMeterThread: Interrupting: Intake ramp 1-1236 sampler: POST /tickets
2026-10-08 22:38:18,518 INFO o.a.j.t.JMeterThread: Thread finished: Intake ramp 1-1424
2026-10-08 22:38:18,518 INFO o.a.j.t.JMeterThread: Thread finished: Intake ramp 1-1437
2026-10-08 22:38:18,518 INFO o.a.j.t.JMeterThread: Thread is done: Intake ramp 1-1203
2026-10-08 22:38:18,518 INFO o.a.j.t.JMeterThread: Thread finished: Intake ramp 1-1203
2026-10-08 22:38:18,518 INFO o.a.j.t.JMeterThread: Thread is done: Intake ramp 1-1539
2026-10-08 22:38:18,518 INFO o.a.j.t.JMeterThread: Thread finished: Intake ramp 1-1539
2026-10-08 22:38:18,518 INFO o.a.j.t.JMeterThread: Thread is done: Intake ramp 1-1509
2026-10-08 22:38:18,518 INFO o.a.j.t.JMeterThread: Thread finished: Intake ramp 1-1509
2026-10-08 22:38:18,518 INFO o.a.j.t.o.OpenModelThreadGroup: Terminating thread org.apache.jmeter.threads.JMeterThread@1430dd0f
2026-10-08 22:38:18,518 INFO o.a.j.t.JMeterThread: Stopping: Intake ramp 1-1604
2026-10-08 22:38:18,518 INFO o.a.j.t.JMeterThread: Thread is done: Intake ramp 1-1440
2026-10-08 22:38:18,518 INFO o.a.j.t.JMeterThread: Thread finished: Intake ramp 1-1440
2026-10-08 22:38:18,518 WARN o.a.j.t.JMeterThread: Interrupting: Intake ramp 1-1604 sampler: POST /tickets
2026-10-08 22:38:18,518 INFO o.a.j.t.JMeterThread: Thread is done: Intake ramp 1-1236
2026-10-08 22:38:18,518 INFO o.a.j.t.JMeterThread: Thread finished: Intake ramp 1-1236
2026-10-08 22:38:18,518 INFO o.a.j.t.o.OpenModelThreadGroup: Terminating thread org.apache.jmeter.threads.JMeterThread@5f0c1a4d
2026-10-08 22:38:18,518 INFO o.a.j.t.JMeterThread: Stopping: Intake ramp 1-1332
2026-10-08 22:38:18,518 WARN o.a.j.t.JMeterThread: Interrupting: Intake ramp 1-1332 sampler: POST /tickets
2026-10-08 22:38:18,518 INFO o.a.j.t.o.OpenModelThreadGroup: Terminating thread org.apache.jmeter.threads.JMeterThread@789491d1
2026-10-08 22:38:18,518 INFO o.a.j.t.JMeterThread: Stopping: Intake ramp 1-1593
2026-10-08 22:38:18,518 WARN o.a.j.t.JMeterThread: Interrupting: Intake ramp 1-1593 sampler: POST /tickets
2026-10-08 22:38:18,518 INFO o.a.j.t.JMeterThread: Thread is done: Intake ramp 1-1604
2026-10-08 22:38:18,518 INFO o.a.j.t.JMeterThread: Thread finished: Intake ramp 1-1604
2026-10-08 22:38:18,518 INFO o.a.j.t.o.OpenModelThreadGroup: Terminating thread org.apache.jmeter.threads.JMeterThread@58878c6
2026-10-08 22:38:18,518 INFO o.a.j.t.JMeterThread: Stopping: Intake ramp 1-1433
2026-10-08 22:38:18,518 WARN o.a.j.t.JMeterThread: Interrupting: Intake ramp 1-1433 sampler: POST /tickets
2026-10-08 22:38:18,518 INFO o.a.j.t.o.OpenModelThreadGroup: Terminating thread org.apache.jmeter.threads.JMeterThread@388d91c3
2026-10-08 22:38:18,518 INFO o.a.j.t.JMeterThread: Stopping: Intake ramp 1-1558
2026-10-08 22:38:18,518 WARN o.a.j.t.JMeterThread: Interrupting: Intake ramp 1-1558 sampler: POST /tickets
2026-10-08 22:38:18,518 INFO o.a.j.t.o.OpenModelThreadGroup: Terminating thread org.apache.jmeter.threads.JMeterThread@4272168
2026-10-08 22:38:18,518 INFO o.a.j.t.JMeterThread: Stopping: Intake ramp 1-1601
2026-10-08 22:38:18,518 WARN o.a.j.t.JMeterThread: Interrupting: Intake ramp 1-1601 sampler: POST /tickets
2026-10-08 22:38:18,518 INFO o.a.j.t.o.OpenModelThreadGroup: Terminating thread org.apache.jmeter.threads.JMeterThread@699194c1
2026-10-08 22:38:18,518 INFO o.a.j.t.JMeterThread: Stopping: Intake ramp 1-1584
2026-10-08 22:38:18,518 WARN o.a.j.t.JMeterThread: Interrupting: Intake ramp 1-1584 sampler: POST /tickets
2026-10-08 22:38:18,518 INFO o.a.j.t.o.OpenModelThreadGroup: Terminating thread org.apache.jmeter.threads.JMeterThread@19cc889d
2026-10-08 22:38:18,518 INFO o.a.j.t.JMeterThread: Stopping: Intake ramp 1-1430
2026-10-08 22:38:18,518 WARN o.a.j.t.JMeterThread: Interrupting: Intake ramp 1-1430 sampler: POST /tickets
2026-10-08 22:38:18,518 INFO o.a.j.t.JMeterThread: Thread is done: Intake ramp 1-1332
2026-10-08 22:38:18,518 INFO o.a.j.t.JMeterThread: Thread finished: Intake ramp 1-1332
2026-10-08 22:38:18,518 INFO o.a.j.t.o.OpenModelThreadGroup: Terminating thread org.apache.jmeter.threads.JMeterThread@7415d144
2026-10-08 22:38:18,518 INFO o.a.j.t.JMeterThread: Stopping: Intake ramp 1-1564
2026-10-08 22:38:18,518 WARN o.a.j.t.JMeterThread: Interrupting: Intake ramp 1-1564 sampler: POST /tickets
2026-10-08 22:38:18,518 INFO o.a.j.t.JMeterThread: Thread is done: Intake ramp 1-1558
2026-10-08 22:38:18,518 INFO o.a.j.t.JMeterThread: Thread is done: Intake ramp 1-1593
2026-10-08 22:38:18,518 INFO o.a.j.t.JMeterThread: Thread finished: Intake ramp 1-1558
2026-10-08 22:38:18,518 INFO o.a.j.t.o.OpenModelThreadGroup: Terminating thread org.apache.jmeter.threads.JMeterThread@7e2e9b7b
2026-10-08 22:38:18,518 INFO o.a.j.t.JMeterThread: Thread finished: Intake ramp 1-1593
2026-10-08 22:38:18,518 INFO o.a.j.t.JMeterThread: Stopping: Intake ramp 1-1152
2026-10-08 22:38:18,518 WARN o.a.j.t.JMeterThread: Interrupting: Intake ramp 1-1152 sampler: POST /tickets
2026-10-08 22:38:18,518 INFO o.a.j.t.o.OpenModelThreadGroup: Terminating thread org.apache.jmeter.threads.JMeterThread@2542e417
2026-10-08 22:38:18,518 INFO o.a.j.t.JMeterThread: Stopping: Intake ramp 1-1376
2026-10-08 22:38:18,518 WARN o.a.j.t.JMeterThread: Interrupting: Intake ramp 1-1376 sampler: POST /tickets
2026-10-08 22:38:18,518 INFO o.a.j.t.o.OpenModelThreadGroup: Terminating thread org.apache.jmeter.threads.JMeterThread@dc44891
2026-10-08 22:38:18,518 INFO o.a.j.t.JMeterThread: Stopping: Intake ramp 1-1487
2026-10-08 22:38:18,518 WARN o.a.j.t.JMeterThread: Interrupting: Intake ramp 1-1487 sampler: POST /tickets
2026-10-08 22:38:18,518 INFO o.a.j.t.o.OpenModelThreadGroup: Terminating thread org.apache.jmeter.threads.JMeterThread@3ced49bb
2026-10-08 22:38:18,518 INFO o.a.j.t.JMeterThread: Thread is done: Intake ramp 1-1433
2026-10-08 22:38:18,518 INFO o.a.j.t.JMeterThread: Stopping: Intake ramp 1-1208
2026-10-08 22:38:18,518 INFO o.a.j.t.JMeterThread: Thread finished: Intake ramp 1-1433
2026-10-08 22:38:18,518 INFO o.a.j.t.JMeterThread: Thread is done: Intake ramp 1-1584
2026-10-08 22:38:18,518 INFO o.a.j.t.JMeterThread: Thread is done: Intake ramp 1-1601
2026-10-08 22:38:18,518 INFO o.a.j.t.JMeterThread: Thread is done: Intake ramp 1-1564
2026-10-08 22:38:18,518 INFO o.a.j.t.JMeterThread: Thread is done: Intake ramp 1-1430
2026-10-08 22:38:18,518 INFO o.a.j.t.JMeterThread: Thread finished: Intake ramp 1-1564
2026-10-08 22:38:18,518 INFO o.a.j.t.JMeterThread: Thread finished: Intake ramp 1-1584
2026-10-08 22:38:18,518 WARN o.a.j.t.JMeterThread: Interrupting: Intake ramp 1-1208 sampler: POST /tickets
2026-10-08 22:38:18,518 INFO o.a.j.t.JMeterThread: Thread finished: Intake ramp 1-1601
2026-10-08 22:38:18,518 INFO o.a.j.t.JMeterThread: Thread is done: Intake ramp 1-1152
2026-10-08 22:38:18,518 INFO o.a.j.t.JMeterThread: Thread finished: Intake ramp 1-1430
2026-10-08 22:38:18,518 INFO o.a.j.t.JMeterThread: Thread is done: Intake ramp 1-1376
2026-10-08 22:38:18,518 INFO o.a.j.t.o.OpenModelThreadGroup: Terminating thread org.apache.jmeter.threads.JMeterThread@108a91dd
2026-10-08 22:38:18,518 INFO o.a.j.t.JMeterThread: Thread finished: Intake ramp 1-1376
2026-10-08 22:38:18,518 INFO o.a.j.t.JMeterThread: Thread finished: Intake ramp 1-1152
2026-10-08 22:38:18,518 INFO o.a.j.t.JMeterThread: Stopping: Intake ramp 1-1452
2026-10-08 22:38:18,518 WARN o.a.j.t.JMeterThread: Interrupting: Intake ramp 1-1452 sampler: POST /tickets
2026-10-08 22:38:18,518 INFO o.a.j.t.JMeterThread: Thread is done: Intake ramp 1-1487
2026-10-08 22:38:18,518 INFO o.a.j.t.JMeterThread: Thread finished: Intake ramp 1-1487
2026-10-08 22:38:18,518 INFO o.a.j.t.o.OpenModelThreadGroup: Terminating thread org.apache.jmeter.threads.JMeterThread@6754d20c
2026-10-08 22:38:18,518 INFO o.a.j.t.JMeterThread: Stopping: Intake ramp 1-1471
2026-10-08 22:38:18,518 INFO o.a.j.t.JMeterThread: Thread is done: Intake ramp 1-1208
2026-10-08 22:38:18,518 INFO o.a.j.t.JMeterThread: Thread finished: Intake ramp 1-1208
2026-10-08 22:38:18,518 WARN o.a.j.t.JMeterThread: Interrupting: Intake ramp 1-1471 sampler: POST /tickets
2026-10-08 22:38:18,518 INFO o.a.j.t.o.OpenModelThreadGroup: Terminating thread org.apache.jmeter.threads.JMeterThread@2de5384
2026-10-08 22:38:18,518 INFO o.a.j.t.JMeterThread: Stopping: Intake ramp 1-1209
2026-10-08 22:38:18,518 WARN o.a.j.t.JMeterThread: Interrupting: Intake ramp 1-1209 sampler: POST /tickets
2026-10-08 22:38:18,518 INFO o.a.j.t.o.OpenModelThreadGroup: Terminating thread org.apache.jmeter.threads.JMeterThread@115fec05
2026-10-08 22:38:18,518 INFO o.a.j.t.JMeterThread: Stopping: Intake ramp 1-1364
2026-10-08 22:38:18,519 WARN o.a.j.t.JMeterThread: Interrupting: Intake ramp 1-1364 sampler: POST /tickets
2026-10-08 22:38:18,519 INFO o.a.j.t.o.OpenModelThreadGroup: Terminating thread org.apache.jmeter.threads.JMeterThread@196e3035
2026-10-08 22:38:18,519 INFO o.a.j.t.JMeterThread: Stopping: Intake ramp 1-1225
2026-10-08 22:38:18,519 WARN o.a.j.t.JMeterThread: Interrupting: Intake ramp 1-1225 sampler: POST /tickets
2026-10-08 22:38:18,519 INFO o.a.j.t.JMeterThread: Thread is done: Intake ramp 1-1452
2026-10-08 22:38:18,519 INFO o.a.j.t.JMeterThread: Thread finished: Intake ramp 1-1452
2026-10-08 22:38:18,519 INFO o.a.j.t.o.OpenModelThreadGroup: Terminating thread org.apache.jmeter.threads.JMeterThread@64ab2df6
2026-10-08 22:38:18,519 INFO o.a.j.t.JMeterThread: Stopping: Intake ramp 1-1238
2026-10-08 22:38:18,519 WARN o.a.j.t.JMeterThread: Interrupting: Intake ramp 1-1238 sampler: POST /tickets
2026-10-08 22:38:18,519 INFO o.a.j.t.o.OpenModelThreadGroup: Terminating thread org.apache.jmeter.threads.JMeterThread@7e78f325
2026-10-08 22:38:18,519 INFO o.a.j.t.JMeterThread: Stopping: Intake ramp 1-1617
2026-10-08 22:38:18,519 WARN o.a.j.t.JMeterThread: Interrupting: Intake ramp 1-1617 sampler: POST /tickets
2026-10-08 22:38:18,519 INFO o.a.j.t.o.OpenModelThreadGroup: Terminating thread org.apache.jmeter.threads.JMeterThread@3ec0c79e
2026-10-08 22:38:18,519 INFO o.a.j.t.JMeterThread: Stopping: Intake ramp 1-1228
2026-10-08 22:38:18,519 WARN o.a.j.t.JMeterThread: Interrupting: Intake ramp 1-1228 sampler: POST /tickets
2026-10-08 22:38:18,519 INFO o.a.j.t.JMeterThread: Thread is done: Intake ramp 1-1471
2026-10-08 22:38:18,519 INFO o.a.j.t.JMeterThread: Thread is done: Intake ramp 1-1364
2026-10-08 22:38:18,519 INFO o.a.j.t.o.OpenModelThreadGroup: Terminating thread org.apache.jmeter.threads.JMeterThread@b3c4e62
2026-10-08 22:38:18,519 INFO o.a.j.t.JMeterThread: Thread is done: Intake ramp 1-1209
2026-10-08 22:38:18,519 INFO o.a.j.t.JMeterThread: Thread finished: Intake ramp 1-1364
2026-10-08 22:38:18,519 INFO o.a.j.t.JMeterThread: Thread finished: Intake ramp 1-1209
2026-10-08 22:38:18,519 INFO o.a.j.t.JMeterThread: Stopping: Intake ramp 1-1344
2026-10-08 22:38:18,519 INFO o.a.j.t.JMeterThread: Thread is done: Intake ramp 1-1225
2026-10-08 22:38:18,519 INFO o.a.j.t.JMeterThread: Thread finished: Intake ramp 1-1225
2026-10-08 22:38:18,519 INFO o.a.j.t.JMeterThread: Thread finished: Intake ramp 1-1471
2026-10-08 22:38:18,519 INFO o.a.j.t.JMeterThread: Thread is done: Intake ramp 1-1617
2026-10-08 22:38:18,519 INFO o.a.j.t.JMeterThread: Thread finished: Intake ramp 1-1617
2026-10-08 22:38:18,519 WARN o.a.j.t.JMeterThread: Interrupting: Intake ramp 1-1344 sampler: POST /tickets
2026-10-08 22:38:18,519 INFO o.a.j.t.JMeterThread: Thread is done: Intake ramp 1-1238
2026-10-08 22:38:18,519 INFO o.a.j.t.JMeterThread: Thread finished: Intake ramp 1-1238
2026-10-08 22:38:18,519 INFO o.a.j.t.JMeterThread: Thread is done: Intake ramp 1-1228
2026-10-08 22:38:18,519 INFO o.a.j.t.JMeterThread: Thread finished: Intake ramp 1-1228
2026-10-08 22:38:18,519 INFO o.a.j.t.o.OpenModelThreadGroup: Terminating thread org.apache.jmeter.threads.JMeterThread@2189c0d7
2026-10-08 22:38:18,519 INFO o.a.j.t.JMeterThread: Stopping: Intake ramp 1-1445
2026-10-08 22:38:18,519 WARN o.a.j.t.JMeterThread: Interrupting: Intake ramp 1-1445 sampler: POST /tickets
2026-10-08 22:38:18,519 INFO o.a.j.t.JMeterThread: Thread is done: Intake ramp 1-1344
2026-10-08 22:38:18,519 INFO o.a.j.t.o.OpenModelThreadGroup: Terminating thread org.apache.jmeter.threads.JMeterThread@68ecbec
2026-10-08 22:38:18,519 INFO o.a.j.t.JMeterThread: Thread finished: Intake ramp 1-1344
2026-10-08 22:38:18,519 INFO o.a.j.t.JMeterThread: Stopping: Intake ramp 1-1538
2026-10-08 22:38:18,519 WARN o.a.j.t.JMeterThread: Interrupting: Intake ramp 1-1538 sampler: POST /tickets
2026-10-08 22:38:18,519 INFO o.a.j.t.o.OpenModelThreadGroup: Terminating thread org.apache.jmeter.threads.JMeterThread@5545c421
2026-10-08 22:38:18,519 INFO o.a.j.t.JMeterThread: Stopping: Intake ramp 1-1324
2026-10-08 22:38:18,519 WARN o.a.j.t.JMeterThread: Interrupting: Intake ramp 1-1324 sampler: POST /tickets
2026-10-08 22:38:18,519 INFO o.a.j.t.JMeterThread: Thread is done: Intake ramp 1-1445
2026-10-08 22:38:18,519 INFO o.a.j.t.JMeterThread: Thread finished: Intake ramp 1-1445
2026-10-08 22:38:18,519 INFO o.a.j.t.o.OpenModelThreadGroup: Terminating thread org.apache.jmeter.threads.JMeterThread@322da46
2026-10-08 22:38:18,519 INFO o.a.j.t.JMeterThread: Stopping: Intake ramp 1-1370
2026-10-08 22:38:18,520 WARN o.a.j.t.JMeterThread: Interrupting: Intake ramp 1-1370 sampler: POST /tickets
2026-10-08 22:38:18,520 INFO o.a.j.t.JMeterThread: Thread is done: Intake ramp 1-1538
2026-10-08 22:38:18,520 INFO o.a.j.t.JMeterThread: Thread finished: Intake ramp 1-1538
2026-10-08 22:38:18,520 INFO o.a.j.t.o.OpenModelThreadGroup: Terminating thread org.apache.jmeter.threads.JMeterThread@682aed41
2026-10-08 22:38:18,520 INFO o.a.j.t.JMeterThread: Stopping: Intake ramp 1-1237
2026-10-08 22:38:18,520 WARN o.a.j.t.JMeterThread: Interrupting: Intake ramp 1-1237 sampler: POST /tickets
2026-10-08 22:38:18,520 INFO o.a.j.t.JMeterThread: Thread is done: Intake ramp 1-1324
2026-10-08 22:38:18,520 INFO o.a.j.t.JMeterThread: Thread finished: Intake ramp 1-1324
2026-10-08 22:38:18,520 INFO o.a.j.t.o.OpenModelThreadGroup: Terminating thread org.apache.jmeter.threads.JMeterThread@60c9f9a2
2026-10-08 22:38:18,520 INFO o.a.j.t.JMeterThread: Stopping: Intake ramp 1-1212
2026-10-08 22:38:18,520 WARN o.a.j.t.JMeterThread: Interrupting: Intake ramp 1-1212 sampler: POST /tickets
2026-10-08 22:38:18,520 INFO o.a.j.t.JMeterThread: Thread is done: Intake ramp 1-1370
2026-10-08 22:38:18,520 INFO o.a.j.t.o.OpenModelThreadGroup: Terminating thread org.apache.jmeter.threads.JMeterThread@1372161f
2026-10-08 22:38:18,520 INFO o.a.j.t.JMeterThread: Thread finished: Intake ramp 1-1370
2026-10-08 22:38:18,520 INFO o.a.j.t.JMeterThread: Stopping: Intake ramp 1-1291
2026-10-08 22:38:18,520 INFO o.a.j.t.JMeterThread: Thread is done: Intake ramp 1-1237
2026-10-08 22:38:18,520 WARN o.a.j.t.JMeterThread: Interrupting: Intake ramp 1-1291 sampler: POST /tickets
2026-10-08 22:38:18,520 INFO o.a.j.t.JMeterThread: Thread finished: Intake ramp 1-1237
2026-10-08 22:38:18,520 INFO o.a.j.t.o.OpenModelThreadGroup: Terminating thread org.apache.jmeter.threads.JMeterThread@6e344359
2026-10-08 22:38:18,520 INFO o.a.j.t.JMeterThread: Stopping: Intake ramp 1-1527
2026-10-08 22:38:18,520 INFO o.a.j.t.JMeterThread: Thread is done: Intake ramp 1-1212
2026-10-08 22:38:18,520 INFO o.a.j.t.JMeterThread: Thread finished: Intake ramp 1-1212
2026-10-08 22:38:18,520 WARN o.a.j.t.JMeterThread: Interrupting: Intake ramp 1-1527 sampler: POST /tickets
2026-10-08 22:38:18,520 INFO o.a.j.t.o.OpenModelThreadGroup: Terminating thread org.apache.jmeter.threads.JMeterThread@36fe238e
2026-10-08 22:38:18,520 INFO o.a.j.t.JMeterThread: Stopping: Intake ramp 1-1532
2026-10-08 22:38:18,520 WARN o.a.j.t.JMeterThread: Interrupting: Intake ramp 1-1532 sampler: POST /tickets
2026-10-08 22:38:18,520 INFO o.a.j.t.JMeterThread: Thread is done: Intake ramp 1-1291
2026-10-08 22:38:18,520 INFO o.a.j.t.JMeterThread: Thread finished: Intake ramp 1-1291
2026-10-08 22:38:18,520 INFO o.a.j.t.o.OpenModelThreadGroup: Terminating thread org.apache.jmeter.threads.JMeterThread@1c70a904
2026-10-08 22:38:18,520 INFO o.a.j.t.JMeterThread: Stopping: Intake ramp 1-1310
2026-10-08 22:38:18,520 WARN o.a.j.t.JMeterThread: Interrupting: Intake ramp 1-1310 sampler: POST /tickets
2026-10-08 22:38:18,520 INFO o.a.j.t.o.OpenModelThreadGroup: Terminating thread org.apache.jmeter.threads.JMeterThread@350f625
2026-10-08 22:38:18,520 INFO o.a.j.t.JMeterThread: Stopping: Intake ramp 1-1489
2026-10-08 22:38:18,520 WARN o.a.j.t.JMeterThread: Interrupting: Intake ramp 1-1489 sampler: POST /tickets
2026-10-08 22:38:18,520 INFO o.a.j.t.o.OpenModelThreadGroup: Terminating thread org.apache.jmeter.threads.JMeterThread@72710a
2026-10-08 22:38:18,520 INFO o.a.j.t.JMeterThread: Stopping: Intake ramp 1-1283
2026-10-08 22:38:18,520 WARN o.a.j.t.JMeterThread: Interrupting: Intake ramp 1-1283 sampler: POST /tickets
2026-10-08 22:38:18,520 INFO o.a.j.t.o.OpenModelThreadGroup: Terminating thread org.apache.jmeter.threads.JMeterThread@1db79ccf
2026-10-08 22:38:18,520 INFO o.a.j.t.JMeterThread: Stopping: Intake ramp 1-1616
2026-10-08 22:38:18,520 WARN o.a.j.t.JMeterThread: Interrupting: Intake ramp 1-1616 sampler: POST /tickets
2026-10-08 22:38:18,520 INFO o.a.j.t.o.OpenModelThreadGroup: Terminating thread org.apache.jmeter.threads.JMeterThread@1479e902
2026-10-08 22:38:18,520 INFO o.a.j.t.JMeterThread: Stopping: Intake ramp 1-1239
2026-10-08 22:38:18,520 WARN o.a.j.t.JMeterThread: Interrupting: Intake ramp 1-1239 sampler: POST /tickets
2026-10-08 22:38:18,520 INFO o.a.j.t.o.OpenModelThreadGroup: Terminating thread org.apache.jmeter.threads.JMeterThread@75ad34d1
2026-10-08 22:38:18,520 INFO o.a.j.t.JMeterThread: Stopping: Intake ramp 1-1295
2026-10-08 22:38:18,520 WARN o.a.j.t.JMeterThread: Interrupting: Intake ramp 1-1295 sampler: POST /tickets
2026-10-08 22:38:18,520 INFO o.a.j.t.o.OpenModelThreadGroup: Terminating thread org.apache.jmeter.threads.JMeterThread@59b638cb
2026-10-08 22:38:18,520 INFO o.a.j.t.JMeterThread: Stopping: Intake ramp 1-1320
2026-10-08 22:38:18,520 INFO o.a.j.t.JMeterThread: Thread is done: Intake ramp 1-1527
2026-10-08 22:38:18,520 WARN o.a.j.t.JMeterThread: Interrupting: Intake ramp 1-1320 sampler: POST /tickets
2026-10-08 22:38:18,520 INFO o.a.j.t.JMeterThread: Thread finished: Intake ramp 1-1527
2026-10-08 22:38:18,520 INFO o.a.j.t.JMeterThread: Thread is done: Intake ramp 1-1532
2026-10-08 22:38:18,520 INFO o.a.j.t.JMeterThread: Thread is done: Intake ramp 1-1616
2026-10-08 22:38:18,520 INFO o.a.j.t.JMeterThread: Thread is done: Intake ramp 1-1310
2026-10-08 22:38:18,520 INFO o.a.j.t.JMeterThread: Thread finished: Intake ramp 1-1616
2026-10-08 22:38:18,520 INFO o.a.j.t.JMeterThread: Thread finished: Intake ramp 1-1310
2026-10-08 22:38:18,520 INFO o.a.j.t.JMeterThread: Thread finished: Intake ramp 1-1532
2026-10-08 22:38:18,520 INFO o.a.j.t.o.OpenModelThreadGroup: Terminating thread org.apache.jmeter.threads.JMeterThread@7e0be38a
2026-10-08 22:38:18,520 INFO o.a.j.t.JMeterThread: Stopping: Intake ramp 1-1504
2026-10-08 22:38:18,520 WARN o.a.j.t.JMeterThread: Interrupting: Intake ramp 1-1504 sampler: POST /tickets
2026-10-08 22:38:18,520 INFO o.a.j.t.JMeterThread: Thread is done: Intake ramp 1-1283
2026-10-08 22:38:18,520 INFO o.a.j.t.JMeterThread: Thread finished: Intake ramp 1-1283
2026-10-08 22:38:18,520 INFO o.a.j.t.JMeterThread: Thread is done: Intake ramp 1-1295
2026-10-08 22:38:18,520 INFO o.a.j.t.JMeterThread: Thread is done: Intake ramp 1-1489
2026-10-08 22:38:18,522 INFO o.a.j.t.o.OpenModelThreadGroup: Terminating thread org.apache.jmeter.threads.JMeterThread@5c18d599
2026-10-08 22:38:18,520 INFO o.a.j.t.JMeterThread: Thread is done: Intake ramp 1-1239
2026-10-08 22:38:18,522 INFO o.a.j.t.JMeterThread: Stopping: Intake ramp 1-1547
2026-10-08 22:38:18,522 INFO o.a.j.t.JMeterThread: Thread finished: Intake ramp 1-1489
2026-10-08 22:38:18,522 INFO o.a.j.t.JMeterThread: Thread finished: Intake ramp 1-1295
2026-10-08 22:38:18,522 INFO o.a.j.t.JMeterThread: Thread is done: Intake ramp 1-1320
2026-10-08 22:38:18,522 INFO o.a.j.t.JMeterThread: Thread finished: Intake ramp 1-1239
2026-10-08 22:38:18,522 INFO o.a.j.t.JMeterThread: Thread finished: Intake ramp 1-1320
2026-10-08 22:38:18,522 WARN o.a.j.t.JMeterThread: Interrupting: Intake ramp 1-1547 sampler: POST /tickets
2026-10-08 22:38:18,522 INFO o.a.j.t.o.OpenModelThreadGroup: Terminating thread org.apache.jmeter.threads.JMeterThread@3c3395b1
2026-10-08 22:38:18,522 INFO o.a.j.t.JMeterThread: Stopping: Intake ramp 1-1438
2026-10-08 22:38:18,522 INFO o.a.j.t.JMeterThread: Thread is done: Intake ramp 1-1504
2026-10-08 22:38:18,522 INFO o.a.j.t.JMeterThread: Thread finished: Intake ramp 1-1504
2026-10-08 22:38:18,522 WARN o.a.j.t.JMeterThread: Interrupting: Intake ramp 1-1438 sampler: POST /tickets
2026-10-08 22:38:18,522 INFO o.a.j.t.o.OpenModelThreadGroup: Terminating thread org.apache.jmeter.threads.JMeterThread@7537ed4
2026-10-08 22:38:18,522 INFO o.a.j.t.JMeterThread: Stopping: Intake ramp 1-1334
2026-10-08 22:38:18,522 WARN o.a.j.t.JMeterThread: Interrupting: Intake ramp 1-1334 sampler: POST /tickets
2026-10-08 22:38:18,522 INFO o.a.j.t.JMeterThread: Thread is done: Intake ramp 1-1547
2026-10-08 22:38:18,522 INFO o.a.j.t.o.OpenModelThreadGroup: Terminating thread org.apache.jmeter.threads.JMeterThread@3400a188
2026-10-08 22:38:18,522 INFO o.a.j.t.JMeterThread: Thread finished: Intake ramp 1-1547
2026-10-08 22:38:18,522 INFO o.a.j.t.JMeterThread: Stopping: Intake ramp 1-1557
2026-10-08 22:38:18,522 WARN o.a.j.t.JMeterThread: Interrupting: Intake ramp 1-1557 sampler: POST /tickets
2026-10-08 22:38:18,522 INFO o.a.j.t.o.OpenModelThreadGroup: Terminating thread org.apache.jmeter.threads.JMeterThread@47b59e3c
2026-10-08 22:38:18,522 INFO o.a.j.t.JMeterThread: Thread is done: Intake ramp 1-1438
2026-10-08 22:38:18,522 INFO o.a.j.t.JMeterThread: Stopping: Intake ramp 1-1492
2026-10-08 22:38:18,522 WARN o.a.j.t.JMeterThread: Interrupting: Intake ramp 1-1492 sampler: POST /tickets
2026-10-08 22:38:18,522 INFO o.a.j.t.JMeterThread: Thread finished: Intake ramp 1-1438
2026-10-08 22:38:18,522 INFO o.a.j.t.o.OpenModelThreadGroup: Terminating thread org.apache.jmeter.threads.JMeterThread@1d50d4d9
2026-10-08 22:38:18,522 INFO o.a.j.t.JMeterThread: Stopping: Intake ramp 1-1551
2026-10-08 22:38:18,522 WARN o.a.j.t.JMeterThread: Interrupting: Intake ramp 1-1551 sampler: POST /tickets
2026-10-08 22:38:18,522 INFO o.a.j.t.JMeterThread: Thread is done: Intake ramp 1-1334
2026-10-08 22:38:18,522 INFO o.a.j.t.JMeterThread: Thread finished: Intake ramp 1-1334
2026-10-08 22:38:18,522 INFO o.a.j.t.o.OpenModelThreadGroup: Terminating thread org.apache.jmeter.threads.JMeterThread@3363deef
2026-10-08 22:38:18,522 INFO o.a.j.t.JMeterThread: Stopping: Intake ramp 1-1160
2026-10-08 22:38:18,522 WARN o.a.j.t.JMeterThread: Interrupting: Intake ramp 1-1160 sampler: POST /tickets
2026-10-08 22:38:18,522 INFO o.a.j.t.o.OpenModelThreadGroup: Terminating thread org.apache.jmeter.threads.JMeterThread@7b875611
2026-10-08 22:38:18,522 INFO o.a.j.t.JMeterThread: Stopping: Intake ramp 1-1315
2026-10-08 22:38:18,522 INFO o.a.j.t.JMeterThread: Thread is done: Intake ramp 1-1557
2026-10-08 22:38:18,522 WARN o.a.j.t.JMeterThread: Interrupting: Intake ramp 1-1315 sampler: POST /tickets
2026-10-08 22:38:18,522 INFO o.a.j.t.JMeterThread: Thread finished: Intake ramp 1-1557
2026-10-08 22:38:18,523 INFO o.a.j.t.o.OpenModelThreadGroup: Terminating thread org.apache.jmeter.threads.JMeterThread@2328a2b0
2026-10-08 22:38:18,523 INFO o.a.j.t.JMeterThread: Stopping: Intake ramp 1-1272
2026-10-08 22:38:18,523 WARN o.a.j.t.JMeterThread: Interrupting: Intake ramp 1-1272 sampler: POST /tickets
2026-10-08 22:38:18,523 INFO o.a.j.t.JMeterThread: Thread is done: Intake ramp 1-1492
2026-10-08 22:38:18,523 INFO o.a.j.t.JMeterThread: Thread finished: Intake ramp 1-1492
2026-10-08 22:38:18,523 INFO o.a.j.t.o.OpenModelThreadGroup: Terminating thread org.apache.jmeter.threads.JMeterThread@1ba6b63c
2026-10-08 22:38:18,523 INFO o.a.j.t.JMeterThread: Stopping: Intake ramp 1-1179
2026-10-08 22:38:18,523 WARN o.a.j.t.JMeterThread: Interrupting: Intake ramp 1-1179 sampler: POST /tickets
2026-10-08 22:38:18,523 INFO o.a.j.t.o.OpenModelThreadGroup: Terminating thread org.apache.jmeter.threads.JMeterThread@1118e882
2026-10-08 22:38:18,523 INFO o.a.j.t.JMeterThread: Stopping: Intake ramp 1-1522
2026-10-08 22:38:18,523 INFO o.a.j.t.JMeterThread: Thread is done: Intake ramp 1-1551
2026-10-08 22:38:18,523 WARN o.a.j.t.JMeterThread: Interrupting: Intake ramp 1-1522 sampler: POST /tickets
2026-10-08 22:38:18,523 INFO o.a.j.t.JMeterThread: Thread finished: Intake ramp 1-1551
2026-10-08 22:38:18,523 INFO o.a.j.t.JMeterThread: Thread is done: Intake ramp 1-1160
2026-10-08 22:38:18,523 INFO o.a.j.t.JMeterThread: Thread finished: Intake ramp 1-1160
2026-10-08 22:38:18,523 INFO o.a.j.t.o.OpenModelThreadGroup: Terminating thread org.apache.jmeter.threads.JMeterThread@1ff2ea6e
2026-10-08 22:38:18,523 INFO o.a.j.t.JMeterThread: Stopping: Intake ramp 1-1369
2026-10-08 22:38:18,523 WARN o.a.j.t.JMeterThread: Interrupting: Intake ramp 1-1369 sampler: POST /tickets
2026-10-08 22:38:18,523 INFO o.a.j.t.JMeterThread: Thread is done: Intake ramp 1-1315
2026-10-08 22:38:18,523 INFO o.a.j.t.JMeterThread: Thread finished: Intake ramp 1-1315
2026-10-08 22:38:18,523 INFO o.a.j.t.o.OpenModelThreadGroup: Terminating thread org.apache.jmeter.threads.JMeterThread@1659cc6
2026-10-08 22:38:18,523 INFO o.a.j.t.JMeterThread: Stopping: Intake ramp 1-1517
2026-10-08 22:38:18,523 WARN o.a.j.t.JMeterThread: Interrupting: Intake ramp 1-1517 sampler: POST /tickets
2026-10-08 22:38:18,523 INFO o.a.j.t.o.OpenModelThreadGroup: Terminating thread org.apache.jmeter.threads.JMeterThread@7db7bc14
2026-10-08 22:38:18,523 INFO o.a.j.t.JMeterThread: Stopping: Intake ramp 1-1550
2026-10-08 22:38:18,523 WARN o.a.j.t.JMeterThread: Interrupting: Intake ramp 1-1550 sampler: POST /tickets
2026-10-08 22:38:18,523 INFO o.a.j.t.o.OpenModelThreadGroup: Terminating thread org.apache.jmeter.threads.JMeterThread@6de9384c
2026-10-08 22:38:18,523 INFO o.a.j.t.JMeterThread: Stopping: Intake ramp 1-1145
2026-10-08 22:38:18,523 WARN o.a.j.t.JMeterThread: Interrupting: Intake ramp 1-1145 sampler: POST /tickets
2026-10-08 22:38:18,523 INFO o.a.j.t.o.OpenModelThreadGroup: Terminating thread org.apache.jmeter.threads.JMeterThread@40dd5d7a
2026-10-08 22:38:18,523 INFO o.a.j.t.JMeterThread: Stopping: Intake ramp 1-1553
2026-10-08 22:38:18,523 INFO o.a.j.t.JMeterThread: Thread is done: Intake ramp 1-1179
2026-10-08 22:38:18,523 WARN o.a.j.t.JMeterThread: Interrupting: Intake ramp 1-1553 sampler: POST /tickets
2026-10-08 22:38:18,523 INFO o.a.j.t.JMeterThread: Thread finished: Intake ramp 1-1179
2026-10-08 22:38:18,523 INFO o.a.j.t.o.OpenModelThreadGroup: Terminating thread org.apache.jmeter.threads.JMeterThread@6086b12d
2026-10-08 22:38:18,523 INFO o.a.j.t.JMeterThread: Stopping: Intake ramp 1-1263
2026-10-08 22:38:18,523 WARN o.a.j.t.JMeterThread: Interrupting: Intake ramp 1-1263 sampler: POST /tickets
2026-10-08 22:38:18,523 INFO o.a.j.t.JMeterThread: Thread is done: Intake ramp 1-1272
2026-10-08 22:38:18,523 INFO o.a.j.t.JMeterThread: Thread finished: Intake ramp 1-1272
2026-10-08 22:38:18,523 INFO o.a.j.t.o.OpenModelThreadGroup: Terminating thread org.apache.jmeter.threads.JMeterThread@2a3a8794
2026-10-08 22:38:18,523 INFO o.a.j.t.JMeterThread: Stopping: Intake ramp 1-1287
2026-10-08 22:38:18,523 WARN o.a.j.t.JMeterThread: Interrupting: Intake ramp 1-1287 sampler: POST /tickets
2026-10-08 22:38:18,523 INFO o.a.j.t.JMeterThread: Thread is done: Intake ramp 1-1522
2026-10-08 22:38:18,523 INFO o.a.j.t.JMeterThread: Thread is done: Intake ramp 1-1369
2026-10-08 22:38:18,523 INFO o.a.j.t.JMeterThread: Thread finished: Intake ramp 1-1522
2026-10-08 22:38:18,523 INFO o.a.j.t.JMeterThread: Thread finished: Intake ramp 1-1369
2026-10-08 22:38:18,523 INFO o.a.j.t.o.OpenModelThreadGroup: Terminating thread org.apache.jmeter.threads.JMeterThread@6f21228f
2026-10-08 22:38:18,523 INFO o.a.j.t.JMeterThread: Stopping: Intake ramp 1-1498
2026-10-08 22:38:18,523 INFO o.a.j.t.JMeterThread: Thread is done: Intake ramp 1-1550
2026-10-08 22:38:18,523 INFO o.a.j.t.JMeterThread: Thread finished: Intake ramp 1-1550
2026-10-08 22:38:18,523 WARN o.a.j.t.JMeterThread: Interrupting: Intake ramp 1-1498 sampler: POST /tickets
2026-10-08 22:38:18,523 INFO o.a.j.t.o.OpenModelThreadGroup: Terminating thread org.apache.jmeter.threads.JMeterThread@28924123
2026-10-08 22:38:18,523 INFO o.a.j.t.JMeterThread: Stopping: Intake ramp 1-1530
2026-10-08 22:38:18,523 WARN o.a.j.t.JMeterThread: Interrupting: Intake ramp 1-1530 sampler: POST /tickets
2026-10-08 22:38:18,523 INFO o.a.j.t.JMeterThread: Thread is done: Intake ramp 1-1145
2026-10-08 22:38:18,523 INFO o.a.j.t.JMeterThread: Thread finished: Intake ramp 1-1145
2026-10-08 22:38:18,523 INFO o.a.j.t.o.OpenModelThreadGroup: Terminating thread org.apache.jmeter.threads.JMeterThread@2a00a7b3
2026-10-08 22:38:18,523 INFO o.a.j.t.JMeterThread: Stopping: Intake ramp 1-1597
2026-10-08 22:38:18,523 WARN o.a.j.t.JMeterThread: Interrupting: Intake ramp 1-1597 sampler: POST /tickets
2026-10-08 22:38:18,523 INFO o.a.j.t.o.OpenModelThreadGroup: Terminating thread org.apache.jmeter.threads.JMeterThread@25941022
2026-10-08 22:38:18,523 INFO o.a.j.t.JMeterThread: Stopping: Intake ramp 1-1412
2026-10-08 22:38:18,523 WARN o.a.j.t.JMeterThread: Interrupting: Intake ramp 1-1412 sampler: POST /tickets
2026-10-08 22:38:18,523 INFO o.a.j.t.JMeterThread: Thread is done: Intake ramp 1-1517
2026-10-08 22:38:18,524 INFO o.a.j.t.JMeterThread: Thread finished: Intake ramp 1-1517
2026-10-08 22:38:18,524 INFO o.a.j.t.o.OpenModelThreadGroup: Terminating thread org.apache.jmeter.threads.JMeterThread@386e09d6
2026-10-08 22:38:18,524 INFO o.a.j.t.JMeterThread: Stopping: Intake ramp 1-1258
2026-10-08 22:38:18,524 WARN o.a.j.t.JMeterThread: Interrupting: Intake ramp 1-1258 sampler: POST /tickets
2026-10-08 22:38:18,524 INFO o.a.j.t.JMeterThread: Thread is done: Intake ramp 1-1553
2026-10-08 22:38:18,524 INFO o.a.j.t.o.OpenModelThreadGroup: Terminating thread org.apache.jmeter.threads.JMeterThread@4d40f4f9
2026-10-08 22:38:18,524 INFO o.a.j.t.JMeterThread: Thread finished: Intake ramp 1-1553
2026-10-08 22:38:18,524 INFO o.a.j.t.JMeterThread: Thread is done: Intake ramp 1-1263
2026-10-08 22:38:18,524 INFO o.a.j.t.JMeterThread: Stopping: Intake ramp 1-1314
2026-10-08 22:38:18,524 INFO o.a.j.t.JMeterThread: Thread finished: Intake ramp 1-1263
2026-10-08 22:38:18,524 WARN o.a.j.t.JMeterThread: Interrupting: Intake ramp 1-1314 sampler: POST /tickets
2026-10-08 22:38:18,524 INFO o.a.j.t.JMeterThread: Thread is done: Intake ramp 1-1287
2026-10-08 22:38:18,524 INFO o.a.j.t.JMeterThread: Thread finished: Intake ramp 1-1287
2026-10-08 22:38:18,524 INFO o.a.j.t.JMeterThread: Thread is done: Intake ramp 1-1498
2026-10-08 22:38:18,524 INFO o.a.j.t.o.OpenModelThreadGroup: Terminating thread org.apache.jmeter.threads.JMeterThread@65017eb
2026-10-08 22:38:18,524 INFO o.a.j.t.JMeterThread: Thread finished: Intake ramp 1-1498
2026-10-08 22:38:18,524 INFO o.a.j.t.JMeterThread: Thread is done: Intake ramp 1-1530
2026-10-08 22:38:18,524 INFO o.a.j.t.JMeterThread: Stopping: Intake ramp 1-1575
2026-10-08 22:38:18,524 INFO o.a.j.t.JMeterThread: Thread finished: Intake ramp 1-1530
2026-10-08 22:38:18,524 WARN o.a.j.t.JMeterThread: Interrupting: Intake ramp 1-1575 sampler: POST /tickets
2026-10-08 22:38:18,524 INFO o.a.j.t.JMeterThread: Thread is done: Intake ramp 1-1597
2026-10-08 22:38:18,524 INFO o.a.j.t.JMeterThread: Thread finished: Intake ramp 1-1597
2026-10-08 22:38:18,524 INFO o.a.j.t.o.OpenModelThreadGroup: Terminating thread org.apache.jmeter.threads.JMeterThread@26071fba
2026-10-08 22:38:18,524 INFO o.a.j.t.JMeterThread: Thread is done: Intake ramp 1-1412
2026-10-08 22:38:18,524 INFO o.a.j.t.JMeterThread: Thread is done: Intake ramp 1-1258
2026-10-08 22:38:18,524 INFO o.a.j.t.JMeterThread: Stopping: Intake ramp 1-1280
2026-10-08 22:38:18,524 INFO o.a.j.t.JMeterThread: Thread finished: Intake ramp 1-1412
2026-10-08 22:38:18,524 INFO o.a.j.t.JMeterThread: Thread finished: Intake ramp 1-1258
2026-10-08 22:38:18,524 WARN o.a.j.t.JMeterThread: Interrupting: Intake ramp 1-1280 sampler: POST /tickets
2026-10-08 22:38:18,524 INFO o.a.j.t.o.OpenModelThreadGroup: Terminating thread org.apache.jmeter.threads.JMeterThread@5e55a7eb
2026-10-08 22:38:18,524 INFO o.a.j.t.JMeterThread: Stopping: Intake ramp 1-1147
2026-10-08 22:38:18,524 WARN o.a.j.t.JMeterThread: Interrupting: Intake ramp 1-1147 sampler: POST /tickets
2026-10-08 22:38:18,524 INFO o.a.j.t.JMeterThread: Thread is done: Intake ramp 1-1314
2026-10-08 22:38:18,524 INFO o.a.j.t.JMeterThread: Thread finished: Intake ramp 1-1314
2026-10-08 22:38:18,524 INFO o.a.j.t.o.OpenModelThreadGroup: Terminating thread org.apache.jmeter.threads.JMeterThread@65053cc1
2026-10-08 22:38:18,524 INFO o.a.j.t.JMeterThread: Stopping: Intake ramp 1-1525
2026-10-08 22:38:18,524 WARN o.a.j.t.JMeterThread: Interrupting: Intake ramp 1-1525 sampler: POST /tickets
2026-10-08 22:38:18,524 INFO o.a.j.t.JMeterThread: Thread is done: Intake ramp 1-1575
2026-10-08 22:38:18,524 INFO o.a.j.t.JMeterThread: Thread finished: Intake ramp 1-1575
2026-10-08 22:38:18,524 INFO o.a.j.t.o.OpenModelThreadGroup: Terminating thread org.apache.jmeter.threads.JMeterThread@3a0233c4
2026-10-08 22:38:18,524 INFO o.a.j.t.JMeterThread: Stopping: Intake ramp 1-1503
2026-10-08 22:38:18,524 WARN o.a.j.t.JMeterThread: Interrupting: Intake ramp 1-1503 sampler: POST /tickets
2026-10-08 22:38:18,524 INFO o.a.j.t.JMeterThread: Thread is done: Intake ramp 1-1280
2026-10-08 22:38:18,524 INFO o.a.j.t.JMeterThread: Thread finished: Intake ramp 1-1280
2026-10-08 22:38:18,524 INFO o.a.j.t.o.OpenModelThreadGroup: Terminating thread org.apache.jmeter.threads.JMeterThread@160ce3c4
2026-10-08 22:38:18,524 INFO o.a.j.t.JMeterThread: Stopping: Intake ramp 1-1394
2026-10-08 22:38:18,524 WARN o.a.j.t.JMeterThread: Interrupting: Intake ramp 1-1394 sampler: POST /tickets
2026-10-08 22:38:18,524 INFO o.a.j.t.o.OpenModelThreadGroup: Terminating thread org.apache.jmeter.threads.JMeterThread@701f01d6
2026-10-08 22:38:18,524 INFO o.a.j.t.JMeterThread: Stopping: Intake ramp 1-1187
2026-10-08 22:38:18,524 WARN o.a.j.t.JMeterThread: Interrupting: Intake ramp 1-1187 sampler: POST /tickets
2026-10-08 22:38:18,524 INFO o.a.j.t.JMeterThread: Thread is done: Intake ramp 1-1147
2026-10-08 22:38:18,525 INFO o.a.j.t.JMeterThread: Thread finished: Intake ramp 1-1147
2026-10-08 22:38:18,525 INFO o.a.j.t.o.OpenModelThreadGroup: Terminating thread org.apache.jmeter.threads.JMeterThread@5567a8ae
2026-10-08 22:38:18,525 INFO o.a.j.t.JMeterThread: Stopping: Intake ramp 1-1322
2026-10-08 22:38:18,525 WARN o.a.j.t.JMeterThread: Interrupting: Intake ramp 1-1322 sampler: POST /tickets
2026-10-08 22:38:18,525 INFO o.a.j.t.o.OpenModelThreadGroup: Terminating thread org.apache.jmeter.threads.JMeterThread@42cc5b07
2026-10-08 22:38:18,525 INFO o.a.j.t.JMeterThread: Stopping: Intake ramp 1-1505
2026-10-08 22:38:18,525 WARN o.a.j.t.JMeterThread: Interrupting: Intake ramp 1-1505 sampler: POST /tickets
2026-10-08 22:38:18,525 INFO o.a.j.t.JMeterThread: Thread is done: Intake ramp 1-1525
2026-10-08 22:38:18,525 INFO o.a.j.t.JMeterThread: Thread finished: Intake ramp 1-1525
2026-10-08 22:38:18,525 INFO o.a.j.t.o.OpenModelThreadGroup: Terminating thread org.apache.jmeter.threads.JMeterThread@587205b9
2026-10-08 22:38:18,525 INFO o.a.j.t.JMeterThread: Thread is done: Intake ramp 1-1394
2026-10-08 22:38:18,525 INFO o.a.j.t.JMeterThread: Stopping: Intake ramp 1-1583
2026-10-08 22:38:18,525 INFO o.a.j.t.JMeterThread: Thread finished: Intake ramp 1-1394
2026-10-08 22:38:18,525 INFO o.a.j.t.JMeterThread: Thread is done: Intake ramp 1-1503
2026-10-08 22:38:18,525 WARN o.a.j.t.JMeterThread: Interrupting: Intake ramp 1-1583 sampler: POST /tickets
2026-10-08 22:38:18,525 INFO o.a.j.t.JMeterThread: Thread finished: Intake ramp 1-1503
2026-10-08 22:38:18,525 INFO o.a.j.t.JMeterThread: Thread is done: Intake ramp 1-1187
2026-10-08 22:38:18,525 INFO o.a.j.t.JMeterThread: Thread finished: Intake ramp 1-1187
2026-10-08 22:38:18,525 INFO o.a.j.t.o.OpenModelThreadGroup: Terminating thread org.apache.jmeter.threads.JMeterThread@192120ed
2026-10-08 22:38:18,525 INFO o.a.j.t.JMeterThread: Stopping: Intake ramp 1-1620
2026-10-08 22:38:18,525 WARN o.a.j.t.JMeterThread: Interrupting: Intake ramp 1-1620 sampler: POST /tickets
2026-10-08 22:38:18,525 INFO o.a.j.t.JMeterThread: Thread is done: Intake ramp 1-1322
2026-10-08 22:38:18,525 INFO o.a.j.t.o.OpenModelThreadGroup: Terminating thread org.apache.jmeter.threads.JMeterThread@26a94f73
2026-10-08 22:38:18,525 INFO o.a.j.t.JMeterThread: Thread finished: Intake ramp 1-1322
2026-10-08 22:38:18,525 INFO o.a.j.t.JMeterThread: Stopping: Intake ramp 1-1178
2026-10-08 22:38:18,525 WARN o.a.j.t.JMeterThread: Interrupting: Intake ramp 1-1178 sampler: POST /tickets
2026-10-08 22:38:18,525 INFO o.a.j.t.o.OpenModelThreadGroup: Terminating thread org.apache.jmeter.threads.JMeterThread@7b1e92c0
2026-10-08 22:38:18,525 INFO o.a.j.t.JMeterThread: Stopping: Intake ramp 1-1158
2026-10-08 22:38:18,525 INFO o.a.j.t.JMeterThread: Thread is done: Intake ramp 1-1505
2026-10-08 22:38:18,525 INFO o.a.j.t.JMeterThread: Thread finished: Intake ramp 1-1505
2026-10-08 22:38:18,525 WARN o.a.j.t.JMeterThread: Interrupting: Intake ramp 1-1158 sampler: POST /tickets
2026-10-08 22:38:18,525 INFO o.a.j.t.o.OpenModelThreadGroup: Terminating thread org.apache.jmeter.threads.JMeterThread@fd2be30
2026-10-08 22:38:18,525 INFO o.a.j.t.JMeterThread: Stopping: Intake ramp 1-1382
2026-10-08 22:38:18,525 WARN o.a.j.t.JMeterThread: Interrupting: Intake ramp 1-1382 sampler: POST /tickets
2026-10-08 22:38:18,525 INFO o.a.j.t.o.OpenModelThreadGroup: Terminating thread org.apache.jmeter.threads.JMeterThread@238d5268
2026-10-08 22:38:18,525 INFO o.a.j.t.JMeterThread: Stopping: Intake ramp 1-1223
2026-10-08 22:38:18,525 WARN o.a.j.t.JMeterThread: Interrupting: Intake ramp 1-1223 sampler: POST /tickets
2026-10-08 22:38:18,525 INFO o.a.j.t.o.OpenModelThreadGroup: Terminating thread org.apache.jmeter.threads.JMeterThread@65e19806
2026-10-08 22:38:18,525 INFO o.a.j.t.JMeterThread: Stopping: Intake ramp 1-1368
2026-10-08 22:38:18,525 WARN o.a.j.t.JMeterThread: Interrupting: Intake ramp 1-1368 sampler: POST /tickets
2026-10-08 22:38:18,525 INFO o.a.j.t.o.OpenModelThreadGroup: Terminating thread org.apache.jmeter.threads.JMeterThread@23e4120c
2026-10-08 22:38:18,525 INFO o.a.j.t.JMeterThread: Stopping: Intake ramp 1-1510
2026-10-08 22:38:18,525 WARN o.a.j.t.JMeterThread: Interrupting: Intake ramp 1-1510 sampler: POST /tickets
2026-10-08 22:38:18,525 INFO o.a.j.t.o.OpenModelThreadGroup: Terminating thread org.apache.jmeter.threads.JMeterThread@4c1d6df4
2026-10-08 22:38:18,525 INFO o.a.j.t.JMeterThread: Stopping: Intake ramp 1-1497
2026-10-08 22:38:18,525 WARN o.a.j.t.JMeterThread: Interrupting: Intake ramp 1-1497 sampler: POST /tickets
2026-10-08 22:38:18,525 INFO o.a.j.t.JMeterThread: Thread is done: Intake ramp 1-1583
2026-10-08 22:38:18,525 INFO o.a.j.t.JMeterThread: Thread is done: Intake ramp 1-1620
2026-10-08 22:38:18,525 INFO o.a.j.t.JMeterThread: Thread finished: Intake ramp 1-1583
2026-10-08 22:38:18,525 INFO o.a.j.t.JMeterThread: Thread finished: Intake ramp 1-1620
2026-10-08 22:38:18,525 INFO o.a.j.t.o.OpenModelThreadGroup: Terminating thread org.apache.jmeter.threads.JMeterThread@15aad440
2026-10-08 22:38:18,525 INFO o.a.j.t.JMeterThread: Thread is done: Intake ramp 1-1178
2026-10-08 22:38:18,525 INFO o.a.j.t.JMeterThread: Stopping: Intake ramp 1-1245
2026-10-08 22:38:18,525 INFO o.a.j.t.JMeterThread: Thread finished: Intake ramp 1-1178
2026-10-08 22:38:18,525 WARN o.a.j.t.JMeterThread: Interrupting: Intake ramp 1-1245 sampler: POST /tickets
2026-10-08 22:38:18,525 INFO o.a.j.t.JMeterThread: Thread is done: Intake ramp 1-1158
2026-10-08 22:38:18,525 INFO o.a.j.t.JMeterThread: Thread finished: Intake ramp 1-1158
2026-10-08 22:38:18,525 INFO o.a.j.t.o.OpenModelThreadGroup: Terminating thread org.apache.jmeter.threads.JMeterThread@234f62a5
2026-10-08 22:38:18,525 INFO o.a.j.t.JMeterThread: Stopping: Intake ramp 1-1523
2026-10-08 22:38:18,525 WARN o.a.j.t.JMeterThread: Interrupting: Intake ramp 1-1523 sampler: POST /tickets
2026-10-08 22:38:18,525 INFO o.a.j.t.JMeterThread: Thread is done: Intake ramp 1-1223
2026-10-08 22:38:18,525 INFO o.a.j.t.JMeterThread: Thread finished: Intake ramp 1-1223
2026-10-08 22:38:18,525 INFO o.a.j.t.JMeterThread: Thread is done: Intake ramp 1-1368
2026-10-08 22:38:18,525 INFO o.a.j.t.JMeterThread: Thread finished: Intake ramp 1-1368
2026-10-08 22:38:18,525 INFO o.a.j.t.o.OpenModelThreadGroup: Terminating thread org.apache.jmeter.threads.JMeterThread@380139ea
2026-10-08 22:38:18,525 INFO o.a.j.t.JMeterThread: Stopping: Intake ramp 1-1548
2026-10-08 22:38:18,525 INFO o.a.j.t.JMeterThread: Thread is done: Intake ramp 1-1382
2026-10-08 22:38:18,525 INFO o.a.j.t.JMeterThread: Thread finished: Intake ramp 1-1382
2026-10-08 22:38:18,525 WARN o.a.j.t.JMeterThread: Interrupting: Intake ramp 1-1548 sampler: POST /tickets
2026-10-08 22:38:18,526 INFO o.a.j.t.JMeterThread: Thread is done: Intake ramp 1-1497
2026-10-08 22:38:18,526 INFO o.a.j.t.JMeterThread: Thread is done: Intake ramp 1-1510
2026-10-08 22:38:18,526 INFO o.a.j.t.JMeterThread: Thread finished: Intake ramp 1-1497
2026-10-08 22:38:18,526 INFO o.a.j.t.JMeterThread: Thread finished: Intake ramp 1-1510
2026-10-08 22:38:18,526 INFO o.a.j.t.o.OpenModelThreadGroup: Terminating thread org.apache.jmeter.threads.JMeterThread@3dfc9411
2026-10-08 22:38:18,526 INFO o.a.j.t.JMeterThread: Stopping: Intake ramp 1-1587
2026-10-08 22:38:18,526 WARN o.a.j.t.JMeterThread: Interrupting: Intake ramp 1-1587 sampler: POST /tickets
2026-10-08 22:38:18,526 INFO o.a.j.t.JMeterThread: Thread is done: Intake ramp 1-1245
2026-10-08 22:38:18,526 INFO o.a.j.t.JMeterThread: Thread finished: Intake ramp 1-1245
2026-10-08 22:38:18,526 INFO o.a.j.t.JMeterThread: Thread is done: Intake ramp 1-1523
2026-10-08 22:38:18,526 INFO o.a.j.t.JMeterThread: Thread finished: Intake ramp 1-1523
2026-10-08 22:38:18,526 INFO o.a.j.t.o.OpenModelThreadGroup: Terminating thread org.apache.jmeter.threads.JMeterThread@23700a9e
2026-10-08 22:38:18,526 INFO o.a.j.t.JMeterThread: Stopping: Intake ramp 1-1252
2026-10-08 22:38:18,526 WARN o.a.j.t.JMeterThread: Interrupting: Intake ramp 1-1252 sampler: POST /tickets
2026-10-08 22:38:18,526 INFO o.a.j.t.JMeterThread: Thread is done: Intake ramp 1-1548
2026-10-08 22:38:18,526 INFO o.a.j.t.JMeterThread: Thread finished: Intake ramp 1-1548
2026-10-08 22:38:18,526 INFO o.a.j.t.o.OpenModelThreadGroup: Terminating thread org.apache.jmeter.threads.JMeterThread@66f9c717
2026-10-08 22:38:18,526 INFO o.a.j.t.JMeterThread: Stopping: Intake ramp 1-1256
2026-10-08 22:38:18,526 WARN o.a.j.t.JMeterThread: Interrupting: Intake ramp 1-1256 sampler: POST /tickets
2026-10-08 22:38:18,526 INFO o.a.j.t.o.OpenModelThreadGroup: Terminating thread org.apache.jmeter.threads.JMeterThread@67abf25b
2026-10-08 22:38:18,526 INFO o.a.j.t.JMeterThread: Stopping: Intake ramp 1-1218
2026-10-08 22:38:18,526 WARN o.a.j.t.JMeterThread: Interrupting: Intake ramp 1-1218 sampler: POST /tickets
2026-10-08 22:38:18,526 INFO o.a.j.t.o.OpenModelThreadGroup: Terminating thread org.apache.jmeter.threads.JMeterThread@387b998b
2026-10-08 22:38:18,526 INFO o.a.j.t.JMeterThread: Stopping: Intake ramp 1-1327
2026-10-08 22:38:18,526 WARN o.a.j.t.JMeterThread: Interrupting: Intake ramp 1-1327 sampler: POST /tickets
2026-10-08 22:38:18,526 INFO o.a.j.t.o.OpenModelThreadGroup: Terminating thread org.apache.jmeter.threads.JMeterThread@4a1117e0
2026-10-08 22:38:18,526 INFO o.a.j.t.JMeterThread: Stopping: Intake ramp 1-1571
2026-10-08 22:38:18,526 WARN o.a.j.t.JMeterThread: Interrupting: Intake ramp 1-1571 sampler: POST /tickets
2026-10-08 22:38:18,526 INFO o.a.j.t.o.OpenModelThreadGroup: Terminating thread org.apache.jmeter.threads.JMeterThread@773de2ce
2026-10-08 22:38:18,526 INFO o.a.j.t.JMeterThread: Stopping: Intake ramp 1-1167
2026-10-08 22:38:18,526 WARN o.a.j.t.JMeterThread: Interrupting: Intake ramp 1-1167 sampler: POST /tickets
2026-10-08 22:38:18,526 INFO o.a.j.t.o.OpenModelThreadGroup: Terminating thread org.apache.jmeter.threads.JMeterThread@520d63f9
2026-10-08 22:38:18,526 INFO o.a.j.t.JMeterThread: Thread is done: Intake ramp 1-1587
2026-10-08 22:38:18,526 INFO o.a.j.t.JMeterThread: Thread is done: Intake ramp 1-1252
2026-10-08 22:38:18,526 INFO o.a.j.t.JMeterThread: Thread finished: Intake ramp 1-1587
2026-10-08 22:38:18,526 INFO o.a.j.t.JMeterThread: Stopping: Intake ramp 1-1623
2026-10-08 22:38:18,526 WARN o.a.j.t.JMeterThread: Interrupting: Intake ramp 1-1623 sampler: POST /tickets
2026-10-08 22:38:18,526 INFO o.a.j.t.JMeterThread: Thread finished: Intake ramp 1-1252
2026-10-08 22:38:18,526 INFO o.a.j.t.JMeterThread: Thread is done: Intake ramp 1-1256
2026-10-08 22:38:18,526 INFO o.a.j.t.JMeterThread: Thread finished: Intake ramp 1-1256
2026-10-08 22:38:18,526 INFO o.a.j.t.JMeterThread: Thread is done: Intake ramp 1-1218
2026-10-08 22:38:18,526 INFO o.a.j.t.JMeterThread: Thread finished: Intake ramp 1-1218
2026-10-08 22:38:18,526 INFO o.a.j.t.o.OpenModelThreadGroup: Terminating thread org.apache.jmeter.threads.JMeterThread@49db202e
2026-10-08 22:38:18,526 INFO o.a.j.t.JMeterThread: Stopping: Intake ramp 1-1384
2026-10-08 22:38:18,526 WARN o.a.j.t.JMeterThread: Interrupting: Intake ramp 1-1384 sampler: POST /tickets
2026-10-08 22:38:18,526 INFO o.a.j.t.JMeterThread: Thread is done: Intake ramp 1-1327
2026-10-08 22:38:18,526 INFO o.a.j.t.JMeterThread: Thread finished: Intake ramp 1-1327
2026-10-08 22:38:18,526 INFO o.a.j.t.o.OpenModelThreadGroup: Terminating thread org.apache.jmeter.threads.JMeterThread@d11bce7
2026-10-08 22:38:18,526 INFO o.a.j.t.JMeterThread: Stopping: Intake ramp 1-1402
2026-10-08 22:38:18,526 WARN o.a.j.t.JMeterThread: Interrupting: Intake ramp 1-1402 sampler: POST /tickets
2026-10-08 22:38:18,526 INFO o.a.j.t.o.OpenModelThreadGroup: Terminating thread org.apache.jmeter.threads.JMeterThread@36eb2f1c
2026-10-08 22:38:18,526 INFO o.a.j.t.JMeterThread: Stopping: Intake ramp 1-1317
2026-10-08 22:38:18,526 WARN o.a.j.t.JMeterThread: Interrupting: Intake ramp 1-1317 sampler: POST /tickets
2026-10-08 22:38:18,526 INFO o.a.j.t.JMeterThread: Thread is done: Intake ramp 1-1167
2026-10-08 22:38:18,526 INFO o.a.j.t.JMeterThread: Thread is done: Intake ramp 1-1571
2026-10-08 22:38:18,527 INFO o.a.j.t.JMeterThread: Thread finished: Intake ramp 1-1167
2026-10-08 22:38:18,526 INFO o.a.j.t.o.OpenModelThreadGroup: Terminating thread org.apache.jmeter.threads.JMeterThread@2a8d5b76
2026-10-08 22:38:18,527 INFO o.a.j.t.JMeterThread: Thread finished: Intake ramp 1-1571
2026-10-08 22:38:18,527 INFO o.a.j.t.JMeterThread: Thread is done: Intake ramp 1-1623
2026-10-08 22:38:18,527 INFO o.a.j.t.JMeterThread: Stopping: Intake ramp 1-1413
2026-10-08 22:38:18,527 INFO o.a.j.t.JMeterThread: Thread finished: Intake ramp 1-1623
2026-10-08 22:38:18,527 WARN o.a.j.t.JMeterThread: Interrupting: Intake ramp 1-1413 sampler: POST /tickets
2026-10-08 22:38:18,527 INFO o.a.j.t.JMeterThread: Thread is done: Intake ramp 1-1384
2026-10-08 22:38:18,527 INFO o.a.j.t.JMeterThread: Thread finished: Intake ramp 1-1384
2026-10-08 22:38:18,527 INFO o.a.j.t.o.OpenModelThreadGroup: Terminating thread org.apache.jmeter.threads.JMeterThread@680fcdf3
2026-10-08 22:38:18,527 INFO o.a.j.t.JMeterThread: Stopping: Intake ramp 1-1335
2026-10-08 22:38:18,527 INFO o.a.j.t.JMeterThread: Thread is done: Intake ramp 1-1402
2026-10-08 22:38:18,527 INFO o.a.j.t.JMeterThread: Thread finished: Intake ramp 1-1402
2026-10-08 22:38:18,527 WARN o.a.j.t.JMeterThread: Interrupting: Intake ramp 1-1335 sampler: POST /tickets
2026-10-08 22:38:18,527 INFO o.a.j.t.JMeterThread: Thread is done: Intake ramp 1-1317
2026-10-08 22:38:18,527 INFO o.a.j.t.JMeterThread: Thread finished: Intake ramp 1-1317
2026-10-08 22:38:18,527 INFO o.a.j.t.o.OpenModelThreadGroup: Terminating thread org.apache.jmeter.threads.JMeterThread@6623ebde
2026-10-08 22:38:18,527 INFO o.a.j.t.JMeterThread: Stopping: Intake ramp 1-1541
2026-10-08 22:38:18,527 WARN o.a.j.t.JMeterThread: Interrupting: Intake ramp 1-1541 sampler: POST /tickets
2026-10-08 22:38:18,527 INFO o.a.j.t.o.OpenModelThreadGroup: Terminating thread org.apache.jmeter.threads.JMeterThread@1eaeeb51
2026-10-08 22:38:18,527 INFO o.a.j.t.JMeterThread: Stopping: Intake ramp 1-1222
2026-10-08 22:38:18,527 WARN o.a.j.t.JMeterThread: Interrupting: Intake ramp 1-1222 sampler: POST /tickets
2026-10-08 22:38:18,527 INFO o.a.j.t.JMeterThread: Thread is done: Intake ramp 1-1413
2026-10-08 22:38:18,527 INFO o.a.j.t.JMeterThread: Thread finished: Intake ramp 1-1413
2026-10-08 22:38:18,527 INFO o.a.j.t.JMeterThread: Thread is done: Intake ramp 1-1335
2026-10-08 22:38:18,527 INFO o.a.j.t.o.OpenModelThreadGroup: Terminating thread org.apache.jmeter.threads.JMeterThread@6f48454f
2026-10-08 22:38:18,527 INFO o.a.j.t.JMeterThread: Stopping: Intake ramp 1-1431
2026-10-08 22:38:18,527 INFO o.a.j.t.JMeterThread: Thread finished: Intake ramp 1-1335
2026-10-08 22:38:18,527 WARN o.a.j.t.JMeterThread: Interrupting: Intake ramp 1-1431 sampler: POST /tickets
2026-10-08 22:38:18,527 INFO o.a.j.t.JMeterThread: Thread is done: Intake ramp 1-1541
2026-10-08 22:38:18,527 INFO o.a.j.t.JMeterThread: Thread finished: Intake ramp 1-1541
2026-10-08 22:38:18,527 INFO o.a.j.t.o.OpenModelThreadGroup: Terminating thread org.apache.jmeter.threads.JMeterThread@4932299
2026-10-08 22:38:18,527 INFO o.a.j.t.JMeterThread: Stopping: Intake ramp 1-1199
2026-10-08 22:38:18,527 WARN o.a.j.t.JMeterThread: Interrupting: Intake ramp 1-1199 sampler: POST /tickets
2026-10-08 22:38:18,527 INFO o.a.j.t.o.OpenModelThreadGroup: Terminating thread org.apache.jmeter.threads.JMeterThread@573737f
2026-10-08 22:38:18,527 INFO o.a.j.t.JMeterThread: Stopping: Intake ramp 1-1186
2026-10-08 22:38:18,527 WARN o.a.j.t.JMeterThread: Interrupting: Intake ramp 1-1186 sampler: POST /tickets
2026-10-08 22:38:18,527 INFO o.a.j.t.o.OpenModelThreadGroup: Terminating thread org.apache.jmeter.threads.JMeterThread@5d7d3f70
2026-10-08 22:38:18,527 INFO o.a.j.t.JMeterThread: Stopping: Intake ramp 1-1284
2026-10-08 22:38:18,527 WARN o.a.j.t.JMeterThread: Interrupting: Intake ramp 1-1284 sampler: POST /tickets
2026-10-08 22:38:18,527 INFO o.a.j.t.o.OpenModelThreadGroup: Terminating thread org.apache.jmeter.threads.JMeterThread@74202230
2026-10-08 22:38:18,527 INFO o.a.j.t.JMeterThread: Stopping: Intake ramp 1-1473
2026-10-08 22:38:18,527 WARN o.a.j.t.JMeterThread: Interrupting: Intake ramp 1-1473 sampler: POST /tickets
2026-10-08 22:38:18,527 INFO o.a.j.t.o.OpenModelThreadGroup: Terminating thread org.apache.jmeter.threads.JMeterThread@3928cb39
2026-10-08 22:38:18,527 INFO o.a.j.t.JMeterThread: Stopping: Intake ramp 1-1543
2026-10-08 22:38:18,527 WARN o.a.j.t.JMeterThread: Interrupting: Intake ramp 1-1543 sampler: POST /tickets
2026-10-08 22:38:18,527 INFO o.a.j.t.o.OpenModelThreadGroup: Terminating thread org.apache.jmeter.threads.JMeterThread@48e102f3
2026-10-08 22:38:18,527 INFO o.a.j.t.JMeterThread: Stopping: Intake ramp 1-1302
2026-10-08 22:38:18,527 WARN o.a.j.t.JMeterThread: Interrupting: Intake ramp 1-1302 sampler: POST /tickets
2026-10-08 22:38:18,527 INFO o.a.j.t.o.OpenModelThreadGroup: Terminating thread org.apache.jmeter.threads.JMeterThread@60dbb2c9
2026-10-08 22:38:18,527 INFO o.a.j.t.JMeterThread: Stopping: Intake ramp 1-1602
2026-10-08 22:38:18,527 WARN o.a.j.t.JMeterThread: Interrupting: Intake ramp 1-1602 sampler: POST /tickets
2026-10-08 22:38:18,528 INFO o.a.j.t.o.OpenModelThreadGroup: Terminating thread org.apache.jmeter.threads.JMeterThread@9ab5bb8
2026-10-08 22:38:18,528 INFO o.a.j.t.JMeterThread: Stopping: Intake ramp 1-1197
2026-10-08 22:38:18,528 WARN o.a.j.t.JMeterThread: Interrupting: Intake ramp 1-1197 sampler: POST /tickets
2026-10-08 22:38:18,528 INFO o.a.j.t.o.OpenModelThreadGroup: Terminating thread org.apache.jmeter.threads.JMeterThread@706bca78
2026-10-08 22:38:18,528 INFO o.a.j.t.JMeterThread: Stopping: Intake ramp 1-1351
2026-10-08 22:38:18,528 WARN o.a.j.t.JMeterThread: Interrupting: Intake ramp 1-1351 sampler: POST /tickets
2026-10-08 22:38:18,528 INFO o.a.j.t.JMeterThread: Thread is done: Intake ramp 1-1222
2026-10-08 22:38:18,528 INFO o.a.j.t.JMeterThread: Thread finished: Intake ramp 1-1222
2026-10-08 22:38:18,528 INFO o.a.j.t.o.OpenModelThreadGroup: Terminating thread org.apache.jmeter.threads.JMeterThread@1f0eb91b
2026-10-08 22:38:18,528 INFO o.a.j.t.JMeterThread: Stopping: Intake ramp 1-1191
2026-10-08 22:38:18,528 WARN o.a.j.t.JMeterThread: Interrupting: Intake ramp 1-1191 sampler: POST /tickets
2026-10-08 22:38:18,528 INFO o.a.j.t.JMeterThread: Thread is done: Intake ramp 1-1431
2026-10-08 22:38:18,528 INFO o.a.j.t.o.OpenModelThreadGroup: Terminating thread org.apache.jmeter.threads.JMeterThread@36ed5cfa
2026-10-08 22:38:18,528 INFO o.a.j.t.JMeterThread: Thread finished: Intake ramp 1-1431
2026-10-08 22:38:18,528 INFO o.a.j.t.JMeterThread: Stopping: Intake ramp 1-1224
2026-10-08 22:38:18,528 WARN o.a.j.t.JMeterThread: Interrupting: Intake ramp 1-1224 sampler: POST /tickets
2026-10-08 22:38:18,528 INFO o.a.j.t.JMeterThread: Thread is done: Intake ramp 1-1284
2026-10-08 22:38:18,528 INFO o.a.j.t.o.OpenModelThreadGroup: Terminating thread org.apache.jmeter.threads.JMeterThread@76fa70e2
2026-10-08 22:38:18,528 INFO o.a.j.t.JMeterThread: Thread finished: Intake ramp 1-1284
2026-10-08 22:38:18,528 INFO o.a.j.t.JMeterThread: Stopping: Intake ramp 1-1230
2026-10-08 22:38:18,528 INFO o.a.j.t.JMeterThread: Thread is done: Intake ramp 1-1186
2026-10-08 22:38:18,528 WARN o.a.j.t.JMeterThread: Interrupting: Intake ramp 1-1230 sampler: POST /tickets
2026-10-08 22:38:18,528 INFO o.a.j.t.JMeterThread: Thread is done: Intake ramp 1-1199
2026-10-08 22:38:18,528 INFO o.a.j.t.JMeterThread: Thread finished: Intake ramp 1-1186
2026-10-08 22:38:18,528 INFO o.a.j.t.JMeterThread: Thread finished: Intake ramp 1-1199
2026-10-08 22:38:18,528 INFO o.a.j.t.JMeterThread: Thread is done: Intake ramp 1-1302
2026-10-08 22:38:18,528 INFO o.a.j.t.JMeterThread: Thread finished: Intake ramp 1-1302
2026-10-08 22:38:18,528 INFO o.a.j.t.JMeterThread: Thread is done: Intake ramp 1-1543
2026-10-08 22:38:18,528 INFO o.a.j.t.o.OpenModelThreadGroup: Terminating thread org.apache.jmeter.threads.JMeterThread@5ca416be
2026-10-08 22:38:18,528 INFO o.a.j.t.JMeterThread: Thread finished: Intake ramp 1-1543
2026-10-08 22:38:18,528 INFO o.a.j.t.JMeterThread: Stopping: Intake ramp 1-1155
2026-10-08 22:38:18,528 INFO o.a.j.t.JMeterThread: Thread is done: Intake ramp 1-1473
2026-10-08 22:38:18,528 WARN o.a.j.t.JMeterThread: Interrupting: Intake ramp 1-1155 sampler: POST /tickets
2026-10-08 22:38:18,528 INFO o.a.j.t.JMeterThread: Thread is done: Intake ramp 1-1351
2026-10-08 22:38:18,528 INFO o.a.j.t.JMeterThread: Thread finished: Intake ramp 1-1351
2026-10-08 22:38:18,528 INFO o.a.j.t.JMeterThread: Thread is done: Intake ramp 1-1197
2026-10-08 22:38:18,528 INFO o.a.j.t.JMeterThread: Thread finished: Intake ramp 1-1473
2026-10-08 22:38:18,528 INFO o.a.j.t.JMeterThread: Thread finished: Intake ramp 1-1197
2026-10-08 22:38:18,528 INFO o.a.j.t.JMeterThread: Thread is done: Intake ramp 1-1602
2026-10-08 22:38:18,528 INFO o.a.j.t.JMeterThread: Thread finished: Intake ramp 1-1602
2026-10-08 22:38:18,528 INFO o.a.j.t.JMeterThread: Thread is done: Intake ramp 1-1191
2026-10-08 22:38:18,528 INFO o.a.j.t.JMeterThread: Thread finished: Intake ramp 1-1191
2026-10-08 22:38:18,528 INFO o.a.j.t.JMeterThread: Thread is done: Intake ramp 1-1224
2026-10-08 22:38:18,528 INFO o.a.j.t.JMeterThread: Thread finished: Intake ramp 1-1224
2026-10-08 22:38:18,528 INFO o.a.j.t.o.OpenModelThreadGroup: Terminating thread org.apache.jmeter.threads.JMeterThread@74a39eb8
2026-10-08 22:38:18,528 INFO o.a.j.t.JMeterThread: Stopping: Intake ramp 1-1159
2026-10-08 22:38:18,528 WARN o.a.j.t.JMeterThread: Interrupting: Intake ramp 1-1159 sampler: POST /tickets
2026-10-08 22:38:18,528 INFO o.a.j.t.JMeterThread: Thread is done: Intake ramp 1-1230
2026-10-08 22:38:18,528 INFO o.a.j.t.JMeterThread: Thread finished: Intake ramp 1-1230
2026-10-08 22:38:18,528 INFO o.a.j.t.o.OpenModelThreadGroup: Terminating thread org.apache.jmeter.threads.JMeterThread@2e7b9c5e
2026-10-08 22:38:18,528 INFO o.a.j.t.JMeterThread: Stopping: Intake ramp 1-1608
2026-10-08 22:38:18,528 WARN o.a.j.t.JMeterThread: Interrupting: Intake ramp 1-1608 sampler: POST /tickets
2026-10-08 22:38:18,528 INFO o.a.j.t.o.OpenModelThreadGroup: Terminating thread org.apache.jmeter.threads.JMeterThread@e5f6c3
2026-10-08 22:38:18,528 INFO o.a.j.t.JMeterThread: Stopping: Intake ramp 1-1474
2026-10-08 22:38:18,528 WARN o.a.j.t.JMeterThread: Interrupting: Intake ramp 1-1474 sampler: POST /tickets
2026-10-08 22:38:18,528 INFO o.a.j.t.JMeterThread: Thread is done: Intake ramp 1-1155
2026-10-08 22:38:18,528 INFO o.a.j.t.JMeterThread: Thread finished: Intake ramp 1-1155
2026-10-08 22:38:18,528 INFO o.a.j.t.o.OpenModelThreadGroup: Terminating thread org.apache.jmeter.threads.JMeterThread@22af4c87
2026-10-08 22:38:18,528 INFO o.a.j.t.JMeterThread: Stopping: Intake ramp 1-1419
2026-10-08 22:38:18,528 WARN o.a.j.t.JMeterThread: Interrupting: Intake ramp 1-1419 sampler: POST /tickets
2026-10-08 22:38:18,529 INFO o.a.j.t.o.OpenModelThreadGroup: Terminating thread org.apache.jmeter.threads.JMeterThread@d20d70b
2026-10-08 22:38:18,529 INFO o.a.j.t.JMeterThread: Thread is done: Intake ramp 1-1159
2026-10-08 22:38:18,529 INFO o.a.j.t.JMeterThread: Stopping: Intake ramp 1-1390
2026-10-08 22:38:18,529 INFO o.a.j.t.JMeterThread: Thread finished: Intake ramp 1-1159
2026-10-08 22:38:18,529 WARN o.a.j.t.JMeterThread: Interrupting: Intake ramp 1-1390 sampler: POST /tickets
2026-10-08 22:38:18,529 INFO o.a.j.t.JMeterThread: Thread is done: Intake ramp 1-1608
2026-10-08 22:38:18,529 INFO o.a.j.t.JMeterThread: Thread finished: Intake ramp 1-1608
2026-10-08 22:38:18,529 INFO o.a.j.t.JMeterThread: Thread is done: Intake ramp 1-1474
2026-10-08 22:38:18,529 INFO o.a.j.t.JMeterThread: Thread finished: Intake ramp 1-1474
2026-10-08 22:38:18,529 INFO o.a.j.t.o.OpenModelThreadGroup: Terminating thread org.apache.jmeter.threads.JMeterThread@1296b8b9
2026-10-08 22:38:18,529 INFO o.a.j.t.JMeterThread: Thread is done: Intake ramp 1-1419
2026-10-08 22:38:18,529 INFO o.a.j.t.JMeterThread: Thread finished: Intake ramp 1-1419
2026-10-08 22:38:18,529 INFO o.a.j.t.JMeterThread: Stopping: Intake ramp 1-1290
2026-10-08 22:38:18,529 WARN o.a.j.t.JMeterThread: Interrupting: Intake ramp 1-1290 sampler: POST /tickets
2026-10-08 22:38:18,529 INFO o.a.j.t.o.OpenModelThreadGroup: Terminating thread org.apache.jmeter.threads.JMeterThread@6f0bed39
2026-10-08 22:38:18,529 INFO o.a.j.t.JMeterThread: Stopping: Intake ramp 1-1185
2026-10-08 22:38:18,529 INFO o.a.j.t.JMeterThread: Thread is done: Intake ramp 1-1390
2026-10-08 22:38:18,529 WARN o.a.j.t.JMeterThread: Interrupting: Intake ramp 1-1185 sampler: POST /tickets
2026-10-08 22:38:18,529 INFO o.a.j.t.JMeterThread: Thread finished: Intake ramp 1-1390
2026-10-08 22:38:18,529 INFO o.a.j.t.o.OpenModelThreadGroup: Terminating thread org.apache.jmeter.threads.JMeterThread@62b58886
2026-10-08 22:38:18,529 INFO o.a.j.t.JMeterThread: Stopping: Intake ramp 1-1342
2026-10-08 22:38:18,529 WARN o.a.j.t.JMeterThread: Interrupting: Intake ramp 1-1342 sampler: POST /tickets
2026-10-08 22:38:18,529 INFO o.a.j.t.JMeterThread: Thread is done: Intake ramp 1-1290
2026-10-08 22:38:18,529 INFO o.a.j.t.JMeterThread: Thread finished: Intake ramp 1-1290
2026-10-08 22:38:18,529 INFO o.a.j.t.o.OpenModelThreadGroup: Terminating thread org.apache.jmeter.threads.JMeterThread@4dbaeee
2026-10-08 22:38:18,529 INFO o.a.j.t.JMeterThread: Stopping: Intake ramp 1-1277
2026-10-08 22:38:18,529 WARN o.a.j.t.JMeterThread: Interrupting: Intake ramp 1-1277 sampler: POST /tickets
2026-10-08 22:38:18,529 INFO o.a.j.t.o.OpenModelThreadGroup: Terminating thread org.apache.jmeter.threads.JMeterThread@22c27cf9
2026-10-08 22:38:18,529 INFO o.a.j.t.JMeterThread: Stopping: Intake ramp 1-1514
2026-10-08 22:38:18,529 WARN o.a.j.t.JMeterThread: Interrupting: Intake ramp 1-1514 sampler: POST /tickets
2026-10-08 22:38:18,529 INFO o.a.j.t.JMeterThread: Thread is done: Intake ramp 1-1185
2026-10-08 22:38:18,529 INFO o.a.j.t.JMeterThread: Thread finished: Intake ramp 1-1185
2026-10-08 22:38:18,529 INFO o.a.j.t.o.OpenModelThreadGroup: Terminating thread org.apache.jmeter.threads.JMeterThread@7b53816f
2026-10-08 22:38:18,529 INFO o.a.j.t.JMeterThread: Stopping: Intake ramp 1-1308
2026-10-08 22:38:18,529 WARN o.a.j.t.JMeterThread: Interrupting: Intake ramp 1-1308 sampler: POST /tickets
2026-10-08 22:38:18,529 INFO o.a.j.t.o.OpenModelThreadGroup: Terminating thread org.apache.jmeter.threads.JMeterThread@245d521d
2026-10-08 22:38:18,529 INFO o.a.j.t.JMeterThread: Stopping: Intake ramp 1-1611
2026-10-08 22:38:18,529 WARN o.a.j.t.JMeterThread: Interrupting: Intake ramp 1-1611 sampler: POST /tickets
2026-10-08 22:38:18,529 INFO o.a.j.t.o.OpenModelThreadGroup: Terminating thread org.apache.jmeter.threads.JMeterThread@1ed65494
2026-10-08 22:38:18,529 INFO o.a.j.t.JMeterThread: Stopping: Intake ramp 1-1356
2026-10-08 22:38:18,529 WARN o.a.j.t.JMeterThread: Interrupting: Intake ramp 1-1356 sampler: POST /tickets
2026-10-08 22:38:18,530 INFO o.a.j.t.o.OpenModelThreadGroup: Terminating thread org.apache.jmeter.threads.JMeterThread@5b772934
2026-10-08 22:38:18,530 INFO o.a.j.t.JMeterThread: Thread is done: Intake ramp 1-1342
2026-10-08 22:38:18,530 INFO o.a.j.t.JMeterThread: Stopping: Intake ramp 1-1560
2026-10-08 22:38:18,530 INFO o.a.j.t.JMeterThread: Thread finished: Intake ramp 1-1342
2026-10-08 22:38:18,530 INFO o.a.j.t.JMeterThread: Thread is done: Intake ramp 1-1277
2026-10-08 22:38:18,530 WARN o.a.j.t.JMeterThread: Interrupting: Intake ramp 1-1560 sampler: POST /tickets
2026-10-08 22:38:18,530 INFO o.a.j.t.JMeterThread: Thread finished: Intake ramp 1-1277
2026-10-08 22:38:18,530 INFO o.a.j.t.JMeterThread: Thread is done: Intake ramp 1-1514
2026-10-08 22:38:18,530 INFO o.a.j.t.JMeterThread: Thread finished: Intake ramp 1-1514
2026-10-08 22:38:18,530 INFO o.a.j.t.o.OpenModelThreadGroup: Terminating thread org.apache.jmeter.threads.JMeterThread@1cb1caf7
2026-10-08 22:38:18,530 INFO o.a.j.t.JMeterThread: Stopping: Intake ramp 1-1423
2026-10-08 22:38:18,530 WARN o.a.j.t.JMeterThread: Interrupting: Intake ramp 1-1423 sampler: POST /tickets
2026-10-08 22:38:18,530 INFO o.a.j.t.JMeterThread: Thread is done: Intake ramp 1-1308
2026-10-08 22:38:18,530 INFO o.a.j.t.JMeterThread: Thread finished: Intake ramp 1-1308
2026-10-08 22:38:18,530 INFO o.a.j.t.JMeterThread: Thread is done: Intake ramp 1-1611
2026-10-08 22:38:18,530 INFO o.a.j.t.JMeterThread: Thread finished: Intake ramp 1-1611
2026-10-08 22:38:18,530 INFO o.a.j.t.o.OpenModelThreadGroup: Terminating thread org.apache.jmeter.threads.JMeterThread@2ccdea8a
2026-10-08 22:38:18,530 INFO o.a.j.t.JMeterThread: Stopping: Intake ramp 1-1173
2026-10-08 22:38:18,530 WARN o.a.j.t.JMeterThread: Interrupting: Intake ramp 1-1173 sampler: POST /tickets
2026-10-08 22:38:18,530 INFO o.a.j.t.JMeterThread: Thread is done: Intake ramp 1-1356
2026-10-08 22:38:18,530 INFO o.a.j.t.JMeterThread: Thread finished: Intake ramp 1-1356
2026-10-08 22:38:18,530 INFO o.a.j.t.o.OpenModelThreadGroup: Terminating thread org.apache.jmeter.threads.JMeterThread@5cb3b86
2026-10-08 22:38:18,530 INFO o.a.j.t.JMeterThread: Stopping: Intake ramp 1-1470
2026-10-08 22:38:18,530 WARN o.a.j.t.JMeterThread: Interrupting: Intake ramp 1-1470 sampler: POST /tickets
2026-10-08 22:38:18,530 INFO o.a.j.t.JMeterThread: Thread is done: Intake ramp 1-1560
2026-10-08 22:38:18,530 INFO o.a.j.t.JMeterThread: Thread finished: Intake ramp 1-1560
2026-10-08 22:38:18,530 INFO o.a.j.t.o.OpenModelThreadGroup: Terminating thread org.apache.jmeter.threads.JMeterThread@57e5f1aa
2026-10-08 22:38:18,530 INFO o.a.j.t.JMeterThread: Stopping: Intake ramp 1-1207
2026-10-08 22:38:18,530 WARN o.a.j.t.JMeterThread: Interrupting: Intake ramp 1-1207 sampler: POST /tickets
2026-10-08 22:38:18,530 INFO o.a.j.t.o.OpenModelThreadGroup: Terminating thread org.apache.jmeter.threads.JMeterThread@3d686327
2026-10-08 22:38:18,530 INFO o.a.j.t.JMeterThread: Stopping: Intake ramp 1-1328
2026-10-08 22:38:18,530 INFO o.a.j.t.JMeterThread: Thread is done: Intake ramp 1-1423
2026-10-08 22:38:18,530 WARN o.a.j.t.JMeterThread: Interrupting: Intake ramp 1-1328 sampler: POST /tickets
2026-10-08 22:38:18,530 INFO o.a.j.t.JMeterThread: Thread finished: Intake ramp 1-1423
2026-10-08 22:38:18,530 INFO o.a.j.t.o.OpenModelThreadGroup: Terminating thread org.apache.jmeter.threads.JMeterThread@5eb53a4
2026-10-08 22:38:18,530 INFO o.a.j.t.JMeterThread: Stopping: Intake ramp 1-1568
2026-10-08 22:38:18,530 INFO o.a.j.t.JMeterThread: Thread is done: Intake ramp 1-1173
2026-10-08 22:38:18,530 WARN o.a.j.t.JMeterThread: Interrupting: Intake ramp 1-1568 sampler: POST /tickets
2026-10-08 22:38:18,530 INFO o.a.j.t.JMeterThread: Thread finished: Intake ramp 1-1173
2026-10-08 22:38:18,530 INFO o.a.j.t.o.OpenModelThreadGroup: Terminating thread org.apache.jmeter.threads.JMeterThread@5fe9c1b9
2026-10-08 22:38:18,530 INFO o.a.j.t.JMeterThread: Stopping: Intake ramp 1-1248
2026-10-08 22:38:18,530 WARN o.a.j.t.JMeterThread: Interrupting: Intake ramp 1-1248 sampler: POST /tickets
2026-10-08 22:38:18,530 INFO o.a.j.t.o.OpenModelThreadGroup: Terminating thread org.apache.jmeter.threads.JMeterThread@1bff45ae
2026-10-08 22:38:18,530 INFO o.a.j.t.JMeterThread: Stopping: Intake ramp 1-1456
2026-10-08 22:38:18,530 WARN o.a.j.t.JMeterThread: Interrupting: Intake ramp 1-1456 sampler: POST /tickets
2026-10-08 22:38:18,530 INFO o.a.j.t.JMeterThread: Thread is done: Intake ramp 1-1470
2026-10-08 22:38:18,530 INFO o.a.j.t.JMeterThread: Thread is done: Intake ramp 1-1207
2026-10-08 22:38:18,530 INFO o.a.j.t.JMeterThread: Thread finished: Intake ramp 1-1207
2026-10-08 22:38:18,530 INFO o.a.j.t.JMeterThread: Thread finished: Intake ramp 1-1470
2026-10-08 22:38:18,530 INFO o.a.j.t.o.OpenModelThreadGroup: Terminating thread org.apache.jmeter.threads.JMeterThread@5226d074
2026-10-08 22:38:18,530 INFO o.a.j.t.JMeterThread: Stopping: Intake ramp 1-1340
2026-10-08 22:38:18,530 WARN o.a.j.t.JMeterThread: Interrupting: Intake ramp 1-1340 sampler: POST /tickets
2026-10-08 22:38:18,530 INFO o.a.j.t.JMeterThread: Thread is done: Intake ramp 1-1328
2026-10-08 22:38:18,530 INFO o.a.j.t.o.OpenModelThreadGroup: Terminating thread org.apache.jmeter.threads.JMeterThread@fc15d92
2026-10-08 22:38:18,530 INFO o.a.j.t.JMeterThread: Stopping: Intake ramp 1-1148
2026-10-08 22:38:18,530 WARN o.a.j.t.JMeterThread: Interrupting: Intake ramp 1-1148 sampler: POST /tickets
2026-10-08 22:38:18,530 INFO o.a.j.t.JMeterThread: Thread finished: Intake ramp 1-1328
2026-10-08 22:38:18,530 INFO o.a.j.t.o.OpenModelThreadGroup: Terminating thread org.apache.jmeter.threads.JMeterThread@17539107
2026-10-08 22:38:18,530 INFO o.a.j.t.JMeterThread: Stopping: Intake ramp 1-1450
2026-10-08 22:38:18,530 WARN o.a.j.t.JMeterThread: Interrupting: Intake ramp 1-1450 sampler: POST /tickets
2026-10-08 22:38:18,530 INFO o.a.j.t.JMeterThread: Thread is done: Intake ramp 1-1568
2026-10-08 22:38:18,530 INFO o.a.j.t.o.OpenModelThreadGroup: Terminating thread org.apache.jmeter.threads.JMeterThread@6fb691e3
2026-10-08 22:38:18,530 INFO o.a.j.t.JMeterThread: Thread finished: Intake ramp 1-1568
2026-10-08 22:38:18,530 INFO o.a.j.t.JMeterThread: Stopping: Intake ramp 1-1176
2026-10-08 22:38:18,530 WARN o.a.j.t.JMeterThread: Interrupting: Intake ramp 1-1176 sampler: POST /tickets
2026-10-08 22:38:18,530 INFO o.a.j.t.JMeterThread: Thread is done: Intake ramp 1-1248
2026-10-08 22:38:18,530 INFO o.a.j.t.JMeterThread: Thread finished: Intake ramp 1-1248
2026-10-08 22:38:18,530 INFO o.a.j.t.o.OpenModelThreadGroup: Terminating thread org.apache.jmeter.threads.JMeterThread@5c290e72
2026-10-08 22:38:18,530 INFO o.a.j.t.JMeterThread: Stopping: Intake ramp 1-1383
2026-10-08 22:38:18,530 WARN o.a.j.t.JMeterThread: Interrupting: Intake ramp 1-1383 sampler: POST /tickets
2026-10-08 22:38:18,530 INFO o.a.j.t.JMeterThread: Thread is done: Intake ramp 1-1456
2026-10-08 22:38:18,530 INFO o.a.j.t.JMeterThread: Thread finished: Intake ramp 1-1456
2026-10-08 22:38:18,530 INFO o.a.j.t.o.OpenModelThreadGroup: Terminating thread org.apache.jmeter.threads.JMeterThread@25b0afec
2026-10-08 22:38:18,530 INFO o.a.j.t.JMeterThread: Stopping: Intake ramp 1-1499
2026-10-08 22:38:18,530 WARN o.a.j.t.JMeterThread: Interrupting: Intake ramp 1-1499 sampler: POST /tickets
2026-10-08 22:38:18,530 INFO o.a.j.t.o.OpenModelThreadGroup: Terminating thread org.apache.jmeter.threads.JMeterThread@56690035
2026-10-08 22:38:18,530 INFO o.a.j.t.JMeterThread: Stopping: Intake ramp 1-1511
2026-10-08 22:38:18,531 WARN o.a.j.t.JMeterThread: Interrupting: Intake ramp 1-1511 sampler: POST /tickets
2026-10-08 22:38:18,531 INFO o.a.j.t.o.OpenModelThreadGroup: Terminating thread org.apache.jmeter.threads.JMeterThread@2f038d5e
2026-10-08 22:38:18,531 INFO o.a.j.t.JMeterThread: Thread is done: Intake ramp 1-1340
2026-10-08 22:38:18,531 INFO o.a.j.t.JMeterThread: Thread finished: Intake ramp 1-1340
2026-10-08 22:38:18,531 INFO o.a.j.t.JMeterThread: Stopping: Intake ramp 1-1192
2026-10-08 22:38:18,531 WARN o.a.j.t.JMeterThread: Interrupting: Intake ramp 1-1192 sampler: POST /tickets
2026-10-08 22:38:18,531 INFO o.a.j.t.o.OpenModelThreadGroup: Terminating thread org.apache.jmeter.threads.JMeterThread@2f89098
2026-10-08 22:38:18,531 INFO o.a.j.t.JMeterThread: Stopping: Intake ramp 1-1374
2026-10-08 22:38:18,531 WARN o.a.j.t.JMeterThread: Interrupting: Intake ramp 1-1374 sampler: POST /tickets
2026-10-08 22:38:18,531 INFO o.a.j.t.o.OpenModelThreadGroup: Terminating thread org.apache.jmeter.threads.JMeterThread@9db9bbf
2026-10-08 22:38:18,531 INFO o.a.j.t.JMeterThread: Stopping: Intake ramp 1-1235
2026-10-08 22:38:18,531 WARN o.a.j.t.JMeterThread: Interrupting: Intake ramp 1-1235 sampler: POST /tickets
2026-10-08 22:38:18,531 INFO o.a.j.t.o.OpenModelThreadGroup: Terminating thread org.apache.jmeter.threads.JMeterThread@16df54b8
2026-10-08 22:38:18,531 INFO o.a.j.t.JMeterThread: Stopping: Intake ramp 1-1581
2026-10-08 22:38:18,531 WARN o.a.j.t.JMeterThread: Interrupting: Intake ramp 1-1581 sampler: POST /tickets
2026-10-08 22:38:18,531 INFO o.a.j.t.JMeterThread: Thread is done: Intake ramp 1-1148
2026-10-08 22:38:18,531 INFO o.a.j.t.JMeterThread: Thread is done: Intake ramp 1-1176
2026-10-08 22:38:18,531 INFO o.a.j.t.JMeterThread: Thread finished: Intake ramp 1-1176
2026-10-08 22:38:18,531 INFO o.a.j.t.JMeterThread: Thread finished: Intake ramp 1-1148
2026-10-08 22:38:18,531 INFO o.a.j.t.JMeterThread: Thread is done: Intake ramp 1-1499
2026-10-08 22:38:18,531 INFO o.a.j.t.JMeterThread: Thread is done: Intake ramp 1-1450
2026-10-08 22:38:18,531 INFO o.a.j.t.JMeterThread: Thread finished: Intake ramp 1-1499
2026-10-08 22:38:18,531 INFO o.a.j.t.JMeterThread: Thread finished: Intake ramp 1-1450
2026-10-08 22:38:18,531 INFO o.a.j.t.JMeterThread: Thread is done: Intake ramp 1-1383
2026-10-08 22:38:18,531 INFO o.a.j.t.JMeterThread: Thread finished: Intake ramp 1-1383
2026-10-08 22:38:18,531 INFO o.a.j.t.o.OpenModelThreadGroup: Terminating thread org.apache.jmeter.threads.JMeterThread@72281040
2026-10-08 22:38:18,531 INFO o.a.j.t.JMeterThread: Thread is done: Intake ramp 1-1511
2026-10-08 22:38:18,531 INFO o.a.j.t.JMeterThread: Stopping: Intake ramp 1-1520
2026-10-08 22:38:18,531 INFO o.a.j.t.JMeterThread: Thread is done: Intake ramp 1-1192
2026-10-08 22:38:18,531 WARN o.a.j.t.JMeterThread: Interrupting: Intake ramp 1-1520 sampler: POST /tickets
2026-10-08 22:38:18,531 INFO o.a.j.t.JMeterThread: Thread finished: Intake ramp 1-1511
2026-10-08 22:38:18,531 INFO o.a.j.t.JMeterThread: Thread finished: Intake ramp 1-1192
2026-10-08 22:38:18,531 INFO o.a.j.t.JMeterThread: Thread is done: Intake ramp 1-1235
2026-10-08 22:38:18,531 INFO o.a.j.t.JMeterThread: Thread finished: Intake ramp 1-1235
2026-10-08 22:38:18,531 INFO o.a.j.t.o.OpenModelThreadGroup: Terminating thread org.apache.jmeter.threads.JMeterThread@172e7b
2026-10-08 22:38:18,531 INFO o.a.j.t.JMeterThread: Stopping: Intake ramp 1-1536
2026-10-08 22:38:18,531 INFO o.a.j.t.JMeterThread: Thread is done: Intake ramp 1-1374
2026-10-08 22:38:18,531 WARN o.a.j.t.JMeterThread: Interrupting: Intake ramp 1-1536 sampler: POST /tickets
2026-10-08 22:38:18,531 INFO o.a.j.t.JMeterThread: Thread finished: Intake ramp 1-1374
2026-10-08 22:38:18,531 INFO o.a.j.t.o.OpenModelThreadGroup: Terminating thread org.apache.jmeter.threads.JMeterThread@1353ad3d
2026-10-08 22:38:18,531 INFO o.a.j.t.JMeterThread: Stopping: Intake ramp 1-1363
2026-10-08 22:38:18,531 WARN o.a.j.t.JMeterThread: Interrupting: Intake ramp 1-1363 sampler: POST /tickets
2026-10-08 22:38:18,531 INFO o.a.j.t.JMeterThread: Thread is done: Intake ramp 1-1581
2026-10-08 22:38:18,531 INFO o.a.j.t.JMeterThread: Thread finished: Intake ramp 1-1581
2026-10-08 22:38:18,531 INFO o.a.j.t.o.OpenModelThreadGroup: Terminating thread org.apache.jmeter.threads.JMeterThread@8c70aa8
2026-10-08 22:38:18,531 INFO o.a.j.t.JMeterThread: Stopping: Intake ramp 1-1297
2026-10-08 22:38:18,531 WARN o.a.j.t.JMeterThread: Interrupting: Intake ramp 1-1297 sampler: POST /tickets
2026-10-08 22:38:18,531 INFO o.a.j.t.o.OpenModelThreadGroup: Terminating thread org.apache.jmeter.threads.JMeterThread@b8ae9e5
2026-10-08 22:38:18,531 INFO o.a.j.t.JMeterThread: Stopping: Intake ramp 1-1420
2026-10-08 22:38:18,531 WARN o.a.j.t.JMeterThread: Interrupting: Intake ramp 1-1420 sampler: POST /tickets
2026-10-08 22:38:18,531 INFO o.a.j.t.o.OpenModelThreadGroup: Terminating thread org.apache.jmeter.threads.JMeterThread@47895de6
2026-10-08 22:38:18,531 INFO o.a.j.t.JMeterThread: Stopping: Intake ramp 1-1613
2026-10-08 22:38:18,531 WARN o.a.j.t.JMeterThread: Interrupting: Intake ramp 1-1613 sampler: POST /tickets
2026-10-08 22:38:18,531 INFO o.a.j.t.JMeterThread: Thread is done: Intake ramp 1-1520
2026-10-08 22:38:18,531 INFO o.a.j.t.JMeterThread: Thread finished: Intake ramp 1-1520
2026-10-08 22:38:18,531 INFO o.a.j.t.o.OpenModelThreadGroup: Terminating thread org.apache.jmeter.threads.JMeterThread@3cee529a
2026-10-08 22:38:18,532 INFO o.a.j.t.JMeterThread: Stopping: Intake ramp 1-1612
2026-10-08 22:38:18,532 WARN o.a.j.t.JMeterThread: Interrupting: Intake ramp 1-1612 sampler: POST /tickets
2026-10-08 22:38:18,532 INFO o.a.j.t.o.OpenModelThreadGroup: Terminating thread org.apache.jmeter.threads.JMeterThread@3c432236
2026-10-08 22:38:18,532 INFO o.a.j.t.JMeterThread: Stopping: Intake ramp 1-1231
2026-10-08 22:38:18,532 INFO o.a.j.t.JMeterThread: Thread is done: Intake ramp 1-1536
2026-10-08 22:38:18,532 WARN o.a.j.t.JMeterThread: Interrupting: Intake ramp 1-1231 sampler: POST /tickets
2026-10-08 22:38:18,532 INFO o.a.j.t.JMeterThread: Thread is done: Intake ramp 1-1363
2026-10-08 22:38:18,532 INFO o.a.j.t.JMeterThread: Thread is done: Intake ramp 1-1297
2026-10-08 22:38:18,532 INFO o.a.j.t.JMeterThread: Thread finished: Intake ramp 1-1536
2026-10-08 22:38:18,532 INFO o.a.j.t.o.OpenModelThreadGroup: Terminating thread org.apache.jmeter.threads.JMeterThread@2518736e
2026-10-08 22:38:18,532 INFO o.a.j.t.JMeterThread: Thread finished: Intake ramp 1-1363
2026-10-08 22:38:18,532 INFO o.a.j.t.JMeterThread: Thread finished: Intake ramp 1-1297
2026-10-08 22:38:18,532 INFO o.a.j.t.JMeterThread: Stopping: Intake ramp 1-1375
2026-10-08 22:38:18,532 INFO o.a.j.t.JMeterThread: Thread is done: Intake ramp 1-1420
2026-10-08 22:38:18,532 INFO o.a.j.t.JMeterThread: Thread finished: Intake ramp 1-1420
2026-10-08 22:38:18,532 WARN o.a.j.t.JMeterThread: Interrupting: Intake ramp 1-1375 sampler: POST /tickets
2026-10-08 22:38:18,532 INFO o.a.j.t.JMeterThread: Thread is done: Intake ramp 1-1613
2026-10-08 22:38:18,532 INFO o.a.j.t.JMeterThread: Thread finished: Intake ramp 1-1613
2026-10-08 22:38:18,532 INFO o.a.j.t.JMeterThread: Thread is done: Intake ramp 1-1612
2026-10-08 22:38:18,532 INFO o.a.j.t.JMeterThread: Thread finished: Intake ramp 1-1612
2026-10-08 22:38:18,532 INFO o.a.j.t.o.OpenModelThreadGroup: Terminating thread org.apache.jmeter.threads.JMeterThread@3b6cb116
2026-10-08 22:38:18,532 INFO o.a.j.t.JMeterThread: Stopping: Intake ramp 1-1418
2026-10-08 22:38:18,532 WARN o.a.j.t.JMeterThread: Interrupting: Intake ramp 1-1418 sampler: POST /tickets
2026-10-08 22:38:18,532 INFO o.a.j.t.JMeterThread: Thread is done: Intake ramp 1-1231
2026-10-08 22:38:18,532 INFO o.a.j.t.JMeterThread: Thread finished: Intake ramp 1-1231
2026-10-08 22:38:18,532 INFO o.a.j.t.o.OpenModelThreadGroup: Terminating thread org.apache.jmeter.threads.JMeterThread@3f761d0c
2026-10-08 22:38:18,532 INFO o.a.j.t.JMeterThread: Stopping: Intake ramp 1-1524
2026-10-08 22:38:18,532 WARN o.a.j.t.JMeterThread: Interrupting: Intake ramp 1-1524 sampler: POST /tickets
2026-10-08 22:38:18,532 INFO o.a.j.t.JMeterThread: Thread is done: Intake ramp 1-1375
2026-10-08 22:38:18,532 INFO o.a.j.t.JMeterThread: Thread finished: Intake ramp 1-1375
2026-10-08 22:38:18,532 INFO o.a.j.t.JMeterThread: Thread is done: Intake ramp 1-1418
2026-10-08 22:38:18,532 INFO o.a.j.t.JMeterThread: Thread finished: Intake ramp 1-1418
2026-10-08 22:38:18,532 INFO o.a.j.t.o.OpenModelThreadGroup: Terminating thread org.apache.jmeter.threads.JMeterThread@6a7e1803
2026-10-08 22:38:18,532 INFO o.a.j.t.JMeterThread: Stopping: Intake ramp 1-1577
2026-10-08 22:38:18,532 WARN o.a.j.t.JMeterThread: Interrupting: Intake ramp 1-1577 sampler: POST /tickets
2026-10-08 22:38:18,532 INFO o.a.j.t.o.OpenModelThreadGroup: Terminating thread org.apache.jmeter.threads.JMeterThread@7bb3c932
2026-10-08 22:38:18,532 INFO o.a.j.t.JMeterThread: Stopping: Intake ramp 1-1485
2026-10-08 22:38:18,532 WARN o.a.j.t.JMeterThread: Interrupting: Intake ramp 1-1485 sampler: POST /tickets
2026-10-08 22:38:18,532 INFO o.a.j.t.o.OpenModelThreadGroup: Terminating thread org.apache.jmeter.threads.JMeterThread@2c174694
2026-10-08 22:38:18,532 INFO o.a.j.t.JMeterThread: Stopping: Intake ramp 1-1521
2026-10-08 22:38:18,532 WARN o.a.j.t.JMeterThread: Interrupting: Intake ramp 1-1521 sampler: POST /tickets
2026-10-08 22:38:18,532 INFO o.a.j.t.JMeterThread: Thread is done: Intake ramp 1-1524
2026-10-08 22:38:18,532 INFO o.a.j.t.o.OpenModelThreadGroup: Terminating thread org.apache.jmeter.threads.JMeterThread@2cceaa4b
2026-10-08 22:38:18,532 INFO o.a.j.t.JMeterThread: Stopping: Intake ramp 1-1477
2026-10-08 22:38:18,532 INFO o.a.j.t.JMeterThread: Thread finished: Intake ramp 1-1524
2026-10-08 22:38:18,532 WARN o.a.j.t.JMeterThread: Interrupting: Intake ramp 1-1477 sampler: POST /tickets
2026-10-08 22:38:18,533 INFO o.a.j.t.o.OpenModelThreadGroup: Terminating thread org.apache.jmeter.threads.JMeterThread@3ca694c
2026-10-08 22:38:18,533 INFO o.a.j.t.JMeterThread: Stopping: Intake ramp 1-1531
2026-10-08 22:38:18,533 WARN o.a.j.t.JMeterThread: Interrupting: Intake ramp 1-1531 sampler: POST /tickets
2026-10-08 22:38:18,533 INFO o.a.j.t.o.OpenModelThreadGroup: Terminating thread org.apache.jmeter.threads.JMeterThread@30f04e78
2026-10-08 22:38:18,533 INFO o.a.j.t.JMeterThread: Thread is done: Intake ramp 1-1485
2026-10-08 22:38:18,533 INFO o.a.j.t.JMeterThread: Stopping: Intake ramp 1-1544
2026-10-08 22:38:18,533 WARN o.a.j.t.JMeterThread: Interrupting: Intake ramp 1-1544 sampler: POST /tickets
2026-10-08 22:38:18,533 INFO o.a.j.t.JMeterThread: Thread is done: Intake ramp 1-1577
2026-10-08 22:38:18,533 INFO o.a.j.t.JMeterThread: Thread finished: Intake ramp 1-1577
2026-10-08 22:38:18,533 INFO o.a.j.t.JMeterThread: Thread finished: Intake ramp 1-1485
2026-10-08 22:38:18,533 INFO o.a.j.t.o.OpenModelThreadGroup: Terminating thread org.apache.jmeter.threads.JMeterThread@2c25d2ac
2026-10-08 22:38:18,533 INFO o.a.j.t.JMeterThread: Thread is done: Intake ramp 1-1521
2026-10-08 22:38:18,533 INFO o.a.j.t.JMeterThread: Stopping: Intake ramp 1-1174
2026-10-08 22:38:18,533 INFO o.a.j.t.JMeterThread: Thread finished: Intake ramp 1-1521
2026-10-08 22:38:18,533 WARN o.a.j.t.JMeterThread: Interrupting: Intake ramp 1-1174 sampler: POST /tickets
2026-10-08 22:38:18,533 INFO o.a.j.t.JMeterThread: Thread is done: Intake ramp 1-1477
2026-10-08 22:38:18,533 INFO o.a.j.t.JMeterThread: Thread finished: Intake ramp 1-1477
2026-10-08 22:38:18,533 INFO o.a.j.t.JMeterThread: Thread is done: Intake ramp 1-1531
2026-10-08 22:38:18,533 INFO o.a.j.t.JMeterThread: Thread finished: Intake ramp 1-1531
2026-10-08 22:38:18,533 INFO o.a.j.t.o.OpenModelThreadGroup: Terminating thread org.apache.jmeter.threads.JMeterThread@6d809b0a
2026-10-08 22:38:18,533 INFO o.a.j.t.JMeterThread: Stopping: Intake ramp 1-1446
2026-10-08 22:38:18,533 WARN o.a.j.t.JMeterThread: Interrupting: Intake ramp 1-1446 sampler: POST /tickets
2026-10-08 22:38:18,533 INFO o.a.j.t.o.OpenModelThreadGroup: Terminating thread org.apache.jmeter.threads.JMeterThread@3d9b9f10
2026-10-08 22:38:18,533 INFO o.a.j.t.JMeterThread: Stopping: Intake ramp 1-1233
2026-10-08 22:38:18,533 WARN o.a.j.t.JMeterThread: Interrupting: Intake ramp 1-1233 sampler: POST /tickets
2026-10-08 22:38:18,533 INFO o.a.j.t.JMeterThread: Thread is done: Intake ramp 1-1544
2026-10-08 22:38:18,533 INFO o.a.j.t.JMeterThread: Thread finished: Intake ramp 1-1544
2026-10-08 22:38:18,533 INFO o.a.j.t.JMeterThread: Thread is done: Intake ramp 1-1174
2026-10-08 22:38:18,533 INFO o.a.j.t.JMeterThread: Thread finished: Intake ramp 1-1174
2026-10-08 22:38:18,533 INFO o.a.j.t.o.OpenModelThreadGroup: Terminating thread org.apache.jmeter.threads.JMeterThread@447992e9
2026-10-08 22:38:18,533 INFO o.a.j.t.JMeterThread: Stopping: Intake ramp 1-1313
2026-10-08 22:38:18,533 WARN o.a.j.t.JMeterThread: Interrupting: Intake ramp 1-1313 sampler: POST /tickets
2026-10-08 22:38:18,533 INFO o.a.j.t.o.OpenModelThreadGroup: Terminating thread org.apache.jmeter.threads.JMeterThread@74b54a26
2026-10-08 22:38:18,533 INFO o.a.j.t.JMeterThread: Stopping: Intake ramp 1-1144
2026-10-08 22:38:18,533 WARN o.a.j.t.JMeterThread: Interrupting: Intake ramp 1-1144 sampler: POST /tickets
2026-10-08 22:38:18,533 INFO o.a.j.t.o.OpenModelThreadGroup: Terminating thread org.apache.jmeter.threads.JMeterThread@699c0f05
2026-10-08 22:38:18,533 INFO o.a.j.t.JMeterThread: Stopping: Intake ramp 1-1268
2026-10-08 22:38:18,533 WARN o.a.j.t.JMeterThread: Interrupting: Intake ramp 1-1268 sampler: POST /tickets
2026-10-08 22:38:18,533 INFO o.a.j.t.o.OpenModelThreadGroup: Terminating thread org.apache.jmeter.threads.JMeterThread@730e3592
2026-10-08 22:38:18,533 INFO o.a.j.t.JMeterThread: Stopping: Intake ramp 1-1337
2026-10-08 22:38:18,533 WARN o.a.j.t.JMeterThread: Interrupting: Intake ramp 1-1337 sampler: POST /tickets
2026-10-08 22:38:18,533 INFO o.a.j.t.o.OpenModelThreadGroup: Terminating thread org.apache.jmeter.threads.JMeterThread@670871aa
2026-10-08 22:38:18,533 INFO o.a.j.t.JMeterThread: Stopping: Intake ramp 1-1599
2026-10-08 22:38:18,533 WARN o.a.j.t.JMeterThread: Interrupting: Intake ramp 1-1599 sampler: POST /tickets
2026-10-08 22:38:18,533 INFO o.a.j.t.o.OpenModelThreadGroup: Terminating thread org.apache.jmeter.threads.JMeterThread@1b23dd80
2026-10-08 22:38:18,533 INFO o.a.j.t.JMeterThread: Stopping: Intake ramp 1-1323
2026-10-08 22:38:18,533 WARN o.a.j.t.JMeterThread: Interrupting: Intake ramp 1-1323 sampler: POST /tickets
2026-10-08 22:38:18,533 INFO o.a.j.t.o.OpenModelThreadGroup: Terminating thread org.apache.jmeter.threads.JMeterThread@1e7854db
2026-10-08 22:38:18,533 INFO o.a.j.t.JMeterThread: Stopping: Intake ramp 1-1478
2026-10-08 22:38:18,533 WARN o.a.j.t.JMeterThread: Interrupting: Intake ramp 1-1478 sampler: POST /tickets
2026-10-08 22:38:18,533 INFO o.a.j.t.o.OpenModelThreadGroup: Terminating thread org.apache.jmeter.threads.JMeterThread@6035b291
2026-10-08 22:38:18,533 INFO o.a.j.t.JMeterThread: Stopping: Intake ramp 1-1311
2026-10-08 22:38:18,533 WARN o.a.j.t.JMeterThread: Interrupting: Intake ramp 1-1311 sampler: POST /tickets
2026-10-08 22:38:18,533 INFO o.a.j.t.o.OpenModelThreadGroup: Terminating thread org.apache.jmeter.threads.JMeterThread@3f43c1e9
2026-10-08 22:38:18,533 INFO o.a.j.t.JMeterThread: Stopping: Intake ramp 1-1404
2026-10-08 22:38:18,533 INFO o.a.j.t.JMeterThread: Thread is done: Intake ramp 1-1233
2026-10-08 22:38:18,534 INFO o.a.j.t.JMeterThread: Thread finished: Intake ramp 1-1233
2026-10-08 22:38:18,533 WARN o.a.j.t.JMeterThread: Interrupting: Intake ramp 1-1404 sampler: POST /tickets
2026-10-08 22:38:18,534 INFO o.a.j.t.JMeterThread: Thread is done: Intake ramp 1-1446
2026-10-08 22:38:18,534 INFO o.a.j.t.JMeterThread: Thread finished: Intake ramp 1-1446
2026-10-08 22:38:18,534 INFO o.a.j.t.JMeterThread: Thread is done: Intake ramp 1-1313
2026-10-08 22:38:18,534 INFO o.a.j.t.JMeterThread: Thread finished: Intake ramp 1-1313
2026-10-08 22:38:18,534 INFO o.a.j.t.o.OpenModelThreadGroup: Terminating thread org.apache.jmeter.threads.JMeterThread@54908a3b
2026-10-08 22:38:18,534 INFO o.a.j.t.JMeterThread: Stopping: Intake ramp 1-1408
2026-10-08 22:38:18,534 WARN o.a.j.t.JMeterThread: Interrupting: Intake ramp 1-1408 sampler: POST /tickets
2026-10-08 22:38:18,534 INFO o.a.j.t.JMeterThread: Thread is done: Intake ramp 1-1268
2026-10-08 22:38:18,534 INFO o.a.j.t.o.OpenModelThreadGroup: Terminating thread org.apache.jmeter.threads.JMeterThread@350b37a0
2026-10-08 22:38:18,534 INFO o.a.j.t.JMeterThread: Thread is done: Intake ramp 1-1144
2026-10-08 22:38:18,534 INFO o.a.j.t.JMeterThread: Thread finished: Intake ramp 1-1268
2026-10-08 22:38:18,534 INFO o.a.j.t.JMeterThread: Stopping: Intake ramp 1-1436
2026-10-08 22:38:18,534 INFO o.a.j.t.JMeterThread: Thread finished: Intake ramp 1-1144
2026-10-08 22:38:18,534 WARN o.a.j.t.JMeterThread: Interrupting: Intake ramp 1-1436 sampler: POST /tickets
2026-10-08 22:38:18,534 INFO o.a.j.t.JMeterThread: Thread is done: Intake ramp 1-1599
2026-10-08 22:38:18,534 INFO o.a.j.t.JMeterThread: Thread finished: Intake ramp 1-1599
2026-10-08 22:38:18,534 INFO o.a.j.t.JMeterThread: Thread is done: Intake ramp 1-1337
2026-10-08 22:38:18,534 INFO o.a.j.t.JMeterThread: Thread is done: Intake ramp 1-1311
2026-10-08 22:38:18,534 INFO o.a.j.t.JMeterThread: Thread finished: Intake ramp 1-1337
2026-10-08 22:38:18,534 INFO o.a.j.t.JMeterThread: Thread is done: Intake ramp 1-1323
2026-10-08 22:38:18,534 INFO o.a.j.t.JMeterThread: Thread finished: Intake ramp 1-1311
2026-10-08 22:38:18,534 INFO o.a.j.t.JMeterThread: Thread is done: Intake ramp 1-1404
2026-10-08 22:38:18,534 INFO o.a.j.t.JMeterThread: Thread is done: Intake ramp 1-1478
2026-10-08 22:38:18,534 INFO o.a.j.t.JMeterThread: Thread finished: Intake ramp 1-1404
2026-10-08 22:38:18,534 INFO o.a.j.t.JMeterThread: Thread finished: Intake ramp 1-1478
2026-10-08 22:38:18,534 INFO o.a.j.t.o.OpenModelThreadGroup: Terminating thread org.apache.jmeter.threads.JMeterThread@62e2344e
2026-10-08 22:38:18,534 INFO o.a.j.t.JMeterThread: Stopping: Intake ramp 1-1353
2026-10-08 22:38:18,534 WARN o.a.j.t.JMeterThread: Interrupting: Intake ramp 1-1353 sampler: POST /tickets
2026-10-08 22:38:18,534 INFO o.a.j.t.JMeterThread: Thread finished: Intake ramp 1-1323
2026-10-08 22:38:18,534 INFO o.a.j.t.JMeterThread: Thread is done: Intake ramp 1-1408
2026-10-08 22:38:18,534 INFO o.a.j.t.o.OpenModelThreadGroup: Terminating thread org.apache.jmeter.threads.JMeterThread@22ee2c42
2026-10-08 22:38:18,534 INFO o.a.j.t.JMeterThread: Thread finished: Intake ramp 1-1408
2026-10-08 22:38:18,534 INFO o.a.j.t.JMeterThread: Stopping: Intake ramp 1-1457
2026-10-08 22:38:18,534 WARN o.a.j.t.JMeterThread: Interrupting: Intake ramp 1-1457 sampler: POST /tickets
2026-10-08 22:38:18,534 INFO o.a.j.t.o.OpenModelThreadGroup: Terminating thread org.apache.jmeter.threads.JMeterThread@3f419def
2026-10-08 22:38:18,534 INFO o.a.j.t.JMeterThread: Thread is done: Intake ramp 1-1436
2026-10-08 22:38:18,534 INFO o.a.j.t.JMeterThread: Stopping: Intake ramp 1-1169
2026-10-08 22:38:18,534 INFO o.a.j.t.JMeterThread: Thread finished: Intake ramp 1-1436
2026-10-08 22:38:18,534 WARN o.a.j.t.JMeterThread: Interrupting: Intake ramp 1-1169 sampler: POST /tickets
2026-10-08 22:38:18,535 INFO o.a.j.t.o.OpenModelThreadGroup: Terminating thread org.apache.jmeter.threads.JMeterThread@5fe59557
2026-10-08 22:38:18,535 INFO o.a.j.t.JMeterThread: Thread is done: Intake ramp 1-1353
2026-10-08 22:38:18,535 INFO o.a.j.t.JMeterThread: Stopping: Intake ramp 1-1518
2026-10-08 22:38:18,535 INFO o.a.j.t.JMeterThread: Thread finished: Intake ramp 1-1353
2026-10-08 22:38:18,535 WARN o.a.j.t.JMeterThread: Interrupting: Intake ramp 1-1518 sampler: POST /tickets
2026-10-08 22:38:18,535 INFO o.a.j.t.JMeterThread: Thread is done: Intake ramp 1-1457
2026-10-08 22:38:18,535 INFO o.a.j.t.JMeterThread: Thread finished: Intake ramp 1-1457
2026-10-08 22:38:18,535 INFO o.a.j.t.o.OpenModelThreadGroup: Terminating thread org.apache.jmeter.threads.JMeterThread@46b1e004
2026-10-08 22:38:18,535 INFO o.a.j.t.JMeterThread: Stopping: Intake ramp 1-1146
2026-10-08 22:38:18,535 WARN o.a.j.t.JMeterThread: Interrupting: Intake ramp 1-1146 sampler: POST /tickets
2026-10-08 22:38:18,535 INFO o.a.j.t.o.OpenModelThreadGroup: Terminating thread org.apache.jmeter.threads.JMeterThread@1ae21455
2026-10-08 22:38:18,535 INFO o.a.j.t.JMeterThread: Stopping: Intake ramp 1-1396
2026-10-08 22:38:18,535 WARN o.a.j.t.JMeterThread: Interrupting: Intake ramp 1-1396 sampler: POST /tickets
2026-10-08 22:38:18,535 INFO o.a.j.t.o.OpenModelThreadGroup: Terminating thread org.apache.jmeter.threads.JMeterThread@1d53a3eb
2026-10-08 22:38:18,535 INFO o.a.j.t.JMeterThread: Stopping: Intake ramp 1-1196
2026-10-08 22:38:18,535 WARN o.a.j.t.JMeterThread: Interrupting: Intake ramp 1-1196 sampler: POST /tickets
2026-10-08 22:38:18,535 INFO o.a.j.t.o.OpenModelThreadGroup: Terminating thread org.apache.jmeter.threads.JMeterThread@6de3775f
2026-10-08 22:38:18,535 INFO o.a.j.t.JMeterThread: Stopping: Intake ramp 1-1566
2026-10-08 22:38:18,535 WARN o.a.j.t.JMeterThread: Interrupting: Intake ramp 1-1566 sampler: POST /tickets
2026-10-08 22:38:18,535 INFO o.a.j.t.o.OpenModelThreadGroup: Terminating thread org.apache.jmeter.threads.JMeterThread@36827440
2026-10-08 22:38:18,535 INFO o.a.j.t.JMeterThread: Stopping: Intake ramp 1-1157
2026-10-08 22:38:18,535 WARN o.a.j.t.JMeterThread: Interrupting: Intake ramp 1-1157 sampler: POST /tickets
2026-10-08 22:38:18,535 INFO o.a.j.t.o.OpenModelThreadGroup: Terminating thread org.apache.jmeter.threads.JMeterThread@49a13b65
2026-10-08 22:38:18,535 INFO o.a.j.t.JMeterThread: Stopping: Intake ramp 1-1264
2026-10-08 22:38:18,535 WARN o.a.j.t.JMeterThread: Interrupting: Intake ramp 1-1264 sampler: POST /tickets
2026-10-08 22:38:18,535 INFO o.a.j.t.o.OpenModelThreadGroup: Terminating thread org.apache.jmeter.threads.JMeterThread@615fff98
2026-10-08 22:38:18,535 INFO o.a.j.t.JMeterThread: Stopping: Intake ramp 1-1555
2026-10-08 22:38:18,535 WARN o.a.j.t.JMeterThread: Interrupting: Intake ramp 1-1555 sampler: POST /tickets
2026-10-08 22:38:18,535 INFO o.a.j.t.o.OpenModelThreadGroup: Terminating thread org.apache.jmeter.threads.JMeterThread@3586834f
2026-10-08 22:38:18,535 INFO o.a.j.t.JMeterThread: Stopping: Intake ramp 1-1227
2026-10-08 22:38:18,535 WARN o.a.j.t.JMeterThread: Interrupting: Intake ramp 1-1227 sampler: POST /tickets
2026-10-08 22:38:18,535 INFO o.a.j.t.o.OpenModelThreadGroup: Terminating thread org.apache.jmeter.threads.JMeterThread@3d969b5f
2026-10-08 22:38:18,535 INFO o.a.j.t.JMeterThread: Stopping: Intake ramp 1-1590
2026-10-08 22:38:18,535 WARN o.a.j.t.JMeterThread: Interrupting: Intake ramp 1-1590 sampler: POST /tickets
2026-10-08 22:38:18,535 INFO o.a.j.t.o.OpenModelThreadGroup: Terminating thread org.apache.jmeter.threads.JMeterThread@1877aabc
2026-10-08 22:38:18,535 INFO o.a.j.t.JMeterThread: Stopping: Intake ramp 1-1182
2026-10-08 22:38:18,535 INFO o.a.j.t.JMeterThread: Thread is done: Intake ramp 1-1169
2026-10-08 22:38:18,535 WARN o.a.j.t.JMeterThread: Interrupting: Intake ramp 1-1182 sampler: POST /tickets
2026-10-08 22:38:18,535 INFO o.a.j.t.JMeterThread: Thread finished: Intake ramp 1-1169
2026-10-08 22:38:18,535 INFO o.a.j.t.o.OpenModelThreadGroup: Terminating thread org.apache.jmeter.threads.JMeterThread@1b05b7d
2026-10-08 22:38:18,535 INFO o.a.j.t.JMeterThread: Stopping: Intake ramp 1-1435
2026-10-08 22:38:18,535 INFO o.a.j.t.JMeterThread: Thread is done: Intake ramp 1-1518
2026-10-08 22:38:18,535 INFO o.a.j.t.JMeterThread: Thread finished: Intake ramp 1-1518
2026-10-08 22:38:18,535 WARN o.a.j.t.JMeterThread: Interrupting: Intake ramp 1-1435 sampler: POST /tickets
2026-10-08 22:38:18,535 INFO o.a.j.t.JMeterThread: Thread is done: Intake ramp 1-1146
2026-10-08 22:38:18,535 INFO o.a.j.t.JMeterThread: Thread finished: Intake ramp 1-1146
2026-10-08 22:38:18,535 INFO o.a.j.t.o.OpenModelThreadGroup: Terminating thread org.apache.jmeter.threads.JMeterThread@5f2ee5fe
2026-10-08 22:38:18,535 INFO o.a.j.t.JMeterThread: Thread is done: Intake ramp 1-1396
2026-10-08 22:38:18,535 INFO o.a.j.t.JMeterThread: Stopping: Intake ramp 1-1316
2026-10-08 22:38:18,535 INFO o.a.j.t.JMeterThread: Thread is done: Intake ramp 1-1196
2026-10-08 22:38:18,535 INFO o.a.j.t.JMeterThread: Thread finished: Intake ramp 1-1396
2026-10-08 22:38:18,535 WARN o.a.j.t.JMeterThread: Interrupting: Intake ramp 1-1316 sampler: POST /tickets
2026-10-08 22:38:18,535 INFO o.a.j.t.JMeterThread: Thread is done: Intake ramp 1-1566
2026-10-08 22:38:18,535 INFO o.a.j.t.JMeterThread: Thread is done: Intake ramp 1-1264
2026-10-08 22:38:18,535 INFO o.a.j.t.JMeterThread: Thread finished: Intake ramp 1-1196
2026-10-08 22:38:18,535 INFO o.a.j.t.JMeterThread: Thread finished: Intake ramp 1-1264
2026-10-08 22:38:18,535 INFO o.a.j.t.JMeterThread: Thread finished: Intake ramp 1-1566
2026-10-08 22:38:18,535 INFO o.a.j.t.JMeterThread: Thread is done: Intake ramp 1-1157
2026-10-08 22:38:18,535 INFO o.a.j.t.JMeterThread: Thread finished: Intake ramp 1-1157
2026-10-08 22:38:18,535 INFO o.a.j.t.o.OpenModelThreadGroup: Terminating thread org.apache.jmeter.threads.JMeterThread@455b738b
2026-10-08 22:38:18,536 INFO o.a.j.t.JMeterThread: Thread is done: Intake ramp 1-1590
2026-10-08 22:38:18,536 INFO o.a.j.t.JMeterThread: Stopping: Intake ramp 1-1573
2026-10-08 22:38:18,536 INFO o.a.j.t.JMeterThread: Thread finished: Intake ramp 1-1590
2026-10-08 22:38:18,536 WARN o.a.j.t.JMeterThread: Interrupting: Intake ramp 1-1573 sampler: POST /tickets
2026-10-08 22:38:18,536 INFO o.a.j.t.JMeterThread: Thread is done: Intake ramp 1-1555
2026-10-08 22:38:18,536 INFO o.a.j.t.JMeterThread: Thread finished: Intake ramp 1-1555
2026-10-08 22:38:18,536 INFO o.a.j.t.JMeterThread: Thread is done: Intake ramp 1-1227
2026-10-08 22:38:18,536 INFO o.a.j.t.JMeterThread: Thread finished: Intake ramp 1-1227
2026-10-08 22:38:18,536 INFO o.a.j.t.o.OpenModelThreadGroup: Terminating thread org.apache.jmeter.threads.JMeterThread@2b4b919a
2026-10-08 22:38:18,536 INFO o.a.j.t.JMeterThread: Stopping: Intake ramp 1-1253
2026-10-08 22:38:18,536 WARN o.a.j.t.JMeterThread: Interrupting: Intake ramp 1-1253 sampler: POST /tickets
2026-10-08 22:38:18,536 INFO o.a.j.t.JMeterThread: Thread is done: Intake ramp 1-1182
2026-10-08 22:38:18,536 INFO o.a.j.t.JMeterThread: Thread is done: Intake ramp 1-1435
2026-10-08 22:38:18,536 INFO o.a.j.t.JMeterThread: Thread finished: Intake ramp 1-1182
2026-10-08 22:38:18,536 INFO o.a.j.t.JMeterThread: Thread finished: Intake ramp 1-1435
2026-10-08 22:38:18,536 INFO o.a.j.t.o.OpenModelThreadGroup: Terminating thread org.apache.jmeter.threads.JMeterThread@2feebd3f
2026-10-08 22:38:18,536 INFO o.a.j.t.JMeterThread: Stopping: Intake ramp 1-1609
2026-10-08 22:38:18,536 WARN o.a.j.t.JMeterThread: Interrupting: Intake ramp 1-1609 sampler: POST /tickets
2026-10-08 22:38:18,536 INFO o.a.j.t.JMeterThread: Thread is done: Intake ramp 1-1316
2026-10-08 22:38:18,536 INFO o.a.j.t.JMeterThread: Thread finished: Intake ramp 1-1316
2026-10-08 22:38:18,536 INFO o.a.j.t.o.OpenModelThreadGroup: Terminating thread org.apache.jmeter.threads.JMeterThread@73c4b517
2026-10-08 22:38:18,536 INFO o.a.j.t.JMeterThread: Stopping: Intake ramp 1-1162
2026-10-08 22:38:18,536 WARN o.a.j.t.JMeterThread: Interrupting: Intake ramp 1-1162 sampler: POST /tickets
2026-10-08 22:38:18,536 INFO o.a.j.t.o.OpenModelThreadGroup: Terminating thread org.apache.jmeter.threads.JMeterThread@2d89fb5a
2026-10-08 22:38:18,536 INFO o.a.j.t.JMeterThread: Stopping: Intake ramp 1-1300
2026-10-08 22:38:18,536 WARN o.a.j.t.JMeterThread: Interrupting: Intake ramp 1-1300 sampler: POST /tickets
2026-10-08 22:38:18,536 INFO o.a.j.t.o.OpenModelThreadGroup: Terminating thread org.apache.jmeter.threads.JMeterThread@2c43ae9a
2026-10-08 22:38:18,536 INFO o.a.j.t.JMeterThread: Stopping: Intake ramp 1-1417
2026-10-08 22:38:18,536 WARN o.a.j.t.JMeterThread: Interrupting: Intake ramp 1-1417 sampler: POST /tickets
2026-10-08 22:38:18,536 INFO o.a.j.t.JMeterThread: Thread is done: Intake ramp 1-1253
2026-10-08 22:38:18,536 INFO o.a.j.t.JMeterThread: Thread finished: Intake ramp 1-1253
2026-10-08 22:38:18,536 INFO o.a.j.t.o.OpenModelThreadGroup: Terminating thread org.apache.jmeter.threads.JMeterThread@5b4c9d97
2026-10-08 22:38:18,536 INFO o.a.j.t.JMeterThread: Thread is done: Intake ramp 1-1573
2026-10-08 22:38:18,536 INFO o.a.j.t.JMeterThread: Stopping: Intake ramp 1-1359
2026-10-08 22:38:18,536 INFO o.a.j.t.JMeterThread: Thread finished: Intake ramp 1-1573
2026-10-08 22:38:18,536 WARN o.a.j.t.JMeterThread: Interrupting: Intake ramp 1-1359 sampler: POST /tickets
2026-10-08 22:38:18,536 INFO o.a.j.t.JMeterThread: Thread is done: Intake ramp 1-1609
2026-10-08 22:38:18,536 INFO o.a.j.t.JMeterThread: Thread finished: Intake ramp 1-1609
2026-10-08 22:38:18,536 INFO o.a.j.t.o.OpenModelThreadGroup: Terminating thread org.apache.jmeter.threads.JMeterThread@50fdaa19
2026-10-08 22:38:18,536 INFO o.a.j.t.JMeterThread: Stopping: Intake ramp 1-1580
2026-10-08 22:38:18,536 WARN o.a.j.t.JMeterThread: Interrupting: Intake ramp 1-1580 sampler: POST /tickets
2026-10-08 22:38:18,536 INFO o.a.j.t.o.OpenModelThreadGroup: Terminating thread org.apache.jmeter.threads.JMeterThread@200032e5
2026-10-08 22:38:18,536 INFO o.a.j.t.JMeterThread: Stopping: Intake ramp 1-1357
2026-10-08 22:38:18,536 WARN o.a.j.t.JMeterThread: Interrupting: Intake ramp 1-1357 sampler: POST /tickets
2026-10-08 22:38:18,536 INFO o.a.j.t.JMeterThread: Thread is done: Intake ramp 1-1162
2026-10-08 22:38:18,536 INFO o.a.j.t.JMeterThread: Thread finished: Intake ramp 1-1162
2026-10-08 22:38:18,536 INFO o.a.j.t.JMeterThread: Thread is done: Intake ramp 1-1300
2026-10-08 22:38:18,536 INFO o.a.j.t.JMeterThread: Thread finished: Intake ramp 1-1300
2026-10-08 22:38:18,536 INFO o.a.j.t.o.OpenModelThreadGroup: Terminating thread org.apache.jmeter.threads.JMeterThread@265cacba
2026-10-08 22:38:18,536 INFO o.a.j.t.JMeterThread: Stopping: Intake ramp 1-1195
2026-10-08 22:38:18,536 WARN o.a.j.t.JMeterThread: Interrupting: Intake ramp 1-1195 sampler: POST /tickets
2026-10-08 22:38:18,536 INFO o.a.j.t.o.OpenModelThreadGroup: Terminating thread org.apache.jmeter.threads.JMeterThread@1e08f8e3
2026-10-08 22:38:18,536 INFO o.a.j.t.JMeterThread: Stopping: Intake ramp 1-1206
2026-10-08 22:38:18,536 WARN o.a.j.t.JMeterThread: Interrupting: Intake ramp 1-1206 sampler: POST /tickets
2026-10-08 22:38:18,536 INFO o.a.j.t.JMeterThread: Thread is done: Intake ramp 1-1417
2026-10-08 22:38:18,537 INFO o.a.j.t.JMeterThread: Thread finished: Intake ramp 1-1417
2026-10-08 22:38:18,537 INFO o.a.j.t.o.OpenModelThreadGroup: Terminating thread org.apache.jmeter.threads.JMeterThread@16d4403f
2026-10-08 22:38:18,537 INFO o.a.j.t.JMeterThread: Stopping: Intake ramp 1-1598
2026-10-08 22:38:18,537 WARN o.a.j.t.JMeterThread: Interrupting: Intake ramp 1-1598 sampler: POST /tickets
2026-10-08 22:38:18,537 INFO o.a.j.t.o.OpenModelThreadGroup: Terminating thread org.apache.jmeter.threads.JMeterThread@1a3994ca
2026-10-08 22:38:18,537 INFO o.a.j.t.JMeterThread: Stopping: Intake ramp 1-1397
2026-10-08 22:38:18,537 WARN o.a.j.t.JMeterThread: Interrupting: Intake ramp 1-1397 sampler: POST /tickets
2026-10-08 22:38:18,537 INFO o.a.j.t.o.OpenModelThreadGroup: Terminating thread org.apache.jmeter.threads.JMeterThread@392f13d5
2026-10-08 22:38:18,537 INFO o.a.j.t.JMeterThread: Stopping: Intake ramp 1-1171
2026-10-08 22:38:18,537 WARN o.a.j.t.JMeterThread: Interrupting: Intake ramp 1-1171 sampler: POST /tickets
2026-10-08 22:38:18,537 INFO o.a.j.t.JMeterThread: Thread is done: Intake ramp 1-1359
2026-10-08 22:38:18,537 INFO o.a.j.t.o.OpenModelThreadGroup: Terminating thread org.apache.jmeter.threads.JMeterThread@3894866e
2026-10-08 22:38:18,537 INFO o.a.j.t.JMeterThread: Thread finished: Intake ramp 1-1359
2026-10-08 22:38:18,537 INFO o.a.j.t.JMeterThread: Stopping: Intake ramp 1-1439
2026-10-08 22:38:18,537 WARN o.a.j.t.JMeterThread: Interrupting: Intake ramp 1-1439 sampler: POST /tickets
2026-10-08 22:38:18,537 INFO o.a.j.t.o.OpenModelThreadGroup: Terminating thread org.apache.jmeter.threads.JMeterThread@652bd3d0
2026-10-08 22:38:18,537 INFO o.a.j.t.JMeterThread: Stopping: Intake ramp 1-1442
2026-10-08 22:38:18,537 WARN o.a.j.t.JMeterThread: Interrupting: Intake ramp 1-1442 sampler: POST /tickets
2026-10-08 22:38:18,537 INFO o.a.j.t.JMeterThread: Thread is done: Intake ramp 1-1580
2026-10-08 22:38:18,537 INFO o.a.j.t.JMeterThread: Thread finished: Intake ramp 1-1580
2026-10-08 22:38:18,537 INFO o.a.j.t.o.OpenModelThreadGroup: Terminating thread org.apache.jmeter.threads.JMeterThread@63755988
2026-10-08 22:38:18,537 INFO o.a.j.t.JMeterThread: Stopping: Intake ramp 1-1339
2026-10-08 22:38:18,537 WARN o.a.j.t.JMeterThread: Interrupting: Intake ramp 1-1339 sampler: POST /tickets
2026-10-08 22:38:18,537 INFO o.a.j.t.JMeterThread: Thread is done: Intake ramp 1-1357
2026-10-08 22:38:18,537 INFO o.a.j.t.JMeterThread: Thread finished: Intake ramp 1-1357
2026-10-08 22:38:18,537 INFO o.a.j.t.o.OpenModelThreadGroup: Terminating thread org.apache.jmeter.threads.JMeterThread@5bc998c8
2026-10-08 22:38:18,537 INFO o.a.j.t.JMeterThread: Thread is done: Intake ramp 1-1206
2026-10-08 22:38:18,537 INFO o.a.j.t.JMeterThread: Stopping: Intake ramp 1-1479
2026-10-08 22:38:18,537 INFO o.a.j.t.JMeterThread: Thread finished: Intake ramp 1-1206
2026-10-08 22:38:18,537 INFO o.a.j.t.JMeterThread: Thread is done: Intake ramp 1-1195
2026-10-08 22:38:18,537 INFO o.a.j.t.JMeterThread: Thread finished: Intake ramp 1-1195
2026-10-08 22:38:18,537 WARN o.a.j.t.JMeterThread: Interrupting: Intake ramp 1-1479 sampler: POST /tickets
2026-10-08 22:38:18,537 INFO o.a.j.t.JMeterThread: Thread is done: Intake ramp 1-1598
2026-10-08 22:38:18,537 INFO o.a.j.t.JMeterThread: Thread finished: Intake ramp 1-1598
2026-10-08 22:38:18,537 INFO o.a.j.t.o.OpenModelThreadGroup: Terminating thread org.apache.jmeter.threads.JMeterThread@1a9c859e
2026-10-08 22:38:18,537 INFO o.a.j.t.JMeterThread: Thread is done: Intake ramp 1-1397
2026-10-08 22:38:18,537 INFO o.a.j.t.JMeterThread: Stopping: Intake ramp 1-1296
2026-10-08 22:38:18,537 INFO o.a.j.t.JMeterThread: Thread finished: Intake ramp 1-1397
2026-10-08 22:38:18,537 WARN o.a.j.t.JMeterThread: Interrupting: Intake ramp 1-1296 sampler: POST /tickets
2026-10-08 22:38:18,537 INFO o.a.j.t.JMeterThread: Thread is done: Intake ramp 1-1439
2026-10-08 22:38:18,537 INFO o.a.j.t.JMeterThread: Thread finished: Intake ramp 1-1439
2026-10-08 22:38:18,537 INFO o.a.j.t.JMeterThread: Thread is done: Intake ramp 1-1171
2026-10-08 22:38:18,537 INFO o.a.j.t.JMeterThread: Thread finished: Intake ramp 1-1171
2026-10-08 22:38:18,537 INFO o.a.j.t.JMeterThread: Thread is done: Intake ramp 1-1442
2026-10-08 22:38:18,537 INFO o.a.j.t.JMeterThread: Thread finished: Intake ramp 1-1442
2026-10-08 22:38:18,537 INFO o.a.j.t.o.OpenModelThreadGroup: Terminating thread org.apache.jmeter.threads.JMeterThread@3a2f4125
2026-10-08 22:38:18,537 INFO o.a.j.t.JMeterThread: Stopping: Intake ramp 1-1362
2026-10-08 22:38:18,537 WARN o.a.j.t.JMeterThread: Interrupting: Intake ramp 1-1362 sampler: POST /tickets
2026-10-08 22:38:18,537 INFO o.a.j.t.JMeterThread: Thread is done: Intake ramp 1-1339
2026-10-08 22:38:18,537 INFO o.a.j.t.JMeterThread: Thread finished: Intake ramp 1-1339
2026-10-08 22:38:18,537 INFO o.a.j.t.o.OpenModelThreadGroup: Terminating thread org.apache.jmeter.threads.JMeterThread@1f8cec81
2026-10-08 22:38:18,537 INFO o.a.j.t.JMeterThread: Stopping: Intake ramp 1-1480
2026-10-08 22:38:18,537 WARN o.a.j.t.JMeterThread: Interrupting: Intake ramp 1-1480 sampler: POST /tickets
2026-10-08 22:38:18,537 INFO o.a.j.t.JMeterThread: Thread is done: Intake ramp 1-1479
2026-10-08 22:38:18,538 INFO o.a.j.t.JMeterThread: Thread finished: Intake ramp 1-1479
2026-10-08 22:38:18,538 INFO o.a.j.t.o.OpenModelThreadGroup: Terminating thread org.apache.jmeter.threads.JMeterThread@2d80da8e
2026-10-08 22:38:18,538 INFO o.a.j.t.JMeterThread: Stopping: Intake ramp 1-1579
2026-10-08 22:38:18,538 WARN o.a.j.t.JMeterThread: Interrupting: Intake ramp 1-1579 sampler: POST /tickets
2026-10-08 22:38:18,538 INFO o.a.j.t.o.OpenModelThreadGroup: Terminating thread org.apache.jmeter.threads.JMeterThread@bdbccd4
2026-10-08 22:38:18,538 INFO o.a.j.t.JMeterThread: Stopping: Intake ramp 1-1534
2026-10-08 22:38:18,538 WARN o.a.j.t.JMeterThread: Interrupting: Intake ramp 1-1534 sampler: POST /tickets
2026-10-08 22:38:18,538 INFO o.a.j.t.JMeterThread: Thread is done: Intake ramp 1-1296
2026-10-08 22:38:18,538 INFO o.a.j.t.JMeterThread: Thread finished: Intake ramp 1-1296
2026-10-08 22:38:18,538 INFO o.a.j.t.JMeterThread: Thread is done: Intake ramp 1-1362
2026-10-08 22:38:18,538 INFO o.a.j.t.JMeterThread: Thread finished: Intake ramp 1-1362
2026-10-08 22:38:18,538 INFO o.a.j.t.o.OpenModelThreadGroup: Terminating thread org.apache.jmeter.threads.JMeterThread@2e69f166
2026-10-08 22:38:18,538 INFO o.a.j.t.JMeterThread: Stopping: Intake ramp 1-1621
2026-10-08 22:38:18,538 WARN o.a.j.t.JMeterThread: Interrupting: Intake ramp 1-1621 sampler: POST /tickets
2026-10-08 22:38:18,538 INFO o.a.j.t.o.OpenModelThreadGroup: Terminating thread org.apache.jmeter.threads.JMeterThread@44f487e4
2026-10-08 22:38:18,538 INFO o.a.j.t.JMeterThread: Stopping: Intake ramp 1-1202
2026-10-08 22:38:18,538 WARN o.a.j.t.JMeterThread: Interrupting: Intake ramp 1-1202 sampler: POST /tickets
2026-10-08 22:38:18,538 INFO o.a.j.t.o.OpenModelThreadGroup: Terminating thread org.apache.jmeter.threads.JMeterThread@41b4f0b
2026-10-08 22:38:18,538 INFO o.a.j.t.JMeterThread: Stopping: Intake ramp 1-1466
2026-10-08 22:38:18,538 INFO o.a.j.t.JMeterThread: Thread is done: Intake ramp 1-1480
2026-10-08 22:38:18,538 WARN o.a.j.t.JMeterThread: Interrupting: Intake ramp 1-1466 sampler: POST /tickets
2026-10-08 22:38:18,538 INFO o.a.j.t.JMeterThread: Thread finished: Intake ramp 1-1480
2026-10-08 22:38:18,538 INFO o.a.j.t.o.OpenModelThreadGroup: Terminating thread org.apache.jmeter.threads.JMeterThread@78bb6bac
2026-10-08 22:38:18,538 INFO o.a.j.t.JMeterThread: Stopping: Intake ramp 1-1234
2026-10-08 22:38:18,538 INFO o.a.j.t.JMeterThread: Thread is done: Intake ramp 1-1534
2026-10-08 22:38:18,538 INFO o.a.j.t.JMeterThread: Thread finished: Intake ramp 1-1534
2026-10-08 22:38:18,538 WARN o.a.j.t.JMeterThread: Interrupting: Intake ramp 1-1234 sampler: POST /tickets
2026-10-08 22:38:18,538 INFO o.a.j.t.JMeterThread: Thread is done: Intake ramp 1-1579
2026-10-08 22:38:18,538 INFO o.a.j.t.JMeterThread: Thread finished: Intake ramp 1-1579
2026-10-08 22:38:18,538 INFO o.a.j.t.JMeterThread: Thread is done: Intake ramp 1-1621
2026-10-08 22:38:18,538 INFO o.a.j.t.JMeterThread: Thread finished: Intake ramp 1-1621
2026-10-08 22:38:18,538 INFO o.a.j.t.o.OpenModelThreadGroup: Terminating thread org.apache.jmeter.threads.JMeterThread@4ae481f3
2026-10-08 22:38:18,538 INFO o.a.j.t.JMeterThread: Stopping: Intake ramp 1-1455
2026-10-08 22:38:18,538 WARN o.a.j.t.JMeterThread: Interrupting: Intake ramp 1-1455 sampler: POST /tickets
2026-10-08 22:38:18,538 INFO o.a.j.t.JMeterThread: Thread is done: Intake ramp 1-1202
2026-10-08 22:38:18,538 INFO o.a.j.t.JMeterThread: Thread finished: Intake ramp 1-1202
2026-10-08 22:38:18,538 INFO o.a.j.t.o.OpenModelThreadGroup: Terminating thread org.apache.jmeter.threads.JMeterThread@405db74a
2026-10-08 22:38:18,538 INFO o.a.j.t.JMeterThread: Stopping: Intake ramp 1-1462
2026-10-08 22:38:18,538 WARN o.a.j.t.JMeterThread: Interrupting: Intake ramp 1-1462 sampler: POST /tickets
2026-10-08 22:38:18,538 INFO o.a.j.t.o.OpenModelThreadGroup: Terminating thread org.apache.jmeter.threads.JMeterThread@2b76f46e
2026-10-08 22:38:18,538 INFO o.a.j.t.JMeterThread: Stopping: Intake ramp 1-1305
2026-10-08 22:38:18,538 WARN o.a.j.t.JMeterThread: Interrupting: Intake ramp 1-1305 sampler: POST /tickets
2026-10-08 22:38:18,538 INFO o.a.j.t.o.OpenModelThreadGroup: Terminating thread org.apache.jmeter.threads.JMeterThread@3fcbce4
2026-10-08 22:38:18,538 INFO o.a.j.t.JMeterThread: Stopping: Intake ramp 1-1306
2026-10-08 22:38:18,538 WARN o.a.j.t.JMeterThread: Interrupting: Intake ramp 1-1306 sampler: POST /tickets
2026-10-08 22:38:18,538 INFO o.a.j.t.JMeterThread: Thread is done: Intake ramp 1-1466
2026-10-08 22:38:18,538 INFO o.a.j.t.JMeterThread: Thread finished: Intake ramp 1-1466
2026-10-08 22:38:18,538 INFO o.a.j.t.o.OpenModelThreadGroup: Terminating thread org.apache.jmeter.threads.JMeterThread@6284b59c
2026-10-08 22:38:18,538 INFO o.a.j.t.JMeterThread: Stopping: Intake ramp 1-1373
2026-10-08 22:38:18,538 WARN o.a.j.t.JMeterThread: Interrupting: Intake ramp 1-1373 sampler: POST /tickets
2026-10-08 22:38:18,539 INFO o.a.j.t.JMeterThread: Thread is done: Intake ramp 1-1234
2026-10-08 22:38:18,539 INFO o.a.j.t.JMeterThread: Thread finished: Intake ramp 1-1234
2026-10-08 22:38:18,539 INFO o.a.j.t.o.OpenModelThreadGroup: Terminating thread org.apache.jmeter.threads.JMeterThread@6bca64d1
2026-10-08 22:38:18,539 INFO o.a.j.t.JMeterThread: Stopping: Intake ramp 1-1572
2026-10-08 22:38:18,539 WARN o.a.j.t.JMeterThread: Interrupting: Intake ramp 1-1572 sampler: POST /tickets
2026-10-08 22:38:18,539 INFO o.a.j.t.o.OpenModelThreadGroup: Terminating thread org.apache.jmeter.threads.JMeterThread@47b820a4
2026-10-08 22:38:18,539 INFO o.a.j.t.JMeterThread: Stopping: Intake ramp 1-1214
2026-10-08 22:38:18,539 WARN o.a.j.t.JMeterThread: Interrupting: Intake ramp 1-1214 sampler: POST /tickets
2026-10-08 22:38:18,539 INFO o.a.j.t.o.OpenModelThreadGroup: Terminating thread org.apache.jmeter.threads.JMeterThread@27539c4e
2026-10-08 22:38:18,539 INFO o.a.j.t.JMeterThread: Stopping: Intake ramp 1-1569
2026-10-08 22:38:18,539 WARN o.a.j.t.JMeterThread: Interrupting: Intake ramp 1-1569 sampler: POST /tickets
2026-10-08 22:38:18,539 INFO o.a.j.t.JMeterThread: Thread is done: Intake ramp 1-1455
2026-10-08 22:38:18,539 INFO o.a.j.t.JMeterThread: Thread finished: Intake ramp 1-1455
2026-10-08 22:38:18,539 INFO o.a.j.t.o.OpenModelThreadGroup: Terminating thread org.apache.jmeter.threads.JMeterThread@38f10fee
2026-10-08 22:38:18,539 INFO o.a.j.t.JMeterThread: Stopping: Intake ramp 1-1451
2026-10-08 22:38:18,539 INFO o.a.j.t.JMeterThread: Thread is done: Intake ramp 1-1462
2026-10-08 22:38:18,539 INFO o.a.j.t.JMeterThread: Thread finished: Intake ramp 1-1462
2026-10-08 22:38:18,539 WARN o.a.j.t.JMeterThread: Interrupting: Intake ramp 1-1451 sampler: POST /tickets
2026-10-08 22:38:18,539 INFO o.a.j.t.JMeterThread: Thread is done: Intake ramp 1-1306
2026-10-08 22:38:18,539 INFO o.a.j.t.JMeterThread: Thread finished: Intake ramp 1-1306
2026-10-08 22:38:18,539 INFO o.a.j.t.o.OpenModelThreadGroup: Terminating thread org.apache.jmeter.threads.JMeterThread@1137e217
2026-10-08 22:38:18,539 INFO o.a.j.t.JMeterThread: Thread is done: Intake ramp 1-1373
2026-10-08 22:38:18,539 INFO o.a.j.t.JMeterThread: Thread is done: Intake ramp 1-1572
2026-10-08 22:38:18,539 INFO o.a.j.t.JMeterThread: Thread is done: Intake ramp 1-1305
2026-10-08 22:38:18,539 INFO o.a.j.t.JMeterThread: Thread finished: Intake ramp 1-1572
2026-10-08 22:38:18,539 INFO o.a.j.t.JMeterThread: Thread finished: Intake ramp 1-1373
2026-10-08 22:38:18,539 INFO o.a.j.t.JMeterThread: Thread finished: Intake ramp 1-1305
2026-10-08 22:38:18,539 INFO o.a.j.t.JMeterThread: Thread is done: Intake ramp 1-1214
2026-10-08 22:38:18,539 INFO o.a.j.t.JMeterThread: Stopping: Intake ramp 1-1554
2026-10-08 22:38:18,539 INFO o.a.j.t.JMeterThread: Thread finished: Intake ramp 1-1214
2026-10-08 22:38:18,539 WARN o.a.j.t.JMeterThread: Interrupting: Intake ramp 1-1554 sampler: POST /tickets
2026-10-08 22:38:18,539 INFO o.a.j.t.JMeterThread: Thread is done: Intake ramp 1-1569
2026-10-08 22:38:18,539 INFO o.a.j.t.JMeterThread: Thread finished: Intake ramp 1-1569
2026-10-08 22:38:18,539 INFO o.a.j.t.o.OpenModelThreadGroup: Terminating thread org.apache.jmeter.threads.JMeterThread@605f6779
2026-10-08 22:38:18,539 INFO o.a.j.t.JMeterThread: Stopping: Intake ramp 1-1193
2026-10-08 22:38:18,539 WARN o.a.j.t.JMeterThread: Interrupting: Intake ramp 1-1193 sampler: POST /tickets
2026-10-08 22:38:18,539 INFO o.a.j.t.o.OpenModelThreadGroup: Terminating thread org.apache.jmeter.threads.JMeterThread@718ff6a6
2026-10-08 22:38:18,539 INFO o.a.j.t.JMeterThread: Stopping: Intake ramp 1-1307
2026-10-08 22:38:18,539 INFO o.a.j.t.JMeterThread: Thread is done: Intake ramp 1-1451
2026-10-08 22:38:18,539 INFO o.a.j.t.JMeterThread: Thread finished: Intake ramp 1-1451
2026-10-08 22:38:18,539 WARN o.a.j.t.JMeterThread: Interrupting: Intake ramp 1-1307 sampler: POST /tickets
2026-10-08 22:38:18,539 INFO o.a.j.t.o.OpenModelThreadGroup: Terminating thread org.apache.jmeter.threads.JMeterThread@3120b60e
2026-10-08 22:38:18,539 INFO o.a.j.t.JMeterThread: Stopping: Intake ramp 1-1354
2026-10-08 22:38:18,539 WARN o.a.j.t.JMeterThread: Interrupting: Intake ramp 1-1354 sampler: POST /tickets
2026-10-08 22:38:18,540 INFO o.a.j.t.o.OpenModelThreadGroup: Terminating thread org.apache.jmeter.threads.JMeterThread@2c638352
2026-10-08 22:38:18,540 INFO o.a.j.t.JMeterThread: Stopping: Intake ramp 1-1243
2026-10-08 22:38:18,540 WARN o.a.j.t.JMeterThread: Interrupting: Intake ramp 1-1243 sampler: POST /tickets
2026-10-08 22:38:18,540 INFO o.a.j.t.o.OpenModelThreadGroup: Terminating thread org.apache.jmeter.threads.JMeterThread@226ce55d
2026-10-08 22:38:18,540 INFO o.a.j.t.JMeterThread: Stopping: Intake ramp 1-1255
2026-10-08 22:38:18,540 WARN o.a.j.t.JMeterThread: Interrupting: Intake ramp 1-1255 sampler: POST /tickets
2026-10-08 22:38:18,540 INFO o.a.j.t.JMeterThread: Thread is done: Intake ramp 1-1193
2026-10-08 22:38:18,540 INFO o.a.j.t.JMeterThread: Thread finished: Intake ramp 1-1193
2026-10-08 22:38:18,540 INFO o.a.j.t.o.OpenModelThreadGroup: Terminating thread org.apache.jmeter.threads.JMeterThread@5fb32cf
2026-10-08 22:38:18,540 INFO o.a.j.t.JMeterThread: Thread is done: Intake ramp 1-1554
2026-10-08 22:38:18,540 INFO o.a.j.t.JMeterThread: Stopping: Intake ramp 1-1143
2026-10-08 22:38:18,540 INFO o.a.j.t.JMeterThread: Thread finished: Intake ramp 1-1554
2026-10-08 22:38:18,540 WARN o.a.j.t.JMeterThread: Interrupting: Intake ramp 1-1143 sampler: POST /tickets
2026-10-08 22:38:18,540 INFO o.a.j.t.o.OpenModelThreadGroup: Terminating thread org.apache.jmeter.threads.JMeterThread@27cdf0f9
2026-10-08 22:38:18,540 INFO o.a.j.t.JMeterThread: Stopping: Intake ramp 1-1410
2026-10-08 22:38:18,540 WARN o.a.j.t.JMeterThread: Interrupting: Intake ramp 1-1410 sampler: POST /tickets
2026-10-08 22:38:18,540 INFO o.a.j.t.JMeterThread: Thread is done: Intake ramp 1-1307
2026-10-08 22:38:18,540 INFO o.a.j.t.JMeterThread: Thread finished: Intake ramp 1-1307
2026-10-08 22:38:18,540 INFO o.a.j.t.o.OpenModelThreadGroup: Terminating thread org.apache.jmeter.threads.JMeterThread@1ad8bdef
2026-10-08 22:38:18,540 INFO o.a.j.t.JMeterThread: Stopping: Intake ramp 1-1325
2026-10-08 22:38:18,540 WARN o.a.j.t.JMeterThread: Interrupting: Intake ramp 1-1325 sampler: POST /tickets
2026-10-08 22:38:18,540 INFO o.a.j.t.o.OpenModelThreadGroup: Terminating thread org.apache.jmeter.threads.JMeterThread@5b8894bf
2026-10-08 22:38:18,540 INFO o.a.j.t.JMeterThread: Stopping: Intake ramp 1-1488
2026-10-08 22:38:18,540 WARN o.a.j.t.JMeterThread: Interrupting: Intake ramp 1-1488 sampler: POST /tickets
2026-10-08 22:38:18,540 INFO o.a.j.t.o.OpenModelThreadGroup: Terminating thread org.apache.jmeter.threads.JMeterThread@71b25689
2026-10-08 22:38:18,540 INFO o.a.j.t.JMeterThread: Stopping: Intake ramp 1-1189
2026-10-08 22:38:18,540 WARN o.a.j.t.JMeterThread: Interrupting: Intake ramp 1-1189 sampler: POST /tickets
2026-10-08 22:38:18,540 INFO o.a.j.t.JMeterThread: Thread is done: Intake ramp 1-1243
2026-10-08 22:38:18,540 INFO o.a.j.t.JMeterThread: Thread is done: Intake ramp 1-1354
2026-10-08 22:38:18,540 INFO o.a.j.t.JMeterThread: Thread is done: Intake ramp 1-1255
2026-10-08 22:38:18,540 INFO o.a.j.t.JMeterThread: Thread finished: Intake ramp 1-1243
2026-10-08 22:38:18,540 INFO o.a.j.t.JMeterThread: Thread finished: Intake ramp 1-1354
2026-10-08 22:38:18,540 INFO o.a.j.t.JMeterThread: Thread finished: Intake ramp 1-1255
2026-10-08 22:38:18,540 INFO o.a.j.t.o.OpenModelThreadGroup: Terminating thread org.apache.jmeter.threads.JMeterThread@6d26a61d
2026-10-08 22:38:18,540 INFO o.a.j.t.JMeterThread: Stopping: Intake ramp 1-1341
2026-10-08 22:38:18,540 WARN o.a.j.t.JMeterThread: Interrupting: Intake ramp 1-1341 sampler: POST /tickets
2026-10-08 22:38:18,540 INFO o.a.j.t.JMeterThread: Thread is done: Intake ramp 1-1143
2026-10-08 22:38:18,540 INFO o.a.j.t.JMeterThread: Thread finished: Intake ramp 1-1143
2026-10-08 22:38:18,540 INFO o.a.j.t.o.OpenModelThreadGroup: Terminating thread org.apache.jmeter.threads.JMeterThread@46232918
2026-10-08 22:38:18,540 INFO o.a.j.t.JMeterThread: Stopping: Intake ramp 1-1432
2026-10-08 22:38:18,540 WARN o.a.j.t.JMeterThread: Interrupting: Intake ramp 1-1432 sampler: POST /tickets
2026-10-08 22:38:18,540 INFO o.a.j.t.o.OpenModelThreadGroup: Terminating thread org.apache.jmeter.threads.JMeterThread@1050e76d
2026-10-08 22:38:18,540 INFO o.a.j.t.JMeterThread: Thread is done: Intake ramp 1-1410
2026-10-08 22:38:18,540 INFO o.a.j.t.JMeterThread: Stopping: Intake ramp 1-1188
2026-10-08 22:38:18,540 INFO o.a.j.t.JMeterThread: Thread finished: Intake ramp 1-1410
2026-10-08 22:38:18,540 INFO o.a.j.t.JMeterThread: Thread is done: Intake ramp 1-1325
2026-10-08 22:38:18,540 INFO o.a.j.t.JMeterThread: Thread is done: Intake ramp 1-1488
2026-10-08 22:38:18,540 INFO o.a.j.t.JMeterThread: Thread finished: Intake ramp 1-1325
2026-10-08 22:38:18,540 WARN o.a.j.t.JMeterThread: Interrupting: Intake ramp 1-1188 sampler: POST /tickets
2026-10-08 22:38:18,540 INFO o.a.j.t.JMeterThread: Thread is done: Intake ramp 1-1189
2026-10-08 22:38:18,541 INFO o.a.j.t.JMeterThread: Thread finished: Intake ramp 1-1488
2026-10-08 22:38:18,541 INFO o.a.j.t.JMeterThread: Thread finished: Intake ramp 1-1189
2026-10-08 22:38:18,541 INFO o.a.j.t.o.OpenModelThreadGroup: Terminating thread org.apache.jmeter.threads.JMeterThread@3ce757d8
2026-10-08 22:38:18,541 INFO o.a.j.t.JMeterThread: Stopping: Intake ramp 1-1299
2026-10-08 22:38:18,541 INFO o.a.j.t.JMeterThread: Thread is done: Intake ramp 1-1341
2026-10-08 22:38:18,541 WARN o.a.j.t.JMeterThread: Interrupting: Intake ramp 1-1299 sampler: POST /tickets
2026-10-08 22:38:18,541 INFO o.a.j.t.JMeterThread: Thread finished: Intake ramp 1-1341
2026-10-08 22:38:18,541 INFO o.a.j.t.JMeterThread: Thread is done: Intake ramp 1-1432
2026-10-08 22:38:18,541 INFO o.a.j.t.JMeterThread: Thread finished: Intake ramp 1-1432
2026-10-08 22:38:18,541 INFO o.a.j.t.o.OpenModelThreadGroup: Terminating thread org.apache.jmeter.threads.JMeterThread@4d03d641
2026-10-08 22:38:18,541 INFO o.a.j.t.JMeterThread: Stopping: Intake ramp 1-1610
2026-10-08 22:38:18,541 WARN o.a.j.t.JMeterThread: Interrupting: Intake ramp 1-1610 sampler: POST /tickets
2026-10-08 22:38:18,541 INFO o.a.j.t.o.OpenModelThreadGroup: Terminating thread org.apache.jmeter.threads.JMeterThread@46b79df4
2026-10-08 22:38:18,541 INFO o.a.j.t.JMeterThread: Thread is done: Intake ramp 1-1188
2026-10-08 22:38:18,541 INFO o.a.j.t.JMeterThread: Thread finished: Intake ramp 1-1188
2026-10-08 22:38:18,541 INFO o.a.j.t.JMeterThread: Stopping: Intake ramp 1-1198
2026-10-08 22:38:18,541 WARN o.a.j.t.JMeterThread: Interrupting: Intake ramp 1-1198 sampler: POST /tickets
2026-10-08 22:38:18,541 INFO o.a.j.t.o.OpenModelThreadGroup: Terminating thread org.apache.jmeter.threads.JMeterThread@23efe0ab
2026-10-08 22:38:18,541 INFO o.a.j.t.JMeterThread: Stopping: Intake ramp 1-1330
2026-10-08 22:38:18,541 WARN o.a.j.t.JMeterThread: Interrupting: Intake ramp 1-1330 sampler: POST /tickets
2026-10-08 22:38:18,541 INFO o.a.j.t.JMeterThread: Thread is done: Intake ramp 1-1299
2026-10-08 22:38:18,541 INFO o.a.j.t.JMeterThread: Thread finished: Intake ramp 1-1299
2026-10-08 22:38:18,541 INFO o.a.j.t.o.OpenModelThreadGroup: Terminating thread org.apache.jmeter.threads.JMeterThread@63add8e8
2026-10-08 22:38:18,541 INFO o.a.j.t.JMeterThread: Stopping: Intake ramp 1-1229
2026-10-08 22:38:18,541 WARN o.a.j.t.JMeterThread: Interrupting: Intake ramp 1-1229 sampler: POST /tickets
2026-10-08 22:38:18,541 INFO o.a.j.t.JMeterThread: Thread is done: Intake ramp 1-1610
2026-10-08 22:38:18,541 INFO o.a.j.t.JMeterThread: Thread finished: Intake ramp 1-1610
2026-10-08 22:38:18,541 INFO o.a.j.t.o.OpenModelThreadGroup: Terminating thread org.apache.jmeter.threads.JMeterThread@14a47bec
2026-10-08 22:38:18,541 INFO o.a.j.t.JMeterThread: Stopping: Intake ramp 1-1149
2026-10-08 22:38:18,541 WARN o.a.j.t.JMeterThread: Interrupting: Intake ramp 1-1149 sampler: POST /tickets
2026-10-08 22:38:18,541 INFO o.a.j.t.o.OpenModelThreadGroup: Terminating thread org.apache.jmeter.threads.JMeterThread@169211da
2026-10-08 22:38:18,541 INFO o.a.j.t.JMeterThread: Stopping: Intake ramp 1-1407
2026-10-08 22:38:18,541 WARN o.a.j.t.JMeterThread: Interrupting: Intake ramp 1-1407 sampler: POST /tickets
2026-10-08 22:38:18,541 INFO o.a.j.t.o.OpenModelThreadGroup: Terminating thread org.apache.jmeter.threads.JMeterThread@1710dc5b
2026-10-08 22:38:18,541 INFO o.a.j.t.JMeterThread: Stopping: Intake ramp 1-1216
2026-10-08 22:38:18,541 WARN o.a.j.t.JMeterThread: Interrupting: Intake ramp 1-1216 sampler: POST /tickets
2026-10-08 22:38:18,541 INFO o.a.j.t.o.OpenModelThreadGroup: Terminating thread org.apache.jmeter.threads.JMeterThread@6aceb180
2026-10-08 22:38:18,541 INFO o.a.j.t.JMeterThread: Stopping: Intake ramp 1-1177
2026-10-08 22:38:18,541 WARN o.a.j.t.JMeterThread: Interrupting: Intake ramp 1-1177 sampler: POST /tickets
2026-10-08 22:38:18,541 INFO o.a.j.t.o.OpenModelThreadGroup: Terminating thread org.apache.jmeter.threads.JMeterThread@674e6800
2026-10-08 22:38:18,541 INFO o.a.j.t.JMeterThread: Stopping: Intake ramp 1-1421
2026-10-08 22:38:18,541 WARN o.a.j.t.JMeterThread: Interrupting: Intake ramp 1-1421 sampler: POST /tickets
2026-10-08 22:38:18,541 INFO o.a.j.t.JMeterThread: Thread is done: Intake ramp 1-1198
2026-10-08 22:38:18,541 INFO o.a.j.t.JMeterThread: Thread finished: Intake ramp 1-1198
2026-10-08 22:38:18,541 INFO o.a.j.t.o.OpenModelThreadGroup: Terminating thread org.apache.jmeter.threads.JMeterThread@7f14bc42
2026-10-08 22:38:18,541 INFO o.a.j.t.JMeterThread: Thread is done: Intake ramp 1-1330
2026-10-08 22:38:18,541 INFO o.a.j.t.JMeterThread: Stopping: Intake ramp 1-1261
2026-10-08 22:38:18,541 INFO o.a.j.t.JMeterThread: Thread finished: Intake ramp 1-1330
2026-10-08 22:38:18,541 WARN o.a.j.t.JMeterThread: Interrupting: Intake ramp 1-1261 sampler: POST /tickets
2026-10-08 22:38:18,541 INFO o.a.j.t.o.OpenModelThreadGroup: Terminating thread org.apache.jmeter.threads.JMeterThread@1a200179
2026-10-08 22:38:18,541 INFO o.a.j.t.JMeterThread: Stopping: Intake ramp 1-1482
2026-10-08 22:38:18,541 WARN o.a.j.t.JMeterThread: Interrupting: Intake ramp 1-1482 sampler: POST /tickets
2026-10-08 22:38:18,541 INFO o.a.j.t.o.OpenModelThreadGroup: Terminating thread org.apache.jmeter.threads.JMeterThread@7c8e6fd4
2026-10-08 22:38:18,541 INFO o.a.j.t.JMeterThread: Stopping: Intake ramp 1-1242
2026-10-08 22:38:18,541 WARN o.a.j.t.JMeterThread: Interrupting: Intake ramp 1-1242 sampler: POST /tickets
2026-10-08 22:38:18,541 INFO o.a.j.t.o.OpenModelThreadGroup: Terminating thread org.apache.jmeter.threads.JMeterThread@4dc10a9d
2026-10-08 22:38:18,541 INFO o.a.j.t.JMeterThread: Stopping: Intake ramp 1-1537
2026-10-08 22:38:18,541 WARN o.a.j.t.JMeterThread: Interrupting: Intake ramp 1-1537 sampler: POST /tickets
2026-10-08 22:38:18,541 INFO o.a.j.t.JMeterThread: Thread is done: Intake ramp 1-1229
2026-10-08 22:38:18,541 INFO o.a.j.t.o.OpenModelThreadGroup: Terminating thread org.apache.jmeter.threads.JMeterThread@7708ac55
2026-10-08 22:38:18,541 INFO o.a.j.t.JMeterThread: Thread finished: Intake ramp 1-1229
2026-10-08 22:38:18,541 INFO o.a.j.t.JMeterThread: Stopping: Intake ramp 1-1266
2026-10-08 22:38:18,541 INFO o.a.j.t.JMeterThread: Thread is done: Intake ramp 1-1407
2026-10-08 22:38:18,541 INFO o.a.j.t.JMeterThread: Thread is done: Intake ramp 1-1149
2026-10-08 22:38:18,541 INFO o.a.j.t.JMeterThread: Thread is done: Intake ramp 1-1216
2026-10-08 22:38:18,541 INFO o.a.j.t.JMeterThread: Thread finished: Intake ramp 1-1149
2026-10-08 22:38:18,541 INFO o.a.j.t.JMeterThread: Thread finished: Intake ramp 1-1216
2026-10-08 22:38:18,541 WARN o.a.j.t.JMeterThread: Interrupting: Intake ramp 1-1266 sampler: POST /tickets
2026-10-08 22:38:18,541 INFO o.a.j.t.JMeterThread: Thread finished: Intake ramp 1-1407
2026-10-08 22:38:18,541 INFO o.a.j.t.o.OpenModelThreadGroup: Terminating thread org.apache.jmeter.threads.JMeterThread@3ecc8dad
2026-10-08 22:38:18,541 INFO o.a.j.t.JMeterThread: Stopping: Intake ramp 1-1170
2026-10-08 22:38:18,541 WARN o.a.j.t.JMeterThread: Interrupting: Intake ramp 1-1170 sampler: POST /tickets
2026-10-08 22:38:18,541 INFO o.a.j.t.JMeterThread: Thread is done: Intake ramp 1-1177
2026-10-08 22:38:18,541 INFO o.a.j.t.JMeterThread: Thread is done: Intake ramp 1-1421
2026-10-08 22:38:18,541 INFO o.a.j.t.o.OpenModelThreadGroup: Terminating thread org.apache.jmeter.threads.JMeterThread@ad31db2
2026-10-08 22:38:18,541 INFO o.a.j.t.JMeterThread: Thread finished: Intake ramp 1-1177
2026-10-08 22:38:18,541 INFO o.a.j.t.JMeterThread: Thread finished: Intake ramp 1-1421
2026-10-08 22:38:18,541 INFO o.a.j.t.JMeterThread: Stopping: Intake ramp 1-1501
2026-10-08 22:38:18,543 WARN o.a.j.t.JMeterThread: Interrupting: Intake ramp 1-1501 sampler: POST /tickets
2026-10-08 22:38:18,543 INFO o.a.j.t.o.OpenModelThreadGroup: Terminating thread org.apache.jmeter.threads.JMeterThread@10f7cb95
2026-10-08 22:38:18,543 INFO o.a.j.t.JMeterThread: Thread is done: Intake ramp 1-1482
2026-10-08 22:38:18,543 INFO o.a.j.t.JMeterThread: Stopping: Intake ramp 1-1367
2026-10-08 22:38:18,543 INFO o.a.j.t.JMeterThread: Thread finished: Intake ramp 1-1482
2026-10-08 22:38:18,543 INFO o.a.j.t.JMeterThread: Thread is done: Intake ramp 1-1261
2026-10-08 22:38:18,543 INFO o.a.j.t.JMeterThread: Thread is done: Intake ramp 1-1242
2026-10-08 22:38:18,543 INFO o.a.j.t.JMeterThread: Thread finished: Intake ramp 1-1242
2026-10-08 22:38:18,543 INFO o.a.j.t.JMeterThread: Thread is done: Intake ramp 1-1537
2026-10-08 22:38:18,543 INFO o.a.j.t.JMeterThread: Thread finished: Intake ramp 1-1261
2026-10-08 22:38:18,543 WARN o.a.j.t.JMeterThread: Interrupting: Intake ramp 1-1367 sampler: POST /tickets
2026-10-08 22:38:18,543 INFO o.a.j.t.JMeterThread: Thread finished: Intake ramp 1-1537
2026-10-08 22:38:18,543 INFO o.a.j.t.JMeterThread: Thread is done: Intake ramp 1-1266
2026-10-08 22:38:18,543 INFO o.a.j.t.o.OpenModelThreadGroup: Terminating thread org.apache.jmeter.threads.JMeterThread@62c011a3
2026-10-08 22:38:18,543 INFO o.a.j.t.JMeterThread: Stopping: Intake ramp 1-1153
2026-10-08 22:38:18,543 INFO o.a.j.t.JMeterThread: Thread finished: Intake ramp 1-1266
2026-10-08 22:38:18,543 WARN o.a.j.t.JMeterThread: Interrupting: Intake ramp 1-1153 sampler: POST /tickets
2026-10-08 22:38:18,543 INFO o.a.j.t.JMeterThread: Thread is done: Intake ramp 1-1170
2026-10-08 22:38:18,543 INFO o.a.j.t.JMeterThread: Thread finished: Intake ramp 1-1170
2026-10-08 22:38:18,543 INFO o.a.j.t.JMeterThread: Thread is done: Intake ramp 1-1501
2026-10-08 22:38:18,543 INFO o.a.j.t.JMeterThread: Thread finished: Intake ramp 1-1501
2026-10-08 22:38:18,543 INFO o.a.j.t.o.OpenModelThreadGroup: Terminating thread org.apache.jmeter.threads.JMeterThread@1c04eb6c
2026-10-08 22:38:18,543 INFO o.a.j.t.JMeterThread: Stopping: Intake ramp 1-1513
2026-10-08 22:38:18,543 WARN o.a.j.t.JMeterThread: Interrupting: Intake ramp 1-1513 sampler: POST /tickets
2026-10-08 22:38:18,543 INFO o.a.j.t.o.OpenModelThreadGroup: Terminating thread org.apache.jmeter.threads.JMeterThread@52c549ac
2026-10-08 22:38:18,543 INFO o.a.j.t.JMeterThread: Stopping: Intake ramp 1-1506
2026-10-08 22:38:18,543 WARN o.a.j.t.JMeterThread: Interrupting: Intake ramp 1-1506 sampler: POST /tickets
2026-10-08 22:38:18,543 INFO o.a.j.t.JMeterThread: Thread is done: Intake ramp 1-1367
2026-10-08 22:38:18,543 INFO o.a.j.t.JMeterThread: Thread finished: Intake ramp 1-1367
2026-10-08 22:38:18,543 INFO o.a.j.t.o.OpenModelThreadGroup: Terminating thread org.apache.jmeter.threads.JMeterThread@3cf7679c
2026-10-08 22:38:18,543 INFO o.a.j.t.JMeterThread: Stopping: Intake ramp 1-1336
2026-10-08 22:38:18,543 WARN o.a.j.t.JMeterThread: Interrupting: Intake ramp 1-1336 sampler: POST /tickets
2026-10-08 22:38:18,543 INFO o.a.j.t.JMeterThread: Thread is done: Intake ramp 1-1153
2026-10-08 22:38:18,543 INFO o.a.j.t.o.OpenModelThreadGroup: Terminating thread org.apache.jmeter.threads.JMeterThread@1cbfa3d4
2026-10-08 22:38:18,543 INFO o.a.j.t.JMeterThread: Thread finished: Intake ramp 1-1153
2026-10-08 22:38:18,543 INFO o.a.j.t.JMeterThread: Stopping: Intake ramp 1-1348
2026-10-08 22:38:18,543 WARN o.a.j.t.JMeterThread: Interrupting: Intake ramp 1-1348 sampler: POST /tickets
2026-10-08 22:38:18,543 INFO o.a.j.t.JMeterThread: Thread is done: Intake ramp 1-1513
2026-10-08 22:38:18,543 INFO o.a.j.t.o.OpenModelThreadGroup: Terminating thread org.apache.jmeter.threads.JMeterThread@4e22fd4f
2026-10-08 22:38:18,543 INFO o.a.j.t.JMeterThread: Thread finished: Intake ramp 1-1513
2026-10-08 22:38:18,543 INFO o.a.j.t.JMeterThread: Stopping: Intake ramp 1-1211
2026-10-08 22:38:18,544 WARN o.a.j.t.JMeterThread: Interrupting: Intake ramp 1-1211 sampler: POST /tickets
2026-10-08 22:38:18,544 INFO o.a.j.t.o.OpenModelThreadGroup: Terminating thread org.apache.jmeter.threads.JMeterThread@578120ec
2026-10-08 22:38:18,544 INFO o.a.j.t.JMeterThread: Stopping: Intake ramp 1-1502
2026-10-08 22:38:18,544 WARN o.a.j.t.JMeterThread: Interrupting: Intake ramp 1-1502 sampler: POST /tickets
2026-10-08 22:38:18,544 INFO o.a.j.t.o.OpenModelThreadGroup: Terminating thread org.apache.jmeter.threads.JMeterThread@d4eee3a
2026-10-08 22:38:18,544 INFO o.a.j.t.JMeterThread: Stopping: Intake ramp 1-1270
2026-10-08 22:38:18,544 WARN o.a.j.t.JMeterThread: Interrupting: Intake ramp 1-1270 sampler: POST /tickets
2026-10-08 22:38:18,544 INFO o.a.j.t.JMeterThread: Thread is done: Intake ramp 1-1506
2026-10-08 22:38:18,544 INFO o.a.j.t.JMeterThread: Thread finished: Intake ramp 1-1506
2026-10-08 22:38:18,544 INFO o.a.j.t.o.OpenModelThreadGroup: Terminating thread org.apache.jmeter.threads.JMeterThread@683f9f4b
2026-10-08 22:38:18,544 INFO o.a.j.t.JMeterThread: Stopping: Intake ramp 1-1570
2026-10-08 22:38:18,544 WARN o.a.j.t.JMeterThread: Interrupting: Intake ramp 1-1570 sampler: POST /tickets
2026-10-08 22:38:18,544 INFO o.a.j.t.o.OpenModelThreadGroup: Terminating thread org.apache.jmeter.threads.JMeterThread@1aeda596
2026-10-08 22:38:18,544 INFO o.a.j.t.JMeterThread: Stopping: Intake ramp 1-1449
2026-10-08 22:38:18,544 WARN o.a.j.t.JMeterThread: Interrupting: Intake ramp 1-1449 sampler: POST /tickets
2026-10-08 22:38:18,544 INFO o.a.j.t.o.OpenModelThreadGroup: Terminating thread org.apache.jmeter.threads.JMeterThread@52ebd3
2026-10-08 22:38:18,544 INFO o.a.j.t.JMeterThread: Stopping: Intake ramp 1-1276
2026-10-08 22:38:18,544 WARN o.a.j.t.JMeterThread: Interrupting: Intake ramp 1-1276 sampler: POST /tickets
2026-10-08 22:38:18,544 INFO o.a.j.t.JMeterThread: Thread is done: Intake ramp 1-1336
2026-10-08 22:38:18,544 INFO o.a.j.t.JMeterThread: Thread finished: Intake ramp 1-1336
2026-10-08 22:38:18,544 INFO o.a.j.t.o.OpenModelThreadGroup: Terminating thread org.apache.jmeter.threads.JMeterThread@75d40a56
2026-10-08 22:38:18,544 INFO o.a.j.t.JMeterThread: Thread is done: Intake ramp 1-1348
2026-10-08 22:38:18,544 INFO o.a.j.t.JMeterThread: Stopping: Intake ramp 1-1606
2026-10-08 22:38:18,544 INFO o.a.j.t.JMeterThread: Thread finished: Intake ramp 1-1348
2026-10-08 22:38:18,544 WARN o.a.j.t.JMeterThread: Interrupting: Intake ramp 1-1606 sampler: POST /tickets
2026-10-08 22:38:18,544 INFO o.a.j.t.JMeterThread: Thread is done: Intake ramp 1-1211
2026-10-08 22:38:18,544 INFO o.a.j.t.o.OpenModelThreadGroup: Terminating thread org.apache.jmeter.threads.JMeterThread@2b4528c1
2026-10-08 22:38:18,544 INFO o.a.j.t.JMeterThread: Thread finished: Intake ramp 1-1211
2026-10-08 22:38:18,544 INFO o.a.j.t.JMeterThread: Stopping: Intake ramp 1-1161
2026-10-08 22:38:18,544 WARN o.a.j.t.JMeterThread: Interrupting: Intake ramp 1-1161 sampler: POST /tickets
2026-10-08 22:38:18,544 INFO o.a.j.t.JMeterThread: Thread is done: Intake ramp 1-1502
2026-10-08 22:38:18,544 INFO o.a.j.t.o.OpenModelThreadGroup: Terminating thread org.apache.jmeter.threads.JMeterThread@7da20224
2026-10-08 22:38:18,544 INFO o.a.j.t.JMeterThread: Thread is done: Intake ramp 1-1570
2026-10-08 22:38:18,544 INFO o.a.j.t.JMeterThread: Stopping: Intake ramp 1-1278
2026-10-08 22:38:18,544 WARN o.a.j.t.JMeterThread: Interrupting: Intake ramp 1-1278 sampler: POST /tickets
2026-10-08 22:38:18,544 INFO o.a.j.t.JMeterThread: Thread finished: Intake ramp 1-1502
2026-10-08 22:38:18,544 INFO o.a.j.t.JMeterThread: Thread is done: Intake ramp 1-1276
2026-10-08 22:38:18,544 INFO o.a.j.t.JMeterThread: Thread finished: Intake ramp 1-1570
2026-10-08 22:38:18,544 INFO o.a.j.t.JMeterThread: Thread finished: Intake ramp 1-1276
2026-10-08 22:38:18,544 INFO o.a.j.t.JMeterThread: Thread is done: Intake ramp 1-1270
2026-10-08 22:38:18,544 INFO o.a.j.t.JMeterThread: Thread finished: Intake ramp 1-1270
2026-10-08 22:38:18,544 INFO o.a.j.t.JMeterThread: Thread is done: Intake ramp 1-1449
2026-10-08 22:38:18,544 INFO o.a.j.t.JMeterThread: Thread finished: Intake ramp 1-1449
2026-10-08 22:38:18,544 INFO o.a.j.t.JMeterThread: Thread is done: Intake ramp 1-1606
2026-10-08 22:38:18,544 INFO o.a.j.t.o.OpenModelThreadGroup: Terminating thread org.apache.jmeter.threads.JMeterThread@5d26c2a0
2026-10-08 22:38:18,544 INFO o.a.j.t.JMeterThread: Thread finished: Intake ramp 1-1606
2026-10-08 22:38:18,544 INFO o.a.j.t.JMeterThread: Stopping: Intake ramp 1-1528
2026-10-08 22:38:18,544 WARN o.a.j.t.JMeterThread: Interrupting: Intake ramp 1-1528 sampler: POST /tickets
2026-10-08 22:38:18,544 INFO o.a.j.t.JMeterThread: Thread is done: Intake ramp 1-1161
2026-10-08 22:38:18,544 INFO o.a.j.t.JMeterThread: Thread finished: Intake ramp 1-1161
2026-10-08 22:38:18,544 INFO o.a.j.t.o.OpenModelThreadGroup: Terminating thread org.apache.jmeter.threads.JMeterThread@56a56122
2026-10-08 22:38:18,544 INFO o.a.j.t.JMeterThread: Stopping: Intake ramp 1-1545
2026-10-08 22:38:18,544 WARN o.a.j.t.JMeterThread: Interrupting: Intake ramp 1-1545 sampler: POST /tickets
2026-10-08 22:38:18,544 INFO o.a.j.t.o.OpenModelThreadGroup: Terminating thread org.apache.jmeter.threads.JMeterThread@286c9beb
2026-10-08 22:38:18,544 INFO o.a.j.t.JMeterThread: Thread is done: Intake ramp 1-1278
2026-10-08 22:38:18,545 INFO o.a.j.t.JMeterThread: Stopping: Intake ramp 1-1576
2026-10-08 22:38:18,545 INFO o.a.j.t.JMeterThread: Thread finished: Intake ramp 1-1278
2026-10-08 22:38:18,545 WARN o.a.j.t.JMeterThread: Interrupting: Intake ramp 1-1576 sampler: POST /tickets
2026-10-08 22:38:18,545 INFO o.a.j.t.o.OpenModelThreadGroup: Terminating thread org.apache.jmeter.threads.JMeterThread@317f4af3
2026-10-08 22:38:18,545 INFO o.a.j.t.JMeterThread: Stopping: Intake ramp 1-1240
2026-10-08 22:38:18,545 WARN o.a.j.t.JMeterThread: Interrupting: Intake ramp 1-1240 sampler: POST /tickets
2026-10-08 22:38:18,545 INFO o.a.j.t.JMeterThread: Thread is done: Intake ramp 1-1528
2026-10-08 22:38:18,545 INFO o.a.j.t.JMeterThread: Thread finished: Intake ramp 1-1528
2026-10-08 22:38:18,545 INFO o.a.j.t.o.OpenModelThreadGroup: Terminating thread org.apache.jmeter.threads.JMeterThread@38d1cb5d
2026-10-08 22:38:18,545 INFO o.a.j.t.JMeterThread: Stopping: Intake ramp 1-1556
2026-10-08 22:38:18,545 WARN o.a.j.t.JMeterThread: Interrupting: Intake ramp 1-1556 sampler: POST /tickets
2026-10-08 22:38:18,545 INFO o.a.j.t.JMeterThread: Thread is done: Intake ramp 1-1545
2026-10-08 22:38:18,545 INFO o.a.j.t.JMeterThread: Thread finished: Intake ramp 1-1545
2026-10-08 22:38:18,545 INFO o.a.j.t.o.OpenModelThreadGroup: Terminating thread org.apache.jmeter.threads.JMeterThread@4b3044bd
2026-10-08 22:38:18,545 INFO o.a.j.t.JMeterThread: Stopping: Intake ramp 1-1349
2026-10-08 22:38:18,545 WARN o.a.j.t.JMeterThread: Interrupting: Intake ramp 1-1349 sampler: POST /tickets
2026-10-08 22:38:18,545 INFO o.a.j.t.o.OpenModelThreadGroup: Terminating thread org.apache.jmeter.threads.JMeterThread@24bc7f31
2026-10-08 22:38:18,545 INFO o.a.j.t.JMeterThread: Stopping: Intake ramp 1-1403
2026-10-08 22:38:18,545 WARN o.a.j.t.JMeterThread: Interrupting: Intake ramp 1-1403 sampler: POST /tickets
2026-10-08 22:38:18,545 INFO o.a.j.t.JMeterThread: Thread is done: Intake ramp 1-1240
2026-10-08 22:38:18,545 INFO o.a.j.t.JMeterThread: Thread is done: Intake ramp 1-1576
2026-10-08 22:38:18,545 INFO o.a.j.t.JMeterThread: Thread finished: Intake ramp 1-1576
2026-10-08 22:38:18,545 INFO o.a.j.t.JMeterThread: Thread finished: Intake ramp 1-1240
2026-10-08 22:38:18,545 INFO o.a.j.t.o.OpenModelThreadGroup: Terminating thread org.apache.jmeter.threads.JMeterThread@37ecb062
2026-10-08 22:38:18,545 INFO o.a.j.t.JMeterThread: Thread is done: Intake ramp 1-1556
2026-10-08 22:38:18,545 INFO o.a.j.t.JMeterThread: Stopping: Intake ramp 1-1392
2026-10-08 22:38:18,545 INFO o.a.j.t.JMeterThread: Thread finished: Intake ramp 1-1556
2026-10-08 22:38:18,545 WARN o.a.j.t.JMeterThread: Interrupting: Intake ramp 1-1392 sampler: POST /tickets
2026-10-08 22:38:18,545 INFO o.a.j.t.o.OpenModelThreadGroup: Terminating thread org.apache.jmeter.threads.JMeterThread@44578fc6
2026-10-08 22:38:18,545 INFO o.a.j.t.JMeterThread: Thread is done: Intake ramp 1-1349
2026-10-08 22:38:18,545 INFO o.a.j.t.JMeterThread: Stopping: Intake ramp 1-1516
2026-10-08 22:38:18,545 INFO o.a.j.t.JMeterThread: Thread finished: Intake ramp 1-1349
2026-10-08 22:38:18,545 WARN o.a.j.t.JMeterThread: Interrupting: Intake ramp 1-1516 sampler: POST /tickets
2026-10-08 22:38:18,545 INFO o.a.j.t.o.OpenModelThreadGroup: Terminating thread org.apache.jmeter.threads.JMeterThread@680a0798
2026-10-08 22:38:18,545 INFO o.a.j.t.JMeterThread: Stopping: Intake ramp 1-1265
2026-10-08 22:38:18,545 WARN o.a.j.t.JMeterThread: Interrupting: Intake ramp 1-1265 sampler: POST /tickets
2026-10-08 22:38:18,545 INFO o.a.j.t.o.OpenModelThreadGroup: Terminating thread org.apache.jmeter.threads.JMeterThread@12f41167
2026-10-08 22:38:18,545 INFO o.a.j.t.JMeterThread: Stopping: Intake ramp 1-1508
2026-10-08 22:38:18,545 WARN o.a.j.t.JMeterThread: Interrupting: Intake ramp 1-1508 sampler: POST /tickets
2026-10-08 22:38:18,545 INFO o.a.j.t.o.OpenModelThreadGroup: Terminating thread org.apache.jmeter.threads.JMeterThread@3dad9a3e
2026-10-08 22:38:18,545 INFO o.a.j.t.JMeterThread: Stopping: Intake ramp 1-1552
2026-10-08 22:38:18,545 WARN o.a.j.t.JMeterThread: Interrupting: Intake ramp 1-1552 sampler: POST /tickets
2026-10-08 22:38:18,546 INFO o.a.j.t.JMeterThread: Thread is done: Intake ramp 1-1403
2026-10-08 22:38:18,546 INFO o.a.j.t.JMeterThread: Thread finished: Intake ramp 1-1403
2026-10-08 22:38:18,546 INFO o.a.j.t.JMeterThread: Thread is done: Intake ramp 1-1392
2026-10-08 22:38:18,546 INFO o.a.j.t.o.OpenModelThreadGroup: Terminating thread org.apache.jmeter.threads.JMeterThread@1ed8214d
2026-10-08 22:38:18,546 INFO o.a.j.t.JMeterThread: Thread finished: Intake ramp 1-1392
2026-10-08 22:38:18,546 INFO o.a.j.t.JMeterThread: Stopping: Intake ramp 1-1220
2026-10-08 22:38:18,546 WARN o.a.j.t.JMeterThread: Interrupting: Intake ramp 1-1220 sampler: POST /tickets
2026-10-08 22:38:18,546 INFO o.a.j.t.o.OpenModelThreadGroup: Terminating thread org.apache.jmeter.threads.JMeterThread@463b55ae
2026-10-08 22:38:18,546 INFO o.a.j.t.JMeterThread: Stopping: Intake ramp 1-1221
2026-10-08 22:38:18,546 WARN o.a.j.t.JMeterThread: Interrupting: Intake ramp 1-1221 sampler: POST /tickets
2026-10-08 22:38:18,546 INFO o.a.j.t.o.OpenModelThreadGroup: Terminating thread org.apache.jmeter.threads.JMeterThread@3fac8839
2026-10-08 22:38:18,546 INFO o.a.j.t.JMeterThread: Stopping: Intake ramp 1-1281
2026-10-08 22:38:18,546 WARN o.a.j.t.JMeterThread: Interrupting: Intake ramp 1-1281 sampler: POST /tickets
2026-10-08 22:38:18,546 INFO o.a.j.t.JMeterThread: Thread is done: Intake ramp 1-1516
2026-10-08 22:38:18,546 INFO o.a.j.t.JMeterThread: Thread finished: Intake ramp 1-1516
2026-10-08 22:38:18,546 INFO o.a.j.t.JMeterThread: Thread is done: Intake ramp 1-1265
2026-10-08 22:38:18,546 INFO o.a.j.t.o.OpenModelThreadGroup: Terminating thread org.apache.jmeter.threads.JMeterThread@197782ea
2026-10-08 22:38:18,546 INFO o.a.j.t.JMeterThread: Thread finished: Intake ramp 1-1265
2026-10-08 22:38:18,546 INFO o.a.j.t.JMeterThread: Thread is done: Intake ramp 1-1552
2026-10-08 22:38:18,546 INFO o.a.j.t.JMeterThread: Thread finished: Intake ramp 1-1552
2026-10-08 22:38:18,546 INFO o.a.j.t.JMeterThread: Stopping: Intake ramp 1-1586
2026-10-08 22:38:18,546 WARN o.a.j.t.JMeterThread: Interrupting: Intake ramp 1-1586 sampler: POST /tickets
2026-10-08 22:38:18,546 INFO o.a.j.t.JMeterThread: Thread is done: Intake ramp 1-1508
2026-10-08 22:38:18,546 INFO o.a.j.t.JMeterThread: Thread is done: Intake ramp 1-1220
2026-10-08 22:38:18,546 INFO o.a.j.t.JMeterThread: Thread finished: Intake ramp 1-1220
2026-10-08 22:38:18,546 INFO o.a.j.t.JMeterThread: Thread finished: Intake ramp 1-1508
2026-10-08 22:38:18,546 INFO o.a.j.t.o.OpenModelThreadGroup: Terminating thread org.apache.jmeter.threads.JMeterThread@6d9ba204
2026-10-08 22:38:18,546 INFO o.a.j.t.JMeterThread: Stopping: Intake ramp 1-1267
2026-10-08 22:38:18,546 WARN o.a.j.t.JMeterThread: Interrupting: Intake ramp 1-1267 sampler: POST /tickets
2026-10-08 22:38:18,546 INFO o.a.j.t.JMeterThread: Thread is done: Intake ramp 1-1221
2026-10-08 22:38:18,546 INFO o.a.j.t.JMeterThread: Thread finished: Intake ramp 1-1221
2026-10-08 22:38:18,546 INFO o.a.j.t.o.OpenModelThreadGroup: Terminating thread org.apache.jmeter.threads.JMeterThread@1b6124c1
2026-10-08 22:38:18,546 INFO o.a.j.t.JMeterThread: Stopping: Intake ramp 1-1377
2026-10-08 22:38:18,546 WARN o.a.j.t.JMeterThread: Interrupting: Intake ramp 1-1377 sampler: POST /tickets
2026-10-08 22:38:18,546 INFO o.a.j.t.JMeterThread: Thread is done: Intake ramp 1-1281
2026-10-08 22:38:18,546 INFO o.a.j.t.JMeterThread: Thread finished: Intake ramp 1-1281
2026-10-08 22:38:18,546 INFO o.a.j.t.o.OpenModelThreadGroup: Terminating thread org.apache.jmeter.threads.JMeterThread@4d1ae2bf
2026-10-08 22:38:18,546 INFO o.a.j.t.JMeterThread: Stopping: Intake ramp 1-1358
2026-10-08 22:38:18,546 WARN o.a.j.t.JMeterThread: Interrupting: Intake ramp 1-1358 sampler: POST /tickets
2026-10-08 22:38:18,546 INFO o.a.j.t.JMeterThread: Thread is done: Intake ramp 1-1586
2026-10-08 22:38:18,546 INFO o.a.j.t.o.OpenModelThreadGroup: Terminating thread org.apache.jmeter.threads.JMeterThread@68c0c367
2026-10-08 22:38:18,546 INFO o.a.j.t.JMeterThread: Stopping: Intake ramp 1-1249
2026-10-08 22:38:18,546 INFO o.a.j.t.JMeterThread: Thread finished: Intake ramp 1-1586
2026-10-08 22:38:18,546 WARN o.a.j.t.JMeterThread: Interrupting: Intake ramp 1-1249 sampler: POST /tickets
2026-10-08 22:38:18,546 INFO o.a.j.t.o.OpenModelThreadGroup: Terminating thread org.apache.jmeter.threads.JMeterThread@544a8be5
2026-10-08 22:38:18,546 INFO o.a.j.t.JMeterThread: Stopping: Intake ramp 1-1624
2026-10-08 22:38:18,546 WARN o.a.j.t.JMeterThread: Interrupting: Intake ramp 1-1624 sampler: POST /tickets
2026-10-08 22:38:18,546 INFO o.a.j.t.o.OpenModelThreadGroup: Terminating thread org.apache.jmeter.threads.JMeterThread@1704bcb5
2026-10-08 22:38:18,546 INFO o.a.j.t.JMeterThread: Stopping: Intake ramp 1-1365
2026-10-08 22:38:18,546 WARN o.a.j.t.JMeterThread: Interrupting: Intake ramp 1-1365 sampler: POST /tickets
2026-10-08 22:38:18,546 INFO o.a.j.t.o.OpenModelThreadGroup: Terminating thread org.apache.jmeter.threads.JMeterThread@327d2dcc
2026-10-08 22:38:18,546 INFO o.a.j.t.JMeterThread: Stopping: Intake ramp 1-1443
2026-10-08 22:38:18,546 WARN o.a.j.t.JMeterThread: Interrupting: Intake ramp 1-1443 sampler: POST /tickets
2026-10-08 22:38:18,546 INFO o.a.j.t.JMeterThread: Thread is done: Intake ramp 1-1377
2026-10-08 22:38:18,546 INFO o.a.j.t.o.OpenModelThreadGroup: Terminating thread org.apache.jmeter.threads.JMeterThread@122f419d
2026-10-08 22:38:18,546 INFO o.a.j.t.JMeterThread: Stopping: Intake ramp 1-1181
2026-10-08 22:38:18,546 INFO o.a.j.t.JMeterThread: Thread finished: Intake ramp 1-1377
2026-10-08 22:38:18,546 WARN o.a.j.t.JMeterThread: Interrupting: Intake ramp 1-1181 sampler: POST /tickets
2026-10-08 22:38:18,546 INFO o.a.j.t.JMeterThread: Thread is done: Intake ramp 1-1267
2026-10-08 22:38:18,546 INFO o.a.j.t.o.OpenModelThreadGroup: Terminating thread org.apache.jmeter.threads.JMeterThread@36c54d70
2026-10-08 22:38:18,546 INFO o.a.j.t.JMeterThread: Thread finished: Intake ramp 1-1267
2026-10-08 22:38:18,546 INFO o.a.j.t.JMeterThread: Stopping: Intake ramp 1-1595
2026-10-08 22:38:18,546 WARN o.a.j.t.JMeterThread: Interrupting: Intake ramp 1-1595 sampler: POST /tickets
2026-10-08 22:38:18,547 INFO o.a.j.t.JMeterThread: Thread is done: Intake ramp 1-1358
2026-10-08 22:38:18,547 INFO o.a.j.t.JMeterThread: Thread finished: Intake ramp 1-1358
2026-10-08 22:38:18,547 INFO o.a.j.t.JMeterThread: Thread is done: Intake ramp 1-1249
2026-10-08 22:38:18,547 INFO o.a.j.t.JMeterThread: Thread finished: Intake ramp 1-1249
2026-10-08 22:38:18,547 INFO o.a.j.t.o.OpenModelThreadGroup: Terminating thread org.apache.jmeter.threads.JMeterThread@66ab551c
2026-10-08 22:38:18,547 INFO o.a.j.t.JMeterThread: Stopping: Intake ramp 1-1434
2026-10-08 22:38:18,547 WARN o.a.j.t.JMeterThread: Interrupting: Intake ramp 1-1434 sampler: POST /tickets
2026-10-08 22:38:18,547 INFO o.a.j.t.o.OpenModelThreadGroup: Terminating thread org.apache.jmeter.threads.JMeterThread@6ba61c1e
2026-10-08 22:38:18,547 INFO o.a.j.t.JMeterThread: Stopping: Intake ramp 1-1319
2026-10-08 22:38:18,547 WARN o.a.j.t.JMeterThread: Interrupting: Intake ramp 1-1319 sampler: POST /tickets
2026-10-08 22:38:18,547 INFO o.a.j.t.JMeterThread: Thread is done: Intake ramp 1-1365
2026-10-08 22:38:18,547 INFO o.a.j.t.JMeterThread: Thread is done: Intake ramp 1-1443
2026-10-08 22:38:18,547 INFO o.a.j.t.JMeterThread: Thread finished: Intake ramp 1-1365
2026-10-08 22:38:18,547 INFO o.a.j.t.JMeterThread: Thread is done: Intake ramp 1-1624
2026-10-08 22:38:18,547 INFO o.a.j.t.JMeterThread: Thread finished: Intake ramp 1-1624
2026-10-08 22:38:18,547 INFO o.a.j.t.JMeterThread: Thread finished: Intake ramp 1-1443
2026-10-08 22:38:18,547 INFO o.a.j.t.JMeterThread: Thread is done: Intake ramp 1-1181
2026-10-08 22:38:18,547 INFO o.a.j.t.JMeterThread: Thread finished: Intake ramp 1-1181
2026-10-08 22:38:18,547 INFO o.a.j.t.o.OpenModelThreadGroup: Terminating thread org.apache.jmeter.threads.JMeterThread@d2c5a94
2026-10-08 22:38:18,547 INFO o.a.j.t.JMeterThread: Stopping: Intake ramp 1-1491
2026-10-08 22:38:18,547 INFO o.a.j.t.JMeterThread: Thread is done: Intake ramp 1-1595
2026-10-08 22:38:18,547 WARN o.a.j.t.JMeterThread: Interrupting: Intake ramp 1-1491 sampler: POST /tickets
2026-10-08 22:38:18,547 INFO o.a.j.t.JMeterThread: Thread finished: Intake ramp 1-1595
2026-10-08 22:38:18,547 INFO o.a.j.t.o.OpenModelThreadGroup: Terminating thread org.apache.jmeter.threads.JMeterThread@2f9a045a
2026-10-08 22:38:18,547 INFO o.a.j.t.JMeterThread: Stopping: Intake ramp 1-1260
2026-10-08 22:38:18,547 WARN o.a.j.t.JMeterThread: Interrupting: Intake ramp 1-1260 sampler: POST /tickets
2026-10-08 22:38:18,547 INFO o.a.j.t.o.OpenModelThreadGroup: Terminating thread org.apache.jmeter.threads.JMeterThread@6e7b81bb
2026-10-08 22:38:18,547 INFO o.a.j.t.JMeterThread: Stopping: Intake ramp 1-1507
2026-10-08 22:38:18,547 WARN o.a.j.t.JMeterThread: Interrupting: Intake ramp 1-1507 sampler: POST /tickets
2026-10-08 22:38:18,547 INFO o.a.j.t.JMeterThread: Thread is done: Intake ramp 1-1434
2026-10-08 22:38:18,547 INFO o.a.j.t.o.OpenModelThreadGroup: Terminating thread org.apache.jmeter.threads.JMeterThread@3c55db96
2026-10-08 22:38:18,547 INFO o.a.j.t.JMeterThread: Stopping: Intake ramp 1-1425
2026-10-08 22:38:18,547 INFO o.a.j.t.JMeterThread: Thread finished: Intake ramp 1-1434
2026-10-08 22:38:18,547 WARN o.a.j.t.JMeterThread: Interrupting: Intake ramp 1-1425 sampler: POST /tickets
2026-10-08 22:38:18,547 INFO o.a.j.t.JMeterThread: Thread is done: Intake ramp 1-1319
2026-10-08 22:38:18,547 INFO o.a.j.t.JMeterThread: Thread finished: Intake ramp 1-1319
2026-10-08 22:38:18,547 INFO o.a.j.t.o.OpenModelThreadGroup: Terminating thread org.apache.jmeter.threads.JMeterThread@31136ed7
2026-10-08 22:38:18,547 INFO o.a.j.t.JMeterThread: Stopping: Intake ramp 1-1246
2026-10-08 22:38:18,547 WARN o.a.j.t.JMeterThread: Interrupting: Intake ramp 1-1246 sampler: POST /tickets
2026-10-08 22:38:18,547 INFO o.a.j.t.o.OpenModelThreadGroup: Terminating thread org.apache.jmeter.threads.JMeterThread@77458081
2026-10-08 22:38:18,547 INFO o.a.j.t.JMeterThread: Stopping: Intake ramp 1-1472
2026-10-08 22:38:18,547 WARN o.a.j.t.JMeterThread: Interrupting: Intake ramp 1-1472 sampler: POST /tickets
2026-10-08 22:38:18,547 INFO o.a.j.t.o.OpenModelThreadGroup: Terminating thread org.apache.jmeter.threads.JMeterThread@48776bb1
2026-10-08 22:38:18,547 INFO o.a.j.t.JMeterThread: Stopping: Intake ramp 1-1309
2026-10-08 22:38:18,547 INFO o.a.j.t.JMeterThread: Thread is done: Intake ramp 1-1491
2026-10-08 22:38:18,547 WARN o.a.j.t.JMeterThread: Interrupting: Intake ramp 1-1309 sampler: POST /tickets
2026-10-08 22:38:18,547 INFO o.a.j.t.JMeterThread: Thread finished: Intake ramp 1-1491
2026-10-08 22:38:18,547 INFO o.a.j.t.o.OpenModelThreadGroup: Terminating thread org.apache.jmeter.threads.JMeterThread@32980550
2026-10-08 22:38:18,547 INFO o.a.j.t.JMeterThread: Stopping: Intake ramp 1-1460
2026-10-08 22:38:18,547 WARN o.a.j.t.JMeterThread: Interrupting: Intake ramp 1-1460 sampler: POST /tickets
2026-10-08 22:38:18,547 INFO o.a.j.t.o.OpenModelThreadGroup: Terminating thread org.apache.jmeter.threads.JMeterThread@6688e542
2026-10-08 22:38:18,547 INFO o.a.j.t.JMeterThread: Stopping: Intake ramp 1-1469
2026-10-08 22:38:18,547 INFO o.a.j.t.JMeterThread: Thread is done: Intake ramp 1-1260
2026-10-08 22:38:18,547 WARN o.a.j.t.JMeterThread: Interrupting: Intake ramp 1-1469 sampler: POST /tickets
2026-10-08 22:38:18,547 INFO o.a.j.t.JMeterThread: Thread is done: Intake ramp 1-1507
2026-10-08 22:38:18,547 INFO o.a.j.t.JMeterThread: Thread finished: Intake ramp 1-1260
2026-10-08 22:38:18,548 INFO o.a.j.t.JMeterThread: Thread finished: Intake ramp 1-1507
2026-10-08 22:38:18,548 INFO o.a.j.t.JMeterThread: Thread is done: Intake ramp 1-1425
2026-10-08 22:38:18,548 INFO o.a.j.t.o.OpenModelThreadGroup: Terminating thread org.apache.jmeter.threads.JMeterThread@730a7cc1
2026-10-08 22:38:18,548 INFO o.a.j.t.JMeterThread: Thread finished: Intake ramp 1-1425
2026-10-08 22:38:18,548 INFO o.a.j.t.JMeterThread: Thread is done: Intake ramp 1-1246
2026-10-08 22:38:18,548 INFO o.a.j.t.JMeterThread: Thread finished: Intake ramp 1-1246
2026-10-08 22:38:18,548 INFO o.a.j.t.JMeterThread: Thread is done: Intake ramp 1-1309
2026-10-08 22:38:18,548 INFO o.a.j.t.JMeterThread: Stopping: Intake ramp 1-1619
2026-10-08 22:38:18,548 INFO o.a.j.t.JMeterThread: Thread finished: Intake ramp 1-1309
2026-10-08 22:38:18,548 WARN o.a.j.t.JMeterThread: Interrupting: Intake ramp 1-1619 sampler: POST /tickets
2026-10-08 22:38:18,548 INFO o.a.j.t.JMeterThread: Thread is done: Intake ramp 1-1472
2026-10-08 22:38:18,548 INFO o.a.j.t.JMeterThread: Thread finished: Intake ramp 1-1472
2026-10-08 22:38:18,548 INFO o.a.j.t.JMeterThread: Thread is done: Intake ramp 1-1460
2026-10-08 22:38:18,548 INFO o.a.j.t.JMeterThread: Thread finished: Intake ramp 1-1460
2026-10-08 22:38:18,548 INFO o.a.j.t.JMeterThread: Thread is done: Intake ramp 1-1469
2026-10-08 22:38:18,548 INFO o.a.j.t.JMeterThread: Thread finished: Intake ramp 1-1469
2026-10-08 22:38:18,548 INFO o.a.j.t.o.OpenModelThreadGroup: Terminating thread org.apache.jmeter.threads.JMeterThread@2d8a1e46
2026-10-08 22:38:18,548 INFO o.a.j.t.JMeterThread: Stopping: Intake ramp 1-1254
2026-10-08 22:38:18,548 WARN o.a.j.t.JMeterThread: Interrupting: Intake ramp 1-1254 sampler: POST /tickets
2026-10-08 22:38:18,548 INFO o.a.j.t.o.OpenModelThreadGroup: Terminating thread org.apache.jmeter.threads.JMeterThread@45f9f62c
2026-10-08 22:38:18,548 INFO o.a.j.t.JMeterThread: Stopping: Intake ramp 1-1559
2026-10-08 22:38:18,548 WARN o.a.j.t.JMeterThread: Interrupting: Intake ramp 1-1559 sampler: POST /tickets
2026-10-08 22:38:18,548 INFO o.a.j.t.JMeterThread: Thread is done: Intake ramp 1-1619
2026-10-08 22:38:18,548 INFO o.a.j.t.JMeterThread: Thread finished: Intake ramp 1-1619
2026-10-08 22:38:18,548 INFO o.a.j.t.o.OpenModelThreadGroup: Terminating thread org.apache.jmeter.threads.JMeterThread@4c94c342
2026-10-08 22:38:18,548 INFO o.a.j.t.JMeterThread: Stopping: Intake ramp 1-1163
2026-10-08 22:38:18,548 WARN o.a.j.t.JMeterThread: Interrupting: Intake ramp 1-1163 sampler: POST /tickets
2026-10-08 22:38:18,548 INFO o.a.j.t.o.OpenModelThreadGroup: Terminating thread org.apache.jmeter.threads.JMeterThread@52cbdd1c
2026-10-08 22:38:18,548 INFO o.a.j.t.JMeterThread: Stopping: Intake ramp 1-1387
2026-10-08 22:38:18,548 WARN o.a.j.t.JMeterThread: Interrupting: Intake ramp 1-1387 sampler: POST /tickets
2026-10-08 22:38:18,548 INFO o.a.j.t.o.OpenModelThreadGroup: Terminating thread org.apache.jmeter.threads.JMeterThread@69a7b27e
2026-10-08 22:38:18,548 INFO o.a.j.t.JMeterThread: Thread is done: Intake ramp 1-1254
2026-10-08 22:38:18,548 INFO o.a.j.t.JMeterThread: Stopping: Intake ramp 1-1447
2026-10-08 22:38:18,548 WARN o.a.j.t.JMeterThread: Interrupting: Intake ramp 1-1447 sampler: POST /tickets
2026-10-08 22:38:18,548 INFO o.a.j.t.JMeterThread: Thread finished: Intake ramp 1-1254
2026-10-08 22:38:18,548 INFO o.a.j.t.JMeterThread: Thread is done: Intake ramp 1-1559
2026-10-08 22:38:18,548 INFO o.a.j.t.o.OpenModelThreadGroup: Terminating thread org.apache.jmeter.threads.JMeterThread@c12cbf0
2026-10-08 22:38:18,548 INFO o.a.j.t.JMeterThread: Thread finished: Intake ramp 1-1559
2026-10-08 22:38:18,548 INFO o.a.j.t.JMeterThread: Stopping: Intake ramp 1-1347
2026-10-08 22:38:18,548 WARN o.a.j.t.JMeterThread: Interrupting: Intake ramp 1-1347 sampler: POST /tickets
2026-10-08 22:38:18,548 INFO o.a.j.t.JMeterThread: Thread is done: Intake ramp 1-1163
2026-10-08 22:38:18,548 INFO o.a.j.t.JMeterThread: Thread finished: Intake ramp 1-1163
2026-10-08 22:38:18,548 INFO o.a.j.t.o.OpenModelThreadGroup: Terminating thread org.apache.jmeter.threads.JMeterThread@ecd392f
2026-10-08 22:38:18,548 INFO o.a.j.t.JMeterThread: Stopping: Intake ramp 1-1500
2026-10-08 22:38:18,548 WARN o.a.j.t.JMeterThread: Interrupting: Intake ramp 1-1500 sampler: POST /tickets
2026-10-08 22:38:18,548 INFO o.a.j.t.o.OpenModelThreadGroup: Terminating thread org.apache.jmeter.threads.JMeterThread@31024ee5
2026-10-08 22:38:18,548 INFO o.a.j.t.JMeterThread: Stopping: Intake ramp 1-1282
2026-10-08 22:38:18,548 WARN o.a.j.t.JMeterThread: Interrupting: Intake ramp 1-1282 sampler: POST /tickets
2026-10-08 22:38:18,549 INFO o.a.j.t.o.OpenModelThreadGroup: Terminating thread org.apache.jmeter.threads.JMeterThread@7f2928c1
2026-10-08 22:38:18,549 INFO o.a.j.t.JMeterThread: Stopping: Intake ramp 1-1546
2026-10-08 22:38:18,549 WARN o.a.j.t.JMeterThread: Interrupting: Intake ramp 1-1546 sampler: POST /tickets
2026-10-08 22:38:18,549 INFO o.a.j.t.JMeterThread: Thread is done: Intake ramp 1-1447
2026-10-08 22:38:18,549 INFO o.a.j.t.JMeterThread: Thread finished: Intake ramp 1-1447
2026-10-08 22:38:18,549 INFO o.a.j.t.JMeterThread: Thread is done: Intake ramp 1-1387
2026-10-08 22:38:18,549 INFO o.a.j.t.JMeterThread: Thread finished: Intake ramp 1-1387
2026-10-08 22:38:18,549 INFO o.a.j.t.o.OpenModelThreadGroup: Terminating thread org.apache.jmeter.threads.JMeterThread@4bca0420
2026-10-08 22:38:18,549 INFO o.a.j.t.JMeterThread: Stopping: Intake ramp 1-1592
2026-10-08 22:38:18,549 WARN o.a.j.t.JMeterThread: Interrupting: Intake ramp 1-1592 sampler: POST /tickets
2026-10-08 22:38:18,549 INFO o.a.j.t.o.OpenModelThreadGroup: Terminating thread org.apache.jmeter.threads.JMeterThread@47dbdc36
2026-10-08 22:38:18,549 INFO o.a.j.t.JMeterThread: Stopping: Intake ramp 1-1273
2026-10-08 22:38:18,549 WARN o.a.j.t.JMeterThread: Interrupting: Intake ramp 1-1273 sampler: POST /tickets
2026-10-08 22:38:18,549 INFO o.a.j.t.o.OpenModelThreadGroup: Terminating thread org.apache.jmeter.threads.JMeterThread@5c098bfc
2026-10-08 22:38:18,549 INFO o.a.j.t.JMeterThread: Stopping: Intake ramp 1-1247
2026-10-08 22:38:18,549 WARN o.a.j.t.JMeterThread: Interrupting: Intake ramp 1-1247 sampler: POST /tickets
2026-10-08 22:38:18,549 INFO o.a.j.t.o.OpenModelThreadGroup: Terminating thread org.apache.jmeter.threads.JMeterThread@2a106dea
2026-10-08 22:38:18,549 INFO o.a.j.t.JMeterThread: Stopping: Intake ramp 1-1201
2026-10-08 22:38:18,549 WARN o.a.j.t.JMeterThread: Interrupting: Intake ramp 1-1201 sampler: POST /tickets
2026-10-08 22:38:18,549 INFO o.a.j.t.o.OpenModelThreadGroup: Terminating thread org.apache.jmeter.threads.JMeterThread@7b12e4e9
2026-10-08 22:38:18,549 INFO o.a.j.t.JMeterThread: Stopping: Intake ramp 1-1205
2026-10-08 22:38:18,549 WARN o.a.j.t.JMeterThread: Interrupting: Intake ramp 1-1205 sampler: POST /tickets
2026-10-08 22:38:18,549 INFO o.a.j.t.o.OpenModelThreadGroup: Terminating thread org.apache.jmeter.threads.JMeterThread@47bd0840
2026-10-08 22:38:18,549 INFO o.a.j.t.JMeterThread: Stopping: Intake ramp 1-1614
2026-10-08 22:38:18,549 WARN o.a.j.t.JMeterThread: Interrupting: Intake ramp 1-1614 sampler: POST /tickets
2026-10-08 22:38:18,549 INFO o.a.j.t.o.OpenModelThreadGroup: Terminating thread org.apache.jmeter.threads.JMeterThread@46add152
2026-10-08 22:38:18,549 INFO o.a.j.t.JMeterThread: Stopping: Intake ramp 1-1463
2026-10-08 22:38:18,549 WARN o.a.j.t.JMeterThread: Interrupting: Intake ramp 1-1463 sampler: POST /tickets
2026-10-08 22:38:18,549 INFO o.a.j.t.JMeterThread: Thread is done: Intake ramp 1-1282
2026-10-08 22:38:18,549 INFO o.a.j.t.JMeterThread: Thread finished: Intake ramp 1-1282
2026-10-08 22:38:18,549 INFO o.a.j.t.JMeterThread: Thread is done: Intake ramp 1-1347
2026-10-08 22:38:18,549 INFO o.a.j.t.JMeterThread: Thread finished: Intake ramp 1-1347
2026-10-08 22:38:18,549 INFO o.a.j.t.JMeterThread: Thread is done: Intake ramp 1-1500
2026-10-08 22:38:18,549 INFO o.a.j.t.JMeterThread: Thread finished: Intake ramp 1-1500
2026-10-08 22:38:18,549 INFO o.a.j.t.JMeterThread: Thread is done: Intake ramp 1-1546
2026-10-08 22:38:18,549 INFO o.a.j.t.JMeterThread: Thread finished: Intake ramp 1-1546
2026-10-08 22:38:18,549 INFO o.a.j.t.JMeterThread: Thread is done: Intake ramp 1-1273
2026-10-08 22:38:18,549 INFO o.a.j.t.JMeterThread: Thread finished: Intake ramp 1-1273
2026-10-08 22:38:18,550 INFO o.a.j.t.JMeterThread: Thread is done: Intake ramp 1-1247
2026-10-08 22:38:18,550 INFO o.a.j.t.JMeterThread: Thread finished: Intake ramp 1-1247
2026-10-08 22:38:18,551 INFO o.a.j.t.o.OpenModelThreadGroup: Thread starting done
2026-10-08 22:38:18,552 INFO o.a.j.t.JMeterThread: Thread is done: Intake ramp 1-1201
2026-10-08 22:38:18,552 INFO o.a.j.t.JMeterThread: Thread finished: Intake ramp 1-1201
2026-10-08 22:38:18,552 INFO o.a.j.t.JMeterThread: Thread is done: Intake ramp 1-1205
2026-10-08 22:38:18,552 INFO o.a.j.t.JMeterThread: Thread finished: Intake ramp 1-1205
2026-10-08 22:38:18,552 INFO o.a.j.t.JMeterThread: Thread is done: Intake ramp 1-1592
2026-10-08 22:38:18,552 INFO o.a.j.t.JMeterThread: Thread finished: Intake ramp 1-1592
2026-10-08 22:38:18,553 INFO o.a.j.t.JMeterThread: Thread is done: Intake ramp 1-1614
2026-10-08 22:38:18,553 INFO o.a.j.t.JMeterThread: Thread finished: Intake ramp 1-1614
2026-10-08 22:38:18,554 INFO o.a.j.t.JMeterThread: Thread is done: Intake ramp 1-1463
2026-10-08 22:38:18,554 INFO o.a.j.t.JMeterThread: Thread finished: Intake ramp 1-1463
2026-10-08 22:38:18,559 INFO o.a.j.e.StandardJMeterEngine: Notifying test listeners of end of test
2026-10-08 22:38:18,559 INFO o.a.j.s.FileServer: Close: narratives.txt
2026-10-08 22:38:18,566 INFO o.a.j.r.Summariser: summary +    502 in 00:00:18 =   27.4/s Avg: 301034 Min:   122 Max: 600012 Err:   502 (100.00%) Active: 0 Started: 1624 Finished: 1624
2026-10-08 22:38:18,566 INFO o.a.j.r.Summariser: summary =   1624 in 01:00:00 =    0.5/s Avg: 226390 Min:   122 Max: 600018 Err:   537 (33.07%)
